{
    "display": {
        "name": "Noto Sans Display",
        "fonts": [
            {
                "link": "https://github.com/salute-developers/theme-converter/raw/main/assets/fonts/Noto_Sans_Display/static/NotoSansDisplay-Light.ttf",
                "weight": "light",
                "style": "normal"
            },
            {
                "link": "https://github.com/salute-developers/theme-converter/raw/main/assets/fonts/Noto_Sans_Display/static/NotoSansDisplay-Thin.ttf",
                "weight": "ultralight",
                "style": "normal"
            },
            {
                "link": "https://github.com/salute-developers/theme-converter/raw/main/assets/fonts/Noto_Sans_Display/static/NotoSansDisplay-Bold.ttf",
                "weight": "bold",
                "style": "normal"
            },
            {
                "link": "https://github.com/salute-developers/theme-converter/raw/main/assets/fonts/Noto_Sans_Display/static/NotoSansDisplay-Regular.ttf",
                "weight": "regular",
                "style": "normal"
            },
            {
                "link": "https://github.com/salute-developers/theme-converter/raw/main/assets/fonts/Noto_Sans_Display/static/NotoSansDisplay-SemiBold.ttf",
                "weight": "SemiBold",
                "style": "normal"
            },
            {
                "link": "https://github.com/salute-developers/theme-converter/raw/main/assets/fonts/Noto_Sans_Display/static/NotoSansDisplay-Medium.ttf",
                "weight": "medium",
                "style": "normal"
            }
        ]
    },
    "header": {
        "name": "Noto Sans Display",
        "fonts": [
            {
                "link": "https://github.com/salute-developers/theme-converter/raw/main/assets/fonts/Noto_Sans_Display/static/NotoSansDisplay-Light.ttf",
                "weight": "light",
                "style": "normal"
            },
            {
                "link": "https://github.com/salute-developers/theme-converter/raw/main/assets/fonts/Noto_Sans_Display/static/NotoSansDisplay-Thin.ttf",
                "weight": "ultralight",
                "style": "normal"
            },
            {
                "link": "https://github.com/salute-developers/theme-converter/raw/main/assets/fonts/Noto_Sans_Display/static/NotoSansDisplay-Bold.ttf",
                "weight": "bold",
                "style": "normal"
            },
            {
                "link": "https://github.com/salute-developers/theme-converter/raw/main/assets/fonts/Noto_Sans_Display/static/NotoSansDisplay-Regular.ttf",
                "weight": "regular",
                "style": "normal"
            },
            {
                "link": "https://github.com/salute-developers/theme-converter/raw/main/assets/fonts/Noto_Sans_Display/static/NotoSansDisplay-SemiBold.ttf",
                "weight": "SemiBold",
                "style": "normal"
            },
            {
                "link": "https://github.com/salute-developers/theme-converter/raw/main/assets/fonts/Noto_Sans_Display/static/NotoSansDisplay-Medium.ttf",
                "weight": "medium",
                "style": "normal"
            }
        ]
    },
    "text": {
        "name": "Noto Sans Text",
        "fonts": [
            {
                "link": "https://github.com/salute-developers/theme-converter/raw/main/assets/fonts/Noto_Sans/static/NotoSans-Light.ttf",
                "weight": "light",
                "style": "normal"
            },
            {
                "link": "https://github.com/salute-developers/theme-converter/raw/main/assets/fonts/Noto_Sans/static/NotoSans-Italic.ttf",
                "weight": "regular",
                "style": "italic"
            },
            {
                "link": "https://github.com/salute-developers/theme-converter/raw/main/assets/fonts/Noto_Sans/static/NotoSans-SemiBoldItalic.ttf",
                "weight": "SemiBold",
                "style": "italic"
            },
            {
                "link": "https://github.com/salute-developers/theme-converter/raw/main/assets/fonts/Noto_Sans/static/NotoSans-Thin.ttf",
                "weight": "ultralight",
                "style": "normal"
            },
            {
                "link": "https://github.com/salute-developers/theme-converter/raw/main/assets/fonts/Noto_Sans/static/NotoSans-Regular.ttf",
                "weight": "regular",
                "style": "normal"
            },
            {
                "link": "https://github.com/salute-developers/theme-converter/raw/main/assets/fonts/Noto_Sans/static/NotoSans-SemiBold.ttf",
                "weight": "SemiBold",
                "style": "normal"
            },
            {
                "link": "https://github.com/salute-developers/theme-converter/raw/main/assets/fonts/Noto_Sans/static/NotoSans-LightItalic.ttf",
                "weight": "light",
                "style": "italic"
            },
            {
                "link": "https://github.com/salute-developers/theme-converter/raw/main/assets/fonts/Noto_Sans/static/NotoSans-Bold.ttf",
                "weight": "bold",
                "style": "normal"
            },
            {
                "link": "https://github.com/salute-developers/theme-converter/raw/main/assets/fonts/Noto_Sans/static/NotoSans-BoldItalic.ttf",
                "weight": "bold",
                "style": "italic"
            },
            {
                "link": "https://github.com/salute-developers/theme-converter/raw/main/assets/fonts/Noto_Sans/static/NotoSans-Medium.ttf",
                "weight": "medium",
                "style": "normal"
            }
        ]
    },
    "body": {
        "name": "Noto Sans Text",
        "fonts": [
            {
                "link": "https://github.com/salute-developers/theme-converter/raw/main/assets/fonts/Noto_Sans/static/NotoSans-Light.ttf",
                "weight": "light",
                "style": "normal"
            },
            {
                "link": "https://github.com/salute-developers/theme-converter/raw/main/assets/fonts/Noto_Sans/static/NotoSans-Italic.ttf",
                "weight": "regular",
                "style": "italic"
            },
            {
                "link": "https://github.com/salute-developers/theme-converter/raw/main/assets/fonts/Noto_Sans/static/NotoSans-SemiBoldItalic.ttf",
                "weight": "SemiBold",
                "style": "italic"
            },
            {
                "link": "https://github.com/salute-developers/theme-converter/raw/main/assets/fonts/Noto_Sans/static/NotoSans-Thin.ttf",
                "weight": "ultralight",
                "style": "normal"
            },
            {
                "link": "https://github.com/salute-developers/theme-converter/raw/main/assets/fonts/Noto_Sans/static/NotoSans-Regular.ttf",
                "weight": "regular",
                "style": "normal"
            },
            {
                "link": "https://github.com/salute-developers/theme-converter/raw/main/assets/fonts/Noto_Sans/static/NotoSans-SemiBold.ttf",
                "weight": "SemiBold",
                "style": "normal"
            },
            {
                "link": "https://github.com/salute-developers/theme-converter/raw/main/assets/fonts/Noto_Sans/static/NotoSans-LightItalic.ttf",
                "weight": "light",
                "style": "italic"
            },
            {
                "link": "https://github.com/salute-developers/theme-converter/raw/main/assets/fonts/Noto_Sans/static/NotoSans-Bold.ttf",
                "weight": "bold",
                "style": "normal"
            },
            {
                "link": "https://github.com/salute-developers/theme-converter/raw/main/assets/fonts/Noto_Sans/static/NotoSans-BoldItalic.ttf",
                "weight": "bold",
                "style": "italic"
            },
            {
                "link": "https://github.com/salute-developers/theme-converter/raw/main/assets/fonts/Noto_Sans/static/NotoSans-Medium.ttf",
                "weight": "medium",
                "style": "normal"
            }
        ]
    }
}