{
    "view": {},
    "props": {
        "titleColor": {
            "type": "color",
            "default": "text.default.primary",
            "states": [
                {
                    "state": ["focused"],
                    "value": "text.inverse.primary"
                }
            ]
        },
        "labelColor": {
            "type": "color",
            "default": "text.default.secondary",
            "states": [
                {
                    "state": ["focused"],
                    "value": "text.inverse.secondary"
                }
            ]
        },
        "subtitleColor": {
            "type": "color",
            "default": "text.default.secondary",
            "states": [
                {
                    "state": ["focused"],
                    "value": "text.inverse.secondary"
                }
            ]
        },
        "disclosureIconColor": {
            "type": "color",
            "default": "text.default.secondary",
            "states": [
                {
                    "state": ["focused"],
                    "value": "text.inverse.secondary"
                }
            ]
        },
        "backgroundColor": {
            "type": "color",
            "default": "surface.default.clear",
            "states": [
                {
                    "state": ["focused"],
                    "value": "surface.default.solid-default"
                },
                {
                    "state": ["activated"],
                    "value": "surface.default.transparent-secondary"
                }
            ]
        },
        "disableAlpha": {
            "type": "float",
            "value": 0.4
        }
    },
    "variations": [
        {
            "id": "l",
            "parent": null,
            "props": {
                "shape": {
                    "type": "shape",
                    "value": "round.l",
                    "adjustment": -2
                },
                "height": {
                    "type": "dimension",
                    "value": 56.0
                },
                "contentPaddingEnd": {
                    "type": "dimension",
                    "value": 8.0
                },
                "titleStyle": {
                    "type": "typography",
                    "value": "body.l.bold"
                },
                "labelStyle": {
                    "type": "typography",
                    "value": "body.m.normal"
                },
                "subtitleStyle": {
                    "type": "typography",
                    "value": "body.m.normal"
                },
                "disclosureIcon": {
                    "type": "icon",
                    "value": "disclosure.right.outline.24"
                },
                "paddingStart": {
                    "type": "dimension",
                    "value": 16
                },
                "paddingEnd": {
                    "type": "dimension",
                    "value": 16
                },
                "paddingTop": {
                    "type": "dimension",
                    "value": 16
                },
                "paddingBottom": {
                    "type": "dimension",
                    "value": 16
                }
            }
        },
        {
            "id": "m",
            "parent": null,
            "props": {
                "shape": {
                    "type": "shape",
                    "value": "round.l",
                    "adjustment": -2
                },
                "height": {
                    "type": "dimension",
                    "value": 48.0
                },
                "contentPaddingEnd": {
                    "type": "dimension",
                    "value": 8.0
                },
                "titleStyle": {
                    "type": "typography",
                    "value": "body.m.bold"
                },
                "labelStyle": {
                    "type": "typography",
                    "value": "body.s.normal"
                },
                "subtitleStyle": {
                    "type": "typography",
                    "value": "body.s.normal"
                },
                "disclosureIcon": {
                    "type": "icon",
                    "value": "disclosure.right.outline.24"
                },
                "paddingStart": {
                    "type": "dimension",
                    "value": 14
                },
                "paddingEnd": {
                    "type": "dimension",
                    "value": 14
                },
                "paddingTop": {
                    "type": "dimension",
                    "value": 12
                },
                "paddingBottom": {
                    "type": "dimension",
                    "value": 12
                }
            }
        },
        {
            "id": "s",
            "parent": null,
            "props": {
                "shape": {
                    "type": "shape",
                    "value": "round.m"
                },
                "height": {
                    "type": "dimension",
                    "value": 40.0
                },
                "contentPaddingEnd": {
                    "type": "dimension",
                    "value": 6.0
                },
                "titleStyle": {
                    "type": "typography",
                    "value": "body.s.bold"
                },
                "labelStyle": {
                    "type": "typography",
                    "value": "body.xs.normal"
                },
                "subtitleStyle": {
                    "type": "typography",
                    "value": "body.xs.normal"
                },
                "disclosureIcon": {
                    "type": "icon",
                    "value": "disclosure.right.outline.16"
                },
                "paddingStart": {
                    "type": "dimension",
                    "value": 12
                },
                "paddingEnd": {
                    "type": "dimension",
                    "value": 12
                },
                "paddingTop": {
                    "type": "dimension",
                    "value": 11
                },
                "paddingBottom": {
                    "type": "dimension",
                    "value": 11
                }
            }
        },
        {
            "id": "xs",
            "parent": null,
            "props": {
                "shape": {
                    "type": "shape",
                    "value": "round.m",
                    "adjustment": -2
                },
                "height": {
                    "type": "dimension",
                    "value": 32.0
                },
                "contentPaddingEnd": {
                    "type": "dimension",
                    "value": 6.0
                },
                "titleStyle": {
                    "type": "typography",
                    "value": "body.xs.bold"
                },
                "labelStyle": {
                    "type": "typography",
                    "value": "body.xs.normal"
                },
                "subtitleStyle": {
                    "type": "typography",
                    "value": "body.xs.normal"
                },
                "disclosureIcon": {
                    "type": "icon",
                    "value": "disclosure.right.outline.16"
                },
                "paddingStart": {
                    "type": "dimension",
                    "value": 8
                },
                "paddingEnd": {
                    "type": "dimension",
                    "value": 8
                },
                "paddingTop": {
                    "type": "dimension",
                    "value": 8
                },
                "paddingBottom": {
                    "type": "dimension",
                    "value": 8
                }
            }
        }
    ]
}
