{
    "down.soft.s": {
        "color": "rgba(0, 0, 0, 0.48)",
        "elevation": 8
    },
    "down.soft.m": {
        "color": "rgba(0, 0, 0, 0.64)",
        "elevation": 24
    },
    "down.soft.l": {
        "color": "rgba(0, 0, 0, 0.96)",
        "elevation": 40
    },
    "down.hard.s": {
        "color": "rgba(0, 0, 0, 0.8)",
        "elevation": 16
    },
    "down.hard.m": {
        "color": "rgba(0, 0, 0, 0.96)",
        "elevation": 32
    },
    "down.hard.l": {
        "color": "rgba(0, 0, 0, 1)",
        "elevation": 48
    }
}