{
    "view": {},
    "props": {
        "iconPadding": {
            "type": "dimension",
            "value": 4.0
        },
        "titleColor": {
            "type": "color",
            "default": "text.default.primary"
        },
        "contentTextColor": {
            "type": "color",
            "default": "text.default.primary"
        },
        "backgroundColor": {
            "type": "color",
            "default": "surface.default.solid-card"
        },
        "iconPlacement": {
            "type": "value",
            "value": "start"
        },
        "iconRotation": {
            "type": "float",
            "value": 180.0
        }
    },
    "variations": [
        {
            "id": "xs",
            "parent": null,
            "props": {
                "shape": {
                    "type": "shape",
                    "value": "round.s"
                },
                "paddingStart": {
                    "type": "dimension",
                    "value": 12.0
                },
                "paddingEnd": {
                    "type": "dimension",
                    "value": 12.0
                },
                "paddingTop": {
                    "type": "dimension",
                    "value": 8.0
                },
                "paddingBottom": {
                    "type": "dimension",
                    "value": 8.0
                },
                "contentPaddingStart": {
                    "type": "dimension",
                    "value": 32.0
                },
                "contentPaddingEnd": {
                    "type": "dimension",
                    "value": 12.0
                },
                "contentPaddingBottom": {
                    "type": "dimension",
                    "value": 10.0
                },
                "titleStyle": {
                    "type": "typography",
                    "value": "body.xs.bold"
                },
                "contentTextStyle": {
                    "type": "typography",
                    "value": "body.xs.normal"
                },
                "closedIcon": {
                    "type": "icon",
                    "value": "disclosure.down.fill.16"
                },
                "openedIcon": {
                    "type": "icon",
                    "value": "disclosure.up.fill.16"
                }
            }
        },
        {
            "id": "s",
            "parent": null,
            "props": {
                "shape": {
                    "type": "shape",
                    "value": "round.m",
                    "adjustment": -2
                },
                "paddingStart": {
                    "type": "dimension",
                    "value": 14.0
                },
                "paddingEnd": {
                    "type": "dimension",
                    "value": 14.0
                },
                "paddingTop": {
                    "type": "dimension",
                    "value": 11.0
                },
                "paddingBottom": {
                    "type": "dimension",
                    "value": 11.0
                },
                "contentPaddingStart": {
                    "type": "dimension",
                    "value": 36.0
                },
                "contentPaddingEnd": {
                    "type": "dimension",
                    "value": 14.0
                },
                "contentPaddingBottom": {
                    "type": "dimension",
                    "value": 12.0
                },
                "titleStyle": {
                    "type": "typography",
                    "value": "body.s.bold"
                },
                "contentTextStyle": {
                    "type": "typography",
                    "value": "body.s.normal"
                },
                "closedIcon": {
                    "type": "icon",
                    "value": "disclosure.down.fill.16"
                },
                "openedIcon": {
                    "type": "icon",
                    "value": "disclosure.up.fill.16"
                }
            }
        },
        {
            "id": "m",
            "parent": null,
            "props": {
                "shape": {
                    "type": "shape",
                    "value": "round.m"
                },
                "paddingStart": {
                    "type": "dimension",
                    "value": 18.0
                },
                "paddingEnd": {
                    "type": "dimension",
                    "value": 18.0
                },
                "paddingTop": {
                    "type": "dimension",
                    "value": 14.0
                },
                "paddingBottom": {
                    "type": "dimension",
                    "value": 14.0
                },
                "contentPaddingStart": {
                    "type": "dimension",
                    "value": 40.0
                },
                "contentPaddingEnd": {
                    "type": "dimension",
                    "value": 18.0
                },
                "contentPaddingBottom": {
                    "type": "dimension",
                    "value": 16.0
                },
                "titleStyle": {
                    "type": "typography",
                    "value": "body.m.bold"
                },
                "contentTextStyle": {
                    "type": "typography",
                    "value": "body.m.normal"
                },
                "closedIcon": {
                    "type": "icon",
                    "value": "disclosure.down.fill.16"
                },
                "openedIcon": {
                    "type": "icon",
                    "value": "disclosure.up.fill.16"
                }
            }
        },
        {
            "id": "l",
            "parent": null,
            "props": {
                "shape": {
                    "type": "shape",
                    "value": "round.l",
                    "adjustment": -2
                },
                "paddingStart": {
                    "type": "dimension",
                    "value": 20.0
                },
                "paddingEnd": {
                    "type": "dimension",
                    "value": 20.0
                },
                "paddingTop": {
                    "type": "dimension",
                    "value": 17.0
                },
                "paddingBottom": {
                    "type": "dimension",
                    "value": 17.0
                },
                "contentPaddingStart": {
                    "type": "dimension",
                    "value": 42.0
                },
                "contentPaddingEnd": {
                    "type": "dimension",
                    "value": 20.0
                },
                "contentPaddingBottom": {
                    "type": "dimension",
                    "value": 18.0
                },
                "titleStyle": {
                    "type": "typography",
                    "value": "body.l.bold"
                },
                "contentTextStyle": {
                    "type": "typography",
                    "value": "body.l.normal"
                },
                "closedIcon": {
                    "type": "icon",
                    "value": "disclosure.down.fill.16"
                },
                "openedIcon": {
                    "type": "icon",
                    "value": "disclosure.up.fill.16"
                }
            }
        },
        {
            "id": "h2",
            "parent": null,
            "props": {
                "shape": {
                    "type": "shape",
                    "value": "round.l",
                    "adjustment": -2
                },
                "paddingStart": {
                    "type": "dimension",
                    "value": 18.0
                },
                "paddingEnd": {
                    "type": "dimension",
                    "value": 18.0
                },
                "paddingTop": {
                    "type": "dimension",
                    "value": 16.0
                },
                "paddingBottom": {
                    "type": "dimension",
                    "value": 16.0
                },
                "contentPaddingStart": {
                    "type": "dimension",
                    "value": 52.0
                },
                "contentPaddingEnd": {
                    "type": "dimension",
                    "value": 20.0
                },
                "contentPaddingBottom": {
                    "type": "dimension",
                    "value": 20.0
                },
                "titleStyle": {
                    "type": "typography",
                    "value": "header.h2.bold"
                },
                "contentTextStyle": {
                    "type": "typography",
                    "value": "body.l.normal"
                },
                "closedIcon": {
                    "type": "icon",
                    "value": "disclosure.down.fill.24"
                },
                "openedIcon": {
                    "type": "icon",
                    "value": "disclosure.up.fill.24"
                }
            }
        },
        {
            "id": "h3",
            "parent": null,
            "props": {
                "shape": {
                    "type": "shape",
                    "value": "round.m"
                },
                "paddingStart": {
                    "type": "dimension",
                    "value": 18.0
                },
                "paddingEnd": {
                    "type": "dimension",
                    "value": 18.0
                },
                "paddingTop": {
                    "type": "dimension",
                    "value": 14.0
                },
                "paddingBottom": {
                    "type": "dimension",
                    "value": 14.0
                },
                "contentPaddingStart": {
                    "type": "dimension",
                    "value": 48.0
                },
                "contentPaddingEnd": {
                    "type": "dimension",
                    "value": 18.0
                },
                "contentPaddingBottom": {
                    "type": "dimension",
                    "value": 18.0
                },
                "titleStyle": {
                    "type": "typography",
                    "value": "header.h3.bold"
                },
                "contentTextStyle": {
                    "type": "typography",
                    "value": "body.l.normal"
                },
                "closedIcon": {
                    "type": "icon",
                    "value": "disclosure.down.fill.24"
                },
                "openedIcon": {
                    "type": "icon",
                    "value": "disclosure.up.fill.24"
                }
            }
        },
        {
            "id": "h4",
            "parent": null,
            "props": {
                "shape": {
                    "type": "shape",
                    "value": "round.m",
                    "adjustment": -2
                },
                "paddingStart": {
                    "type": "dimension",
                    "value": 14.0
                },
                "paddingEnd": {
                    "type": "dimension",
                    "value": 14.0
                },
                "paddingTop": {
                    "type": "dimension",
                    "value": 11.0
                },
                "paddingBottom": {
                    "type": "dimension",
                    "value": 11.0
                },
                "contentPaddingStart": {
                    "type": "dimension",
                    "value": 36.0
                },
                "contentPaddingEnd": {
                    "type": "dimension",
                    "value": 14.0
                },
                "contentPaddingBottom": {
                    "type": "dimension",
                    "value": 14.0
                },
                "titleStyle": {
                    "type": "typography",
                    "value": "header.h4.bold"
                },
                "contentTextStyle": {
                    "type": "typography",
                    "value": "body.m.normal"
                },
                "closedIcon": {
                    "type": "icon",
                    "value": "disclosure.down.fill.16"
                },
                "openedIcon": {
                    "type": "icon",
                    "value": "disclosure.up.fill.16"
                }
            }
        },
        {
            "id": "h5",
            "parent": null,
            "props": {
                "shape": {
                    "type": "shape",
                    "value": "round.s"
                },
                "paddingStart": {
                    "type": "dimension",
                    "value": 12.0
                },
                "paddingEnd": {
                    "type": "dimension",
                    "value": 12.0
                },
                "paddingTop": {
                    "type": "dimension",
                    "value": 8.0
                },
                "paddingBottom": {
                    "type": "dimension",
                    "value": 8.0
                },
                "contentPaddingStart": {
                    "type": "dimension",
                    "value": 12.0
                },
                "contentPaddingEnd": {
                    "type": "dimension",
                    "value": 12.0
                },
                "contentPaddingBottom": {
                    "type": "dimension",
                    "value": 12.0
                },
                "titleStyle": {
                    "type": "typography",
                    "value": "header.h5.bold"
                },
                "contentTextStyle": {
                    "type": "typography",
                    "value": "body.m.normal"
                },
                "closedIcon": {
                    "type": "icon",
                    "value": "disclosure.down.fill.16"
                },
                "openedIcon": {
                    "type": "icon",
                    "value": "disclosure.up.fill.16"
                }
            }
        }
    ]
}