{
    "dark.text.default.primary": "#FFFFFFF5",
    "dark.text.default.primary-brightness": "#FFFFFFF5",
    "dark.text.default.secondary": "#FFFFFF8F",
    "dark.text.default.tertiary": "#FFFFFF47",
    "dark.text.default.paragraph": "#FFFFFFCC",
    "dark.text.default.accent": "[general.electricBlue.500]",
    "dark.text.default.positive": "[general.green.500]",
    "dark.text.default.warning": "[general.orange.500]",
    "dark.text.default.negative": "[general.red.500]",
    "dark.text.default.accent-minor": "[general.electricBlue.800]",
    "dark.text.default.accent-minor-hover": "#FFFFFFFF",
    "dark.text.default.accent-minor-active": "#1C62E3FF",
    "dark.text.default.info-hover": "#90B6FEFF",
    "dark.text.default.info-active": "#216EFDFF",
    "dark.text.default.positive-minor": "[general.green.800]",
    "dark.text.default.positive-minor-hover": "#0F9527FF",
    "dark.text.default.positive-minor-active": "#0C7920FF",
    "dark.text.default.warning-minor": "[general.orange.800]",
    "dark.text.default.warning-minor-hover": "#BB4F11FF",
    "dark.text.default.warning-minor-active": "#9F440FFF",
    "dark.text.default.negative-minor": "[general.red.800]",
    "dark.text.default.negative-minor-hover": "#B91828FF",
    "dark.text.default.negative-minor-active": "#83111CFF",
    "dark.text.default.info-minor-hover": "#FFFFFFFF",
    "dark.text.default.info-minor-active": "#1C62E3FF",
    "dark.text.default.info": "[general.electricBlue.500]",
    "dark.text.default.info-minor": "[general.electricBlue.800]",
    "dark.text.default.primary-hover": "#FFFFFF93",
    "dark.text.default.primary-active": "#FFFFFFC4",
    "dark.text.default.secondary-hover": "#FFFFFFFF",
    "dark.text.default.secondary-active": "#FFFFFFAB",
    "dark.text.default.tertiary-hover": "#FFFFFFFF",
    "dark.text.default.tertiary-active": "#FFFFFF56",
    "dark.text.default.paragraph-hover": "#FFFFFF7A",
    "dark.text.default.paragraph-active": "#FFFFFFA3",
    "dark.text.default.accent-hover": "#90B6FEFF",
    "dark.text.default.accent-active": "#216EFDFF",
    "dark.text.default.positive-hover": "#1EB83AFF",
    "dark.text.default.positive-active": "#15842AFF",
    "dark.text.default.warning-hover": "#FB7223FF",
    "dark.text.default.warning-active": "#DC5304FF",
    "dark.text.default.negative-hover": "#FF475AFF",
    "dark.text.default.negative-active": "#FF0A23FF",
    "dark.text.on-dark.primary": "#FFFFFFF5",
    "dark.text.on-dark.primary-brightness": "#FFFFFFF5",
    "dark.text.on-dark.secondary": "#FFFFFF8F",
    "dark.text.on-dark.tertiary": "#FFFFFF47",
    "dark.text.on-dark.paragraph": "#FFFFFFCC",
    "dark.text.on-dark.accent": "[general.electricBlue.500]",
    "dark.text.on-dark.positive": "[general.green.500]",
    "dark.text.on-dark.warning": "[general.orange.500]",
    "dark.text.on-dark.negative": "[general.red.500]",
    "dark.text.on-dark.accent-minor": "[general.electricBlue.800]",
    "dark.text.on-dark.accent-minor-hover": "#FFFFFFFF",
    "dark.text.on-dark.accent-minor-active": "#1C62E3FF",
    "dark.text.on-dark.info-hover": "#90B6FEFF",
    "dark.text.on-dark.info-active": "#216EFDFF",
    "dark.text.on-dark.positive-minor": "[general.green.800]",
    "dark.text.on-dark.positive-minor-hover": "#0F9527FF",
    "dark.text.on-dark.positive-minor-active": "#0C7920FF",
    "dark.text.on-dark.warning-minor": "[general.orange.800]",
    "dark.text.on-dark.warning-minor-hover": "#BB4F11FF",
    "dark.text.on-dark.warning-minor-active": "#9F440FFF",
    "dark.text.on-dark.negative-minor": "[general.red.800]",
    "dark.text.on-dark.negative-minor-hover": "#B91828FF",
    "dark.text.on-dark.negative-minor-active": "#83111CFF",
    "dark.text.on-dark.info-minor-hover": "#FFFFFFFF",
    "dark.text.on-dark.info-minor-active": "#1C62E3FF",
    "dark.text.on-dark.info-minor": "[general.electricBlue.800]",
    "dark.text.on-dark.info": "[general.electricBlue.500]",
    "dark.text.on-dark.primary-hover": "#FFFFFF93",
    "dark.text.on-dark.primary-active": "#FFFFFFC4",
    "dark.text.on-dark.secondary-hover": "#FFFFFFFF",
    "dark.text.on-dark.secondary-active": "#FFFFFFAB",
    "dark.text.on-dark.tertiary-hover": "#FFFFFFFF",
    "dark.text.on-dark.tertiary-active": "#FFFFFF56",
    "dark.text.on-dark.paragraph-hover": "#FFFFFF7A",
    "dark.text.on-dark.paragraph-active": "#FFFFFFA3",
    "dark.text.on-dark.accent-hover": "#90B6FEFF",
    "dark.text.on-dark.accent-active": "#216EFDFF",
    "dark.text.on-dark.positive-hover": "#1EB83AFF",
    "dark.text.on-dark.positive-active": "#15842AFF",
    "dark.text.on-dark.warning-hover": "#FB7223FF",
    "dark.text.on-dark.warning-active": "#DC5304FF",
    "dark.text.on-dark.negative-hover": "#FF475AFF",
    "dark.text.on-dark.negative-active": "#FF0A23FF",
    "dark.text.on-light.primary": "#080808F5",
    "dark.text.on-light.primary-brightness": "#080808F5",
    "dark.text.on-light.secondary": "#0808088F",
    "dark.text.on-light.tertiary": "#08080847",
    "dark.text.on-light.paragraph": "#080808CC",
    "dark.text.on-light.accent": "[general.electricBlue.600]",
    "dark.text.on-light.positive": "[general.green.500]",
    "dark.text.on-light.warning": "[general.orange.500]",
    "dark.text.on-light.accent-minor": "[general.electricBlue.300]",
    "dark.text.on-light.accent-minor-hover": "#DCE8FEFF",
    "dark.text.on-light.accent-minor-active": "#6FA0FBFF",
    "dark.text.on-light.info-hover": "#79A7FBFF",
    "dark.text.on-light.info-active": "#0D5FF8FF",
    "dark.text.on-light.positive-minor": "[general.green.300]",
    "dark.text.on-light.positive-minor-hover": "#3EDA5BFF",
    "dark.text.on-light.positive-minor-active": "#23B83EFF",
    "dark.text.on-light.warning-minor": "[general.orange.300]",
    "dark.text.on-light.warning-minor-hover": "#FDB086FF",
    "dark.text.on-light.warning-minor-active": "#FC884AFF",
    "dark.text.on-light.negative-minor": "[general.red.300]",
    "dark.text.on-light.negative-minor-hover": "#FFADB6FF",
    "dark.text.on-light.negative-minor-active": "#FF707EFF",
    "dark.text.on-light.info-minor-hover": "#DCE8FEFF",
    "dark.text.on-light.info-minor-active": "#6FA0FBFF",
    "dark.text.on-light.negative-hover": "#F5384BFF",
    "dark.text.on-light.negative-active": "#E40C22FF",
    "dark.text.on-light.negative": "[general.red.600]",
    "dark.text.on-light.info": "[general.electricBlue.600]",
    "dark.text.on-light.info-minor": "[general.electricBlue.300]",
    "dark.text.on-light.primary-hover": "#08080893",
    "dark.text.on-light.primary-active": "#080808C4",
    "dark.text.on-light.secondary-hover": "#080808FF",
    "dark.text.on-light.secondary-active": "#080808AB",
    "dark.text.on-light.tertiary-hover": "#080808FF",
    "dark.text.on-light.tertiary-active": "#08080856",
    "dark.text.on-light.paragraph-hover": "#0808087A",
    "dark.text.on-light.paragraph-active": "#080808A3",
    "dark.text.on-light.accent-hover": "#79A7FBFF",
    "dark.text.on-light.accent-active": "#0D5FF8FF",
    "dark.text.on-light.positive-hover": "#1EB83AFF",
    "dark.text.on-light.positive-active": "#15842AFF",
    "dark.text.on-light.warning-hover": "#FB7223FF",
    "dark.text.on-light.warning-active": "#DC5304FF",
    "dark.text.inverse.primary": "#080808F5",
    "dark.text.inverse.primary-brightness": "#080808F5",
    "dark.text.inverse.secondary": "#0808088F",
    "dark.text.inverse.tertiary": "#08080847",
    "dark.text.inverse.paragraph": "#080808CC",
    "dark.text.inverse.accent": "#FFFFFFFF",
    "dark.text.inverse.positive": "#108E25FF",
    "dark.text.inverse.warning": "[general.orange.600]",
    "dark.text.inverse.negative": "#F31B30FF",
    "dark.text.inverse.primary-hover": "#08080893",
    "dark.text.inverse.primary-active": "#080808C4",
    "dark.text.inverse.secondary-hover": "#080808FF",
    "dark.text.inverse.secondary-active": "#080808AB",
    "dark.text.inverse.tertiary-hover": "#080808FF",
    "dark.text.inverse.tertiary-active": "#08080856",
    "dark.text.inverse.paragraph-hover": "#0808087A",
    "dark.text.inverse.paragraph-active": "#080808A3",
    "dark.text.inverse.accent-hover": "#CCCCCCFF",
    "dark.text.inverse.accent-active": "#E6E6E6FF",
    "dark.text.inverse.positive-hover": "#13AA2CFF",
    "dark.text.inverse.positive-active": "#0D731EFF",
    "dark.text.inverse.warning-hover": "#FD650DFF",
    "dark.text.inverse.warning-active": "#CA4B02FF",
    "dark.text.inverse.negative-hover": "#F5384BFF",
    "dark.text.inverse.negative-active": "#E40C22FF",
    "dark.surface.default.solid-primary": "[general.gray.950]",
    "dark.surface.default.solid-primary-brightness": "#262626FF",
    "dark.surface.default.solid-secondary": "[general.gray.900]",
    "dark.surface.default.solid-tertiary": "[general.gray.850]",
    "dark.surface.default.solid-card": "[general.gray.950]",
    "dark.surface.default.solid-card-brightness": "#262626FF",
    "dark.surface.default.transparent-default": "#FFFFFFFF",
    "dark.surface.default.transparent-primary": "#FFFFFF0F",
    "dark.surface.default.transparent-secondary": "#FFFFFF1F",
    "dark.surface.default.transparent-tertiary": "#FFFFFF33",
    "dark.surface.default.transparent-card": "#FFFFFF1F",
    "dark.surface.default.transparent-card-brightness": "#FFFFFF1F",
    "dark.surface.default.accent": "[general.electricBlue.500]",
    "dark.surface.default.positive": "[general.green.500]",
    "dark.surface.default.warning": "[general.orange.500]",
    "dark.surface.default.negative": "[general.red.500]",
    "dark.surface.default.clear": "#FFFFFF00",
    "dark.surface.default.transparent-deep": "#FFFFFFA3",
    "dark.surface.default.transparent-deep-hover": "#FFFFFFC2",
    "dark.surface.default.transparent-deep-active": "#FFFFFF94",
    "dark.surface.default.accent-minor": "[general.electricBlue.900]",
    "dark.surface.default.accent-minor-hover": "#0A2A67FF",
    "dark.surface.default.accent-minor-active": "#071F4BFF",
    "dark.surface.default.transparent-accent": "#3F81FD33",
    "dark.surface.default.transparent-accent-hover": "#3F82FD52",
    "dark.surface.default.transparent-accent-active": "#3F82FD24",
    "dark.surface.default.info-hover": "#5D95FDFF",
    "dark.surface.default.info-active": "#357BFDFF",
    "dark.surface.default.positive-minor": "[general.green.900]",
    "dark.surface.default.positive-minor-hover": "#0E3A16FF",
    "dark.surface.default.positive-minor-active": "#08210CFF",
    "dark.surface.default.warning-minor": "[general.orange.900]",
    "dark.surface.default.warning-minor-hover": "#4F250DFF",
    "dark.surface.default.warning-minor-active": "#351909FF",
    "dark.surface.default.negative-minor": "[general.red.900]",
    "dark.surface.default.negative-minor-hover": "#5B1018FF",
    "dark.surface.default.negative-minor-active": "#410B11FF",
    "dark.surface.default.info-minor-hover": "#0A2A67FF",
    "dark.surface.default.info-minor-active": "#071F4BFF",
    "dark.surface.default.transparent-positive-hover": "#1A9E3252",
    "dark.surface.default.transparent-positive-active": "#1A9E3224",
    "dark.surface.default.transparent-warning-hover": "#FA5F0552",
    "dark.surface.default.transparent-warning-active": "#FA5F0524",
    "dark.surface.default.transparent-negative-hover": "#FF293E52",
    "dark.surface.default.transparent-negative-active": "#FF293E24",
    "dark.surface.default.transparent-info-hover": "#3F82FD52",
    "dark.surface.default.transparent-info-active": "#3F82FD24",
    "dark.surface.default.transparent-positive": "#1A9E3233",
    "dark.surface.default.transparent-warning": "#FA5F0533",
    "dark.surface.default.transparent-negative": "#FF293E33",
    "dark.surface.default.solid-default": "[general.gray.50]",
    "dark.surface.default.solid-default-hover": "#FFFFFFFF",
    "dark.surface.default.solid-default-active": "#F5F5F5FF",
    "dark.surface.default.info": "[general.electricBlue.500]",
    "dark.surface.default.info-minor": "[general.electricBlue.900]",
    "dark.surface.default.transparent-info": "#3F81FD33",
    "dark.surface.default.solid-primary-hover": "#1C1C1CFF",
    "dark.surface.default.solid-primary-active": "#121212FF",
    "dark.surface.default.solid-secondary-hover": "#303030FF",
    "dark.surface.default.solid-secondary-active": "#212121FF",
    "dark.surface.default.solid-tertiary-hover": "#404040FF",
    "dark.surface.default.solid-tertiary-active": "#303030FF",
    "dark.surface.default.solid-card-hover": "#1C1C1CFF",
    "dark.surface.default.solid-card-active": "#121212FF",
    "dark.surface.default.transparent-default-hover": "#FFFFFFFF",
    "dark.surface.default.transparent-default-active": "#FFFFFFFF",
    "dark.surface.default.transparent-primary-hover": "#FFFFFF1F",
    "dark.surface.default.transparent-primary-active": "#FFFFFF0A",
    "dark.surface.default.transparent-secondary-hover": "#FFFFFF3D",
    "dark.surface.default.transparent-secondary-active": "#FFFFFF0F",
    "dark.surface.default.transparent-tertiary-hover": "#FFFFFF52",
    "dark.surface.default.transparent-tertiary-active": "#FFFFFF24",
    "dark.surface.default.transparent-card-hover": "#FFFFFF3D",
    "dark.surface.default.transparent-card-active": "#FFFFFF0F",
    "dark.surface.default.accent-hover": "#5D95FDFF",
    "dark.surface.default.accent-active": "#357BFDFF",
    "dark.surface.default.positive-hover": "#1DAF37FF",
    "dark.surface.default.positive-active": "#18952FFF",
    "dark.surface.default.warning-hover": "#FB7223FF",
    "dark.surface.default.warning-active": "#F05B05FF",
    "dark.surface.default.negative-hover": "#FF475AFF",
    "dark.surface.default.negative-active": "#FF1F35FF",
    "dark.surface.default.clear-hover": "#FFFFFF00",
    "dark.surface.default.clear-active": "#FFFFFF00",
    "dark.surface.on-dark.solid-primary": "[general.gray.950]",
    "dark.surface.on-dark.solid-primary-brightness": "#262626FF",
    "dark.surface.on-dark.solid-secondary": "[general.gray.900]",
    "dark.surface.on-dark.solid-tertiary": "[general.gray.850]",
    "dark.surface.on-dark.solid-card": "[general.gray.950]",
    "dark.surface.on-dark.solid-card-brightness": "#262626FF",
    "dark.surface.on-dark.transparent-default": "#FFFFFFFF",
    "dark.surface.on-dark.transparent-primary": "#FFFFFF0F",
    "dark.surface.on-dark.transparent-secondary": "#FFFFFF1F",
    "dark.surface.on-dark.transparent-tertiary": "#FFFFFF33",
    "dark.surface.on-dark.transparent-card": "#FFFFFF1F",
    "dark.surface.on-dark.transparent-card-brightness": "#FFFFFF1F",
    "dark.surface.on-dark.accent": "[general.electricBlue.500]",
    "dark.surface.on-dark.positive": "[general.green.500]",
    "dark.surface.on-dark.warning": "[general.orange.500]",
    "dark.surface.on-dark.negative": "[general.red.500]",
    "dark.surface.on-dark.clear": "#00000000",
    "dark.surface.on-dark.transparent-deep": "#FFFFFFA3",
    "dark.surface.on-dark.transparent-deep-hover": "#FFFFFFC2",
    "dark.surface.on-dark.transparent-deep-active": "#FFFFFF94",
    "dark.surface.on-dark.accent-minor": "[general.electricBlue.800]",
    "dark.surface.on-dark.accent-minor-hover": "#1852BFFF",
    "dark.surface.on-dark.accent-minor-active": "#1446A3FF",
    "dark.surface.on-dark.transparent-accent": "#3F81FD33",
    "dark.surface.on-dark.transparent-accent-hover": "#3F82FD52",
    "dark.surface.on-dark.transparent-accent-active": "#3F82FD24",
    "dark.surface.on-dark.surface-info-hover": "#5D95FDFF",
    "dark.surface.on-dark.surface-info-active": "#357BFDFF",
    "dark.surface.on-dark.positive-minor": "[general.green.900]",
    "dark.surface.on-dark.positive-minor-hover": "#0E3A16FF",
    "dark.surface.on-dark.positive-minor-active": "#08210CFF",
    "dark.surface.on-dark.warning-minor": "[general.orange.900]",
    "dark.surface.on-dark.warning-minor-hover": "#4F250DFF",
    "dark.surface.on-dark.warning-minor-active": "#351909FF",
    "dark.surface.on-dark.negative-minor": "[general.red.900]",
    "dark.surface.on-dark.negative-minor-hover": "#5B1018FF",
    "dark.surface.on-dark.negative-minor-active": "#410B11FF",
    "dark.surface.on-dark.info-minor-hover": "#0A2A67FF",
    "dark.surface.on-dark.info-minor-active": "#071F4BFF",
    "dark.surface.on-dark.transparent-positive-hover": "#1A9E3252",
    "dark.surface.on-dark.transparent-positive-active": "#1A9E3224",
    "dark.surface.on-dark.transparent-warning-hover": "#FA5F0552",
    "dark.surface.on-dark.transparent-warning-active": "#FA5F0524",
    "dark.surface.on-dark.transparent-negative-hover": "#FF293E52",
    "dark.surface.on-dark.transparent-negative-active": "#FF293E24",
    "dark.surface.on-dark.transparent-info-hover": "#3F82FD52",
    "dark.surface.on-dark.transparent-info-active": "#3F82FD24",
    "dark.surface.on-dark.transparent-positive": "#1A9E3233",
    "dark.surface.on-dark.transparent-warning": "#FA5F0533",
    "dark.surface.on-dark.transparent-negative": "#FF293E33",
    "dark.surface.on-dark.solid-default": "[general.gray.50]",
    "dark.surface.on-dark.solid-default-hover": "#FFFFFFFF",
    "dark.surface.on-dark.solid-default-active": "#F5F5F5FF",
    "dark.surface.on-dark.surface-info": "[general.electricBlue.500]",
    "dark.surface.on-dark.info-minor": "[general.electricBlue.900]",
    "dark.surface.on-dark.transparent-info": "#3F81FD33",
    "dark.surface.on-dark.solid-primary-hover": "#1C1C1CFF",
    "dark.surface.on-dark.solid-primary-active": "#121212FF",
    "dark.surface.on-dark.solid-secondary-hover": "#303030FF",
    "dark.surface.on-dark.solid-secondary-active": "#212121FF",
    "dark.surface.on-dark.solid-tertiary-hover": "#404040FF",
    "dark.surface.on-dark.solid-tertiary-active": "#303030FF",
    "dark.surface.on-dark.solid-card-hover": "#1C1C1CFF",
    "dark.surface.on-dark.solid-card-active": "#121212FF",
    "dark.surface.on-dark.transparent-default-hover": "#FFFFFFFF",
    "dark.surface.on-dark.transparent-default-active": "#FFFFFFFF",
    "dark.surface.on-dark.transparent-primary-hover": "#FFFFFF1F",
    "dark.surface.on-dark.transparent-primary-active": "#FFFFFF0A",
    "dark.surface.on-dark.transparent-secondary-hover": "#FFFFFF3D",
    "dark.surface.on-dark.transparent-secondary-active": "#FFFFFF0F",
    "dark.surface.on-dark.transparent-tertiary-hover": "#FFFFFF52",
    "dark.surface.on-dark.transparent-tertiary-active": "#FFFFFF24",
    "dark.surface.on-dark.transparent-card-hover": "#FFFFFF3D",
    "dark.surface.on-dark.transparent-card-active": "#FFFFFF0F",
    "dark.surface.on-dark.accent-hover": "#5D95FDFF",
    "dark.surface.on-dark.accent-active": "#357BFDFF",
    "dark.surface.on-dark.positive-hover": "#1DAF37FF",
    "dark.surface.on-dark.positive-active": "#18952FFF",
    "dark.surface.on-dark.warning-hover": "#FB7223FF",
    "dark.surface.on-dark.warning-active": "#F05B05FF",
    "dark.surface.on-dark.negative-hover": "#FF475AFF",
    "dark.surface.on-dark.negative-active": "#FF1F35FF",
    "dark.surface.on-dark.clear-hover": "#00000000",
    "dark.surface.on-dark.clear-active": "#00000000",
    "dark.surface.on-light.solid-default": "[general.gray.1000]",
    "dark.surface.on-light.solid-primary": "[general.gray.100]",
    "dark.surface.on-light.solid-primary-brightness": "#FFFFFFFF",
    "dark.surface.on-light.solid-secondary": "[general.gray.150]",
    "dark.surface.on-light.solid-tertiary": "[general.gray.200]",
    "dark.surface.on-light.solid-card": "#FFFFFFFF",
    "dark.surface.on-light.solid-card-brightness": "#FFFFFFFF",
    "dark.surface.on-light.transparent-default": "[general.gray.1000]",
    "dark.surface.on-light.transparent-primary": "#08080808",
    "dark.surface.on-light.transparent-secondary": "#0808080F",
    "dark.surface.on-light.transparent-tertiary": "#0808081F",
    "dark.surface.on-light.transparent-card": "#FFFFFFFF",
    "dark.surface.on-light.transparent-card-brightness": "#FFFFFFFF",
    "dark.surface.on-light.accent": "[general.electricBlue.600]",
    "dark.surface.on-light.positive": "[general.green.500]",
    "dark.surface.on-light.warning": "[general.orange.500]",
    "dark.surface.on-light.negative": "[general.red.600]",
    "dark.surface.on-light.clear": "#00000000",
    "dark.surface.on-light.transparent-deep": "#080808A3",
    "dark.surface.on-light.accent-minor": "[general.electricBlue.150]",
    "dark.surface.on-light.accent-minor-hover": "#EBF1FFFF",
    "dark.surface.on-light.accent-minor-active": "#D6E4FFFF",
    "dark.surface.on-light.transparent-accent": "#2A72F81F",
    "dark.surface.on-light.transparent-accent-hover": "#2A72F83D",
    "dark.surface.on-light.transparent-accent-active": "#2A72F80F",
    "dark.surface.on-light.info-hover": "#5D95FDFF",
    "dark.surface.on-light.info-active": "#357BFDFF",
    "dark.surface.on-light.positive-minor": "[general.green.150]",
    "dark.surface.on-light.positive-minor-hover": "#B1FBBFFF",
    "dark.surface.on-light.positive-minor-active": "#94F9A7FF",
    "dark.surface.on-light.warning-minor": "[general.orange.150]",
    "dark.surface.on-light.warning-minor-hover": "#FEE9DCFF",
    "dark.surface.on-light.warning-minor-active": "#FEDCC8FF",
    "dark.surface.on-light.negative-minor": "[general.red.150]",
    "dark.surface.on-light.negative-minor-hover": "#FFEBEDFF",
    "dark.surface.on-light.negative-minor-active": "#FFD6DAFF",
    "dark.surface.on-light.info-minor-hover": "#EBF1FFFF",
    "dark.surface.on-light.info-minor-active": "#D6E4FFFF",
    "dark.surface.on-light.transparent-positive-hover": "#1A9E323D",
    "dark.surface.on-light.transparent-positive-active": "#1A9E320F",
    "dark.surface.on-light.transparent-warning-hover": "#FA5F053D",
    "dark.surface.on-light.transparent-warning-active": "#FA5F050F",
    "dark.surface.on-light.transparent-negative-hover": "#F31B313D",
    "dark.surface.on-light.transparent-negative-active": "#F31B310F",
    "dark.surface.on-light.transparent-info-hover": "#2A72F83D",
    "dark.surface.on-light.transparent-info-active": "#2A72F80F",
    "dark.surface.on-light.transparent-positive": "#1A9E321F",
    "dark.surface.on-light.transparent-warning": "#FA5F051F",
    "dark.surface.on-light.transparent-negative": "#F31B311F",
    "dark.surface.on-light.info": "[general.electricBlue.500]",
    "dark.surface.on-light.info-minor": "[general.electricBlue.150]",
    "dark.surface.on-light.transparent-info": "#2A72F81F",
    "dark.surface.on-light.solid-default-hover": "#0D0D0DFF",
    "dark.surface.on-light.solid-default-active": "#030303FF",
    "dark.surface.on-light.solid-primary-hover": "#FAFAFAFF",
    "dark.surface.on-light.solid-primary-active": "#F0F0F0FF",
    "dark.surface.on-light.solid-secondary-hover": "#F7F7F7FF",
    "dark.surface.on-light.solid-secondary-active": "#E8E8E8FF",
    "dark.surface.on-light.solid-tertiary-hover": "#E8E8E8FF",
    "dark.surface.on-light.solid-tertiary-active": "#D9D9D9FF",
    "dark.surface.on-light.solid-card-hover": "#FFFFFFFF",
    "dark.surface.on-light.solid-card-active": "#FFFFFFFF",
    "dark.surface.on-light.transparent-default-hover": "#0D0D0DFF",
    "dark.surface.on-light.transparent-default-active": "#030303FF",
    "dark.surface.on-light.transparent-primary-hover": "#08080812",
    "dark.surface.on-light.transparent-primary-active": "#08080803",
    "dark.surface.on-light.transparent-secondary-hover": "#0808081F",
    "dark.surface.on-light.transparent-secondary-active": "#0808080A",
    "dark.surface.on-light.transparent-tertiary-hover": "#0808083D",
    "dark.surface.on-light.transparent-tertiary-active": "#0808080F",
    "dark.surface.on-light.transparent-card-hover": "#FFFFFFFF",
    "dark.surface.on-light.transparent-card-active": "#FFFFFFFF",
    "dark.surface.on-light.accent-hover": "#4886F9FF",
    "dark.surface.on-light.accent-active": "#206CF8FF",
    "dark.surface.on-light.positive-hover": "#1DAF37FF",
    "dark.surface.on-light.positive-active": "#18952FFF",
    "dark.surface.on-light.warning-hover": "#FB7223FF",
    "dark.surface.on-light.warning-active": "#F05B05FF",
    "dark.surface.on-light.negative-hover": "#F5384BFF",
    "dark.surface.on-light.negative-active": "#F31228FF",
    "dark.surface.on-light.clear-hover": "#00000000",
    "dark.surface.on-light.clear-active": "#00000000",
    "dark.surface.on-light.transparent-deep-hover": "#080808C2",
    "dark.surface.on-light.transparent-deep-active": "#08080894",
    "dark.surface.inverse.solid-default": "[general.gray.1000]",
    "dark.surface.inverse.solid-primary": "#080808F5",
    "dark.surface.inverse.solid-primary-brightness": "#080808F5",
    "dark.surface.inverse.solid-secondary": "#0808088F",
    "dark.surface.inverse.solid-tertiary": "#08080847",
    "dark.surface.inverse.solid-card": "#F7F7F7FF",
    "dark.surface.inverse.solid-card-brightness": "#FFFFFFFF",
    "dark.surface.inverse.transparent-default": "[general.gray.1000]",
    "dark.surface.inverse.transparent-primary": "[general.gray.100]",
    "dark.surface.inverse.transparent-secondary": "[general.gray.150]",
    "dark.surface.inverse.transparent-tertiary": "[general.gray.200]",
    "dark.surface.inverse.transparent-card": "#F7F7F7FF",
    "dark.surface.inverse.transparent-card-brightness": "#FFFFFFFF",
    "dark.surface.inverse.accent": "#FFFFFFFF",
    "dark.surface.inverse.positive": "#108E25FF",
    "dark.surface.inverse.warning": "[general.orange.600]",
    "dark.surface.inverse.negative": "#F31B30FF",
    "dark.surface.inverse.clear": "#00000000",
    "dark.surface.inverse.solid-default-hover": "#0D0D0DFF",
    "dark.surface.inverse.solid-default-active": "#030303FF",
    "dark.surface.inverse.solid-primary-hover": "#080808FF",
    "dark.surface.inverse.solid-primary-active": "#080808EB",
    "dark.surface.inverse.solid-secondary-hover": "#080808AD",
    "dark.surface.inverse.solid-secondary-active": "#08080880",
    "dark.surface.inverse.solid-tertiary-hover": "#08080866",
    "dark.surface.inverse.solid-tertiary-active": "#08080838",
    "dark.surface.inverse.solid-card-hover": "#FCFCFCFF",
    "dark.surface.inverse.solid-card-active": "#F2F2F2FF",
    "dark.surface.inverse.transparent-default-hover": "#0D0D0DFF",
    "dark.surface.inverse.transparent-default-active": "#030303FF",
    "dark.surface.inverse.transparent-primary-hover": "#FAFAFAFF",
    "dark.surface.inverse.transparent-primary-active": "#F0F0F0FF",
    "dark.surface.inverse.transparent-secondary-hover": "#F7F7F7FF",
    "dark.surface.inverse.transparent-secondary-active": "#E8E8E8FF",
    "dark.surface.inverse.transparent-tertiary-hover": "#E8E8E8FF",
    "dark.surface.inverse.transparent-tertiary-active": "#D9D9D9FF",
    "dark.surface.inverse.transparent-card-hover": "#FCFCFCFF",
    "dark.surface.inverse.transparent-card-active": "#F2F2F2FF",
    "dark.surface.inverse.accent-hover": "#FFFFFFFF",
    "dark.surface.inverse.accent-active": "#FFFFFFFF",
    "dark.surface.inverse.positive-hover": "#12A12AFF",
    "dark.surface.inverse.positive-active": "#0F8523FF",
    "dark.surface.inverse.warning-hover": "#FC5E03FF",
    "dark.surface.inverse.warning-active": "#DE5302FF",
    "dark.surface.inverse.negative-hover": "#F5384BFF",
    "dark.surface.inverse.negative-active": "#F31228FF",
    "dark.surface.inverse.clear-hover": "#00000000",
    "dark.surface.inverse.clear-active": "#00000000",
    "dark.background.default.primary": "[general.gray.1000]",
    "dark.background.default.primary-brightness": "#171717FF",
    "dark.background.default.secondary": "[general.gray.1000]",
    "dark.background.default.tertiary": "[general.gray.950]",
    "dark.background.dark.primary": "[general.gray.1000]",
    "dark.background.dark.secondary": "[general.gray.1000]",
    "dark.background.dark.tertiary": "[general.gray.950]",
    "dark.background.light.primary": "[general.gray.50]",
    "dark.background.light.secondary": "#FFFFFFFF",
    "dark.background.light.tertiary": "#FFFFFFFF",
    "dark.background.inverse.primary": "#FFFFFFFF",
    "dark.background.inverse.primary-brightness": "#FFFFFFFF",
    "dark.background.inverse.secondary": "#FFFFFFFF",
    "dark.background.inverse.tertiary": "#FFFFFFFF",
    "dark.overlay.default.soft": "#0808088F",
    "dark.overlay.default.hard": "#080808F5",
    "dark.overlay.default.blur": "#08080847",
    "dark.overlay.on-dark.soft": "#0808088F",
    "dark.overlay.on-dark.hard": "#080808F5",
    "dark.overlay.on-dark.blur": "#08080847",
    "dark.overlay.on-light.soft": "#F9F9F98F",
    "dark.overlay.on-light.hard": "#F9F9F9F5",
    "dark.overlay.on-light.blur": "#F9F9F947",
    "dark.overlay.inverse.soft": "#0000008F",
    "dark.overlay.inverse.hard": "#000000E6",
    "dark.outline.default.primary": "[general.gray.900]",
    "dark.outline.default.primary-hover": "#303030FF",
    "dark.outline.default.primary-active": "#212121FF",
    "dark.outline.default.secondary": "[general.gray.800]",
    "dark.outline.default.secondary-hover": "#595959FF",
    "dark.outline.default.secondary-active": "#4A4A4AFF",
    "dark.outline.default.tertiary": "[general.gray.700]",
    "dark.outline.default.tertiary-hover": "#7A7A7AFF",
    "dark.outline.default.tertiary-active": "#6B6B6BFF",
    "dark.outline.default.default": "[general.gray.50]",
    "dark.outline.default.default-hover": "#FFFFFFFF",
    "dark.outline.default.default-active": "#F5F5F5FF",
    "dark.outline.default.transparent-primary": "#FFFFFF1F",
    "dark.outline.default.transparent-primary-hover": "#FFFFFF3D",
    "dark.outline.default.transparent-primary-active": "#FFFFFF0F",
    "dark.outline.default.transparent-secondary": "#FFFFFF33",
    "dark.outline.default.transparent-secondary-hover": "#FFFFFF52",
    "dark.outline.default.transparent-secondary-active": "#FFFFFF24",
    "dark.outline.default.transparent-tertiary": "#FFFFFF66",
    "dark.outline.default.transparent-tertiary-hover": "#FFFFFF85",
    "dark.outline.default.transparent-tertiary-active": "#FFFFFF57",
    "dark.outline.default.transparent-clear": "#FFFFFF00",
    "dark.outline.default.transparent-clear-hover": "#FFFFFF00",
    "dark.outline.default.transparent-clear-active": "#FFFFFF00",
    "dark.outline.default.accent": "[general.electricBlue.500]",
    "dark.outline.default.accent-hover": "#5D95FDFF",
    "dark.outline.default.accent-active": "#357BFDFF",
    "dark.outline.default.accent-minor": "[general.electricBlue.800]",
    "dark.outline.default.accent-minor-hover": "#1852BFFF",
    "dark.outline.default.accent-minor-active": "#1446A3FF",
    "dark.outline.default.transparent-accent": "#3F81FD47",
    "dark.outline.default.transparent-accent-hover": "#3F82FD66",
    "dark.outline.default.transparent-accent-active": "#3F82FD38",
    "dark.outline.default.positive": "[general.green.400]",
    "dark.outline.default.positive-hover": "#28C344FF",
    "dark.outline.default.positive-active": "#23A93BFF",
    "dark.outline.default.warning": "[general.orange.400]",
    "dark.outline.default.warning-hover": "#FF8442FF",
    "dark.outline.default.warning-active": "#FF6A1AFF",
    "dark.outline.default.negative": "[general.red.400]",
    "dark.outline.default.negative-hover": "#FF5C6CFF",
    "dark.outline.default.negative-active": "#FF3347FF",
    "dark.outline.default.info-hover": "#70A2FFFF",
    "dark.outline.default.info-active": "#4788FFFF",
    "dark.outline.default.positive-minor": "[general.green.800]",
    "dark.outline.default.positive-minor-hover": "#0B6F1DFF",
    "dark.outline.default.positive-minor-active": "#085416FF",
    "dark.outline.default.warning-minor": "[general.orange.800]",
    "dark.outline.default.warning-minor-hover": "#95400EFF",
    "dark.outline.default.warning-minor-active": "#79340BFF",
    "dark.outline.default.negative-minor": "[general.red.800]",
    "dark.outline.default.negative-minor-hover": "#B01726FF",
    "dark.outline.default.negative-minor-active": "#951320FF",
    "dark.outline.default.info-minor-hover": "#1852BFFF",
    "dark.outline.default.info-minor-active": "#1446A3FF",
    "dark.outline.default.transparent-positive-hover": "#1A9E3266",
    "dark.outline.default.transparent-positive-active": "#1A9E3238",
    "dark.outline.default.transparent-warning-hover": "#FA5F0566",
    "dark.outline.default.transparent-warning-active": "#FA5F0538",
    "dark.outline.default.negative-transparent-hover": "#CCCCCCFF",
    "dark.outline.default.negative-transparent-active": "#E6E6E6FF",
    "dark.outline.default.transparent-info-hover": "#3F82FD66",
    "dark.outline.default.transparent-info-active": "#3F82FD38",
    "dark.outline.default.transparent-positive": "#1A9E3247",
    "dark.outline.default.transparent-warning": "#FA5F0547",
    "dark.outline.default.transparent-negative": "#F31B3133",
    "dark.outline.default.transparent-negative-hover": "#F31B3152",
    "dark.outline.default.transparent-negative-active": "#F31B3124",
    "dark.outline.default.info-minor": "[general.electricBlue.800]",
    "dark.outline.default.transparent-info": "#3F81FD47",
    "dark.outline.default.info": "[general.electricBlue.400]",
    "dark.outline.on-dark.primary-hover": "#303030FF",
    "dark.outline.on-dark.primary-active": "#212121FF",
    "dark.outline.on-dark.secondary-hover": "#595959FF",
    "dark.outline.on-dark.secondary-active": "#4A4A4AFF",
    "dark.outline.on-dark.tertiary-hover": "#7A7A7AFF",
    "dark.outline.on-dark.tertiary-active": "#6B6B6BFF",
    "dark.outline.on-dark.default-hover": "#FFFFFFFF",
    "dark.outline.on-dark.default-active": "#F5F5F5FF",
    "dark.outline.on-dark.transparent-primary-hover": "#FFFFFF3D",
    "dark.outline.on-dark.transparent-primary-active": "#FFFFFF0F",
    "dark.outline.on-dark.transparent-secondary-hover": "#FFFFFF52",
    "dark.outline.on-dark.transparent-secondary-active": "#FFFFFF24",
    "dark.outline.on-dark.transparent-tertiary-hover": "#FFFFFF85",
    "dark.outline.on-dark.transparent-tertiary-active": "#FFFFFF57",
    "dark.outline.on-dark.accent-hover": "#5D95FDFF",
    "dark.outline.on-dark.accent-active": "#357BFDFF",
    "dark.outline.on-dark.accent-minor-hover": "#1852BFFF",
    "dark.outline.on-dark.accent-minor-active": "#1446A3FF",
    "dark.outline.on-dark.transparent-accent-hover": "#3F82FD66",
    "dark.outline.on-dark.transparent-accent-active": "#3F82FD38",
    "dark.outline.on-dark.positive-hover": "#28C344FF",
    "dark.outline.on-dark.positive-active": "#23A93BFF",
    "dark.outline.on-dark.warning-hover": "#FF8442FF",
    "dark.outline.on-dark.warning-active": "#FF6A1AFF",
    "dark.outline.on-dark.negative-hover": "#FF5C6CFF",
    "dark.outline.on-dark.negative-active": "#FF3347FF",
    "dark.outline.on-dark.info-hover": "#70A2FFFF",
    "dark.outline.on-dark.info-active": "#4788FFFF",
    "dark.outline.on-dark.positive-minor-hover": "#0B6F1DFF",
    "dark.outline.on-dark.positive-minor-active": "#085416FF",
    "dark.outline.on-dark.warning-minor-hover": "#95400EFF",
    "dark.outline.on-dark.warning-minor-active": "#79340BFF",
    "dark.outline.on-dark.negative-minor-hover": "#B01726FF",
    "dark.outline.on-dark.negative-minor-active": "#951320FF",
    "dark.outline.on-dark.info-minor-hover": "#1852BFFF",
    "dark.outline.on-dark.info-minor-active": "#1446A3FF",
    "dark.outline.on-dark.transparent-positive-hover": "#1A9E3266",
    "dark.outline.on-dark.transparent-positive-active": "#1A9E3238",
    "dark.outline.on-dark.transparent-warning-hover": "#FA5F0566",
    "dark.outline.on-dark.transparent-warning-active": "#FA5F0538",
    "dark.outline.on-dark.negative-transparent-hover": "#FF293E66",
    "dark.outline.on-dark.negative-transparent-active": "#FF293E38",
    "dark.outline.on-dark.transparent-info-hover": "#3F82FD66",
    "dark.outline.on-dark.transparent-info-active": "#3F82FD38",
    "dark.outline.on-dark.primary": "[general.gray.900]",
    "dark.outline.on-dark.secondary": "[general.gray.800]",
    "dark.outline.on-dark.tertiary": "[general.gray.700]",
    "dark.outline.on-dark.default": "[general.gray.50]",
    "dark.outline.on-dark.transparent-primary": "#FFFFFF1F",
    "dark.outline.on-dark.transparent-secondary": "#FFFFFF33",
    "dark.outline.on-dark.transparent-tertiary": "#FFFFFF66",
    "dark.outline.on-dark.accent": "[general.electricBlue.500]",
    "dark.outline.on-dark.accent-minor": "[general.electricBlue.800]",
    "dark.outline.on-dark.transparent-accent": "#3F81FD47",
    "dark.outline.on-dark.positive": "[general.green.400]",
    "dark.outline.on-dark.warning": "[general.orange.400]",
    "dark.outline.on-dark.negative": "[general.red.400]",
    "dark.outline.on-dark.warning-minor": "[general.orange.800]",
    "dark.outline.on-dark.negative-minor": "[general.red.800]",
    "dark.outline.on-dark.transparent-positive": "#1A9E3247",
    "dark.outline.on-dark.transparent-warning": "#FA5F0547",
    "dark.outline.on-dark.negative-transparent": "#FF293E47",
    "dark.outline.on-dark.positive-minor": "[general.green.800]",
    "dark.outline.on-dark.info-minor": "[general.electricBlue.800]",
    "dark.outline.on-dark.info": "[general.electricBlue.400]",
    "dark.outline.on-dark.transparent-info": "#3F81FD47",
    "dark.outline.on-light.primary-hover": "#E8E8E8FF",
    "dark.outline.on-light.primary-active": "#D9D9D9FF",
    "dark.outline.on-light.secondary-hover": "#9E9E9EFF",
    "dark.outline.on-light.secondary-active": "#8F8F8FFF",
    "dark.outline.on-light.tertiary": "[general.gray.700]",
    "dark.outline.on-light.tertiary-hover": "#7A7A7AFF",
    "dark.outline.on-light.tertiary-active": "#6B6B6BFF",
    "dark.outline.on-light.default": "[general.gray.1000]",
    "dark.outline.on-light.default-hover": "#0D0D0DFF",
    "dark.outline.on-light.default-active": "#030303FF",
    "dark.outline.on-light.transparent-primary": "#08080833",
    "dark.outline.on-light.transparent-primary-hover": "#08080852",
    "dark.outline.on-light.transparent-primary-active": "#08080824",
    "dark.outline.on-light.transparent-secondary": "#08080866",
    "dark.outline.on-light.transparent-secondary-hover": "#08080885",
    "dark.outline.on-light.transparent-secondary-active": "#08080857",
    "dark.outline.on-light.transparent-tertiary": "#0808088F",
    "dark.outline.on-light.transparent-tertiary-hover": "#080808AD",
    "dark.outline.on-light.transparent-tertiary-active": "#08080880",
    "dark.outline.on-light.accent": "[general.electricBlue.600]",
    "dark.outline.on-light.accent-hover": "#4886F9FF",
    "dark.outline.on-light.accent-active": "#206CF8FF",
    "dark.outline.on-light.accent-minor": "[general.electricBlue.300]",
    "dark.outline.on-light.accent-minor-hover": "#A1C1FDFF",
    "dark.outline.on-light.accent-minor-active": "#83ADFCFF",
    "dark.outline.on-light.transparent-accent": "#2A72F833",
    "dark.outline.on-light.transparent-accent-hover": "#2A72F852",
    "dark.outline.on-light.transparent-accent-active": "#2A72F824",
    "dark.outline.on-light.positive": "[general.green.500]",
    "dark.outline.on-light.positive-hover": "#1DAF37FF",
    "dark.outline.on-light.positive-active": "#18952FFF",
    "dark.outline.on-light.warning": "[general.orange.500]",
    "dark.outline.on-light.warning-hover": "#FB7223FF",
    "dark.outline.on-light.warning-active": "#F05B05FF",
    "dark.outline.on-light.negative": "[general.red.600]",
    "dark.outline.on-light.negative-hover": "#F5384BFF",
    "dark.outline.on-light.negative-active": "#F31228FF",
    "dark.outline.on-light.info-hover": "#5D95FDFF",
    "dark.outline.on-light.info-active": "#357BFDFF",
    "dark.outline.on-light.positive-minor": "[general.green.300]",
    "dark.outline.on-light.positive-minor-hover": "#36D954FF",
    "dark.outline.on-light.positive-minor-active": "#26C944FF",
    "dark.outline.on-light.warning-minor": "[general.orange.300]",
    "dark.outline.on-light.warning-minor-hover": "#FDA97CFF",
    "dark.outline.on-light.warning-minor-active": "#FD965EFF",
    "dark.outline.on-light.negative-minor": "[general.red.300]",
    "dark.outline.on-light.negative-minor-hover": "#FFA3ACFF",
    "dark.outline.on-light.negative-minor-active": "#FF8591FF",
    "dark.outline.on-light.info-minor-hover": "#A1C1FDFF",
    "dark.outline.on-light.info-minor-active": "#83ADFCFF",
    "dark.outline.on-light.transparent-positive": "#1A9E3233",
    "dark.outline.on-light.transparent-positive-hover": "#1A9E3252",
    "dark.outline.on-light.transparent-positive-active": "#1A9E3224",
    "dark.outline.on-light.transparent-warning": "#E8570233",
    "dark.outline.on-light.transparent-warning-hover": "#E8570252",
    "dark.outline.on-light.transparent-warning-active": "#E8570224",
    "dark.outline.on-light.negative-transparent": "#F31B3133",
    "dark.outline.on-light.negative-transparent-hover": "#F31B3152",
    "dark.outline.on-light.negative-transparent-active": "#F31B3124",
    "dark.outline.on-light.transparent-info-hover": "#2A72F852",
    "dark.outline.on-light.transparent-info-active": "#2A72F824",
    "dark.outline.on-light.primary": "[general.gray.200]",
    "dark.outline.on-light.secondary": "[general.gray.400]",
    "dark.outline.on-light.info": "[general.electricBlue.500]",
    "dark.outline.on-light.info-minor": "[general.electricBlue.300]",
    "dark.outline.on-light.transparent-info": "#2A72F833",
    "dark.outline.inverse.primary-hover": "#CCCCCCFF",
    "dark.outline.inverse.primary-active": "#E6E6E6FF",
    "light.text.default.primary": "#080808F5",
    "light.text.default.primary-brightness": "#080808F5",
    "light.text.default.secondary": "#0808088F",
    "light.text.default.tertiary": "#08080847",
    "light.text.default.paragraph": "#080808CC",
    "light.text.default.accent": "[general.electricBlue.600]",
    "light.text.default.positive": "[general.green.500]",
    "light.text.default.warning": "[general.orange.500]",
    "light.text.default.negative": "[general.red.600]",
    "light.text.default.accent-minor-hover": "#B4CEFDFF",
    "light.text.default.accent-minor-active": "#6599FBFF",
    "light.text.default.info-hover": "#689CFDFF",
    "light.text.default.info-active": "#1767FDFF",
    "light.text.default.positive-minor-hover": "#47DC62FF",
    "light.text.default.positive-minor-active": "#21B03CFF",
    "light.text.default.warning-minor-hover": "#FDB790FF",
    "light.text.default.warning-minor-active": "#FC8240FF",
    "light.text.default.negative-minor-hover": "#FFB8BFFF",
    "light.text.default.negative-minor-active": "#FF6675FF",
    "light.text.default.info-minor-hover": "#B4CEFDFF",
    "light.text.default.info-minor-active": "#6599FBFF",
    "light.text.default.accent-minor": "[general.electricBlue.300]",
    "light.text.default.positive-minor": "[general.green.300]",
    "light.text.default.warning-minor": "[general.orange.300]",
    "light.text.default.negative-minor": "[general.red.300]",
    "light.text.default.info": "[general.electricBlue.500]",
    "light.text.default.info-minor": "[general.electricBlue.300]",
    "light.text.default.primary-hover": "#08080893",
    "light.text.default.primary-active": "#080808C4",
    "light.text.default.secondary-hover": "#080808FF",
    "light.text.default.secondary-active": "#080808AB",
    "light.text.default.tertiary-hover": "#080808FF",
    "light.text.default.tertiary-active": "#08080856",
    "light.text.default.paragraph-hover": "#0808087A",
    "light.text.default.paragraph-active": "#080808A3",
    "light.text.default.accent-hover": "#528DFAFF",
    "light.text.default.accent-active": "#075AF2FF",
    "light.text.default.positive-hover": "#1FC13DFF",
    "light.text.default.positive-active": "#147B27FF",
    "light.text.default.warning-hover": "#FB782DFF",
    "light.text.default.warning-active": "#D25004FF",
    "light.text.default.negative-hover": "#F54254FF",
    "light.text.default.negative-active": "#DA0B20FF",
    "light.text.on-dark.primary": "#FFFFFFF5",
    "light.text.on-dark.primary-brightness": "#FFFFFFF5",
    "light.text.on-dark.secondary": "#FFFFFF8F",
    "light.text.on-dark.tertiary": "#FFFFFF47",
    "light.text.on-dark.paragraph": "#FFFFFFCC",
    "light.text.on-dark.accent": "[general.electricBlue.500]",
    "light.text.on-dark.positive": "[general.green.500]",
    "light.text.on-dark.warning": "[general.orange.500]",
    "light.text.on-dark.negative": "[general.red.500]",
    "light.text.on-dark.accent-minor": "[general.electricBlue.800]",
    "light.text.on-dark.accent-minor-hover": "#000000FF",
    "light.text.on-dark.accent-minor-active": "#113B88FF",
    "light.text.on-dark.info-hover": "#689CFDFF",
    "light.text.on-dark.info-active": "#1767FDFF",
    "light.text.on-dark.positive-minor": "[general.green.800]",
    "light.text.on-dark.positive-minor-hover": "#11A72CFF",
    "light.text.on-dark.positive-minor-active": "#0D8222FF",
    "light.text.on-dark.warning-minor": "[general.orange.800]",
    "light.text.on-dark.warning-minor-hover": "#CD5713FF",
    "light.text.on-dark.warning-minor-active": "#A84710FF",
    "light.text.on-dark.negative-minor": "[general.red.800]",
    "light.text.on-dark.negative-minor-hover": "#C2192AFF",
    "light.text.on-dark.negative-minor-active": "#7A101AFF",
    "light.text.on-dark.info-minor-hover": "#000000FF",
    "light.text.on-dark.info-minor-active": "#113B88FF",
    "light.text.on-dark.info-minor": "[general.electricBlue.800]",
    "light.text.on-dark.info": "[general.electricBlue.500]",
    "light.text.on-dark.primary-hover": "#FFFFFF93",
    "light.text.on-dark.primary-active": "#FFFFFFC4",
    "light.text.on-dark.secondary-hover": "#FFFFFFFF",
    "light.text.on-dark.secondary-active": "#FFFFFFAB",
    "light.text.on-dark.tertiary-hover": "#FFFFFFFF",
    "light.text.on-dark.tertiary-active": "#FFFFFF56",
    "light.text.on-dark.paragraph-hover": "#FFFFFF7A",
    "light.text.on-dark.paragraph-active": "#FFFFFFA3",
    "light.text.on-dark.accent-hover": "#689CFDFF",
    "light.text.on-dark.accent-active": "#1767FDFF",
    "light.text.on-dark.positive-hover": "#1FC13DFF",
    "light.text.on-dark.positive-active": "#147B27FF",
    "light.text.on-dark.warning-hover": "#FB782DFF",
    "light.text.on-dark.warning-active": "#D25004FF",
    "light.text.on-dark.negative-hover": "#FF5263FF",
    "light.text.on-dark.negative-active": "#FF001AFF",
    "light.text.on-light.primary": "#080808F5",
    "light.text.on-light.primary-brightness": "#080808F5",
    "light.text.on-light.secondary": "#0808088F",
    "light.text.on-light.tertiary": "#08080847",
    "light.text.on-light.paragraph": "#080808CC",
    "light.text.on-light.accent": "[general.electricBlue.600]",
    "light.text.on-light.positive": "[general.green.500]",
    "light.text.on-light.warning": "[general.orange.500]",
    "light.text.on-light.accent-minor": "[general.electricBlue.300]",
    "light.text.on-light.accent-minor-hover": "#B4CEFDFF",
    "light.text.on-light.accent-minor-active": "#6599FBFF",
    "light.text.on-light.info-hover": "#528DFAFF",
    "light.text.on-light.info-active": "#075AF2FF",
    "light.text.on-light.positive-minor": "[general.green.300]",
    "light.text.on-light.positive-minor-hover": "#47DC62FF",
    "light.text.on-light.positive-minor-active": "#21B03CFF",
    "light.text.on-light.warning-minor": "[general.orange.300]",
    "light.text.on-light.warning-minor-hover": "#FDB790FF",
    "light.text.on-light.warning-minor-active": "#FC8240FF",
    "light.text.on-light.negative-minor": "[general.red.300]",
    "light.text.on-light.negative-minor-hover": "#FFB8BFFF",
    "light.text.on-light.negative-minor-active": "#FF6675FF",
    "light.text.on-light.info-minor-hover": "#B4CEFDFF",
    "light.text.on-light.info-minor-active": "#6599FBFF",
    "light.text.on-light.negative": "[general.red.600]",
    "light.text.on-light.negative-hover": "#F54254FF",
    "light.text.on-light.negative-active": "#DA0B20FF",
    "light.text.on-light.info": "[general.electricBlue.600]",
    "light.text.on-light.info-minor": "[general.electricBlue.300]",
    "light.text.on-light.primary-hover": "#08080893",
    "light.text.on-light.primary-active": "#080808C4",
    "light.text.on-light.secondary-hover": "#080808FF",
    "light.text.on-light.secondary-active": "#080808AB",
    "light.text.on-light.tertiary-hover": "#080808FF",
    "light.text.on-light.tertiary-active": "#08080856",
    "light.text.on-light.paragraph-hover": "#0808087A",
    "light.text.on-light.paragraph-active": "#080808A3",
    "light.text.on-light.accent-hover": "#528DFAFF",
    "light.text.on-light.accent-active": "#075AF2FF",
    "light.text.on-light.positive-hover": "#1FC13DFF",
    "light.text.on-light.positive-active": "#147B27FF",
    "light.text.on-light.warning-hover": "#FB782DFF",
    "light.text.on-light.warning-active": "#D25004FF",
    "light.text.inverse.primary": "#FFFFFFF5",
    "light.text.inverse.primary-brightness": "#FFFFFFF5",
    "light.text.inverse.secondary": "#FFFFFF8F",
    "light.text.inverse.tertiary": "#FFFFFF47",
    "light.text.inverse.paragraph": "#FFFFFFCC",
    "light.text.inverse.accent": "#FFFFFFFF",
    "light.text.inverse.positive": "[general.green.500]",
    "light.text.inverse.warning": "[general.orange.500]",
    "light.text.inverse.negative": "[general.red.500]",
    "light.text.inverse.primary-hover": "#FFFFFF93",
    "light.text.inverse.primary-active": "#FFFFFFC4",
    "light.text.inverse.secondary-hover": "#FFFFFFFF",
    "light.text.inverse.secondary-active": "#FFFFFFAB",
    "light.text.inverse.tertiary-hover": "#FFFFFFFF",
    "light.text.inverse.tertiary-active": "#FFFFFF56",
    "light.text.inverse.paragraph-hover": "#FFFFFF7A",
    "light.text.inverse.paragraph-active": "#FFFFFFA3",
    "light.text.inverse.accent-hover": "#000000FF",
    "light.text.inverse.accent-active": "#CCCCCCFF",
    "light.text.inverse.positive-hover": "#1FC13DFF",
    "light.text.inverse.positive-active": "#147B27FF",
    "light.text.inverse.warning-hover": "#FB782DFF",
    "light.text.inverse.warning-active": "#D25004FF",
    "light.text.inverse.negative-hover": "#FF5263FF",
    "light.text.inverse.negative-active": "#FF001AFF",
    "light.surface.default.solid-default": "[general.gray.1000]",
    "light.surface.default.solid-primary": "[general.gray.100]",
    "light.surface.default.solid-primary-brightness": "#FFFFFFFF",
    "light.surface.default.solid-secondary": "[general.gray.150]",
    "light.surface.default.solid-tertiary": "[general.gray.200]",
    "light.surface.default.solid-card": "#FFFFFFFF",
    "light.surface.default.solid-card-brightness": "#FFFFFFFF",
    "light.surface.default.transparent-default": "[general.gray.1000]",
    "light.surface.default.transparent-primary": "#08080808",
    "light.surface.default.transparent-secondary": "#0808080F",
    "light.surface.default.transparent-tertiary": "#0808081F",
    "light.surface.default.transparent-card": "#FFFFFFFF",
    "light.surface.default.transparent-card-brightness": "#FFFFFFFF",
    "light.surface.default.accent": "[general.electricBlue.600]",
    "light.surface.default.positive": "[general.green.500]",
    "light.surface.default.warning": "[general.orange.500]",
    "light.surface.default.negative": "[general.red.600]",
    "light.surface.default.clear": "#FFFFFF00",
    "light.surface.default.transparent-deep": "#080808A3",
    "light.surface.default.accent-minor-hover": "#F5F8FFFF",
    "light.surface.default.accent-minor-active": "#D6E4FFFF",
    "light.surface.default.transparent-accent-hover": "#2A72F80A",
    "light.surface.default.transparent-accent-active": "#2A72F829",
    "light.surface.default.info-hover": "#689CFDFF",
    "light.surface.default.info-active": "#2B74FDFF",
    "light.surface.default.positive-minor-hover": "#B1FBBFFF",
    "light.surface.default.positive-minor-active": "#8BF99FFF",
    "light.surface.default.warning-minor-hover": "#FEEFE6FF",
    "light.surface.default.warning-minor-active": "#FEDCC8FF",
    "light.surface.default.negative-minor-hover": "#FFF5F6FF",
    "light.surface.default.negative-minor-active": "#FFD6DAFF",
    "light.surface.default.info-minor-hover": "#F5F8FFFF",
    "light.surface.default.info-minor-active": "#D6E4FFFF",
    "light.surface.default.transparent-positive-hover": "#1A9E320A",
    "light.surface.default.transparent-positive-active": "#1A9E3229",
    "light.surface.default.transparent-warning-hover": "#FA5F050A",
    "light.surface.default.transparent-warning-active": "#FA5F0529",
    "light.surface.default.transparent-negative-hover": "#F31B310A",
    "light.surface.default.transparent-negative-active": "#F31B3129",
    "light.surface.default.transparent-info-hover": "#2A72F80A",
    "light.surface.default.transparent-info-active": "#2A72F829",
    "light.surface.default.accent-minor": "[general.electricBlue.150]",
    "light.surface.default.transparent-accent": "#2A72F81F",
    "light.surface.default.positive-minor": "[general.green.150]",
    "light.surface.default.warning-minor": "[general.orange.150]",
    "light.surface.default.negative-minor": "[general.red.150]",
    "light.surface.default.transparent-positive": "#1A9E321F",
    "light.surface.default.transparent-warning": "#FA5F051F",
    "light.surface.default.transparent-negative": "#F31B311F",
    "light.surface.default.info": "[general.electricBlue.500]",
    "light.surface.default.info-minor": "[general.electricBlue.150]",
    "light.surface.default.transparent-info": "#2A72F81F",
    "light.surface.default.solid-default-hover": "#262626FF",
    "light.surface.default.solid-default-active": "#030303FF",
    "light.surface.default.solid-primary-hover": "#FAFAFAFF",
    "light.surface.default.solid-primary-active": "#F0F0F0FF",
    "light.surface.default.solid-secondary-hover": "#F7F7F7FF",
    "light.surface.default.solid-secondary-active": "#E8E8E8FF",
    "light.surface.default.solid-tertiary-hover": "#EDEDEDFF",
    "light.surface.default.solid-tertiary-active": "#D4D4D4FF",
    "light.surface.default.solid-card-hover": "#FFFFFFFF",
    "light.surface.default.solid-card-active": "#FFFFFFFF",
    "light.surface.default.transparent-default-hover": "#262626FF",
    "light.surface.default.transparent-default-active": "#030303FF",
    "light.surface.default.transparent-primary-hover": "#08080803",
    "light.surface.default.transparent-primary-active": "#0808080D",
    "light.surface.default.transparent-secondary-hover": "#08080805",
    "light.surface.default.transparent-secondary-active": "#0808081A",
    "light.surface.default.transparent-tertiary-hover": "#0808080A",
    "light.surface.default.transparent-tertiary-active": "#08080829",
    "light.surface.default.transparent-card-hover": "#FFFFFFFF",
    "light.surface.default.transparent-card-active": "#FFFFFFFF",
    "light.surface.default.accent-hover": "#528DFAFF",
    "light.surface.default.accent-active": "#1665F8FF",
    "light.surface.default.positive-hover": "#1EB83AFF",
    "light.surface.default.positive-active": "#178C2CFF",
    "light.surface.default.warning-hover": "#FB782DFF",
    "light.surface.default.warning-active": "#E65705FF",
    "light.surface.default.negative-hover": "#F54254FF",
    "light.surface.default.negative-active": "#ED0C23FF",
    "light.surface.default.clear-hover": "#FFFFFF00",
    "light.surface.default.clear-active": "#FFFFFF00",
    "light.surface.default.transparent-deep-hover": "#0808088F",
    "light.surface.default.transparent-deep-active": "#080808AD",
    "light.surface.on-dark.solid-primary": "[general.gray.950]",
    "light.surface.on-dark.solid-primary-brightness": "#262626FF",
    "light.surface.on-dark.solid-secondary": "[general.gray.900]",
    "light.surface.on-dark.solid-tertiary": "[general.gray.850]",
    "light.surface.on-dark.solid-card": "[general.gray.950]",
    "light.surface.on-dark.solid-card-brightness": "#262626FF",
    "light.surface.on-dark.transparent-default": "#FFFFFFFF",
    "light.surface.on-dark.accent": "[general.electricBlue.500]",
    "light.surface.on-dark.positive": "[general.green.500]",
    "light.surface.on-dark.warning": "[general.orange.500]",
    "light.surface.on-dark.negative": "[general.red.500]",
    "light.surface.on-dark.clear": "#00000000",
    "light.surface.on-dark.transparent-deep": "#FFFFFFA3",
    "light.surface.on-dark.accent-minor": "[general.electricBlue.800]",
    "light.surface.on-dark.accent-minor-hover": "#1956C8FF",
    "light.surface.on-dark.accent-minor-active": "#13429AFF",
    "light.surface.on-dark.transparent-accent": "#3F81FD33",
    "light.surface.on-dark.transparent-accent-hover": "#3F82FD1F",
    "light.surface.on-dark.transparent-accent-active": "#3F82FD3D",
    "light.surface.on-dark.surface-info-hover": "#689CFDFF",
    "light.surface.on-dark.surface-info-active": "#2B74FDFF",
    "light.surface.on-dark.positive-minor": "[general.green.900]",
    "light.surface.on-dark.positive-minor-hover": "#0E3A16FF",
    "light.surface.on-dark.positive-minor-active": "#061909FF",
    "light.surface.on-dark.warning-minor": "[general.orange.900]",
    "light.surface.on-dark.warning-minor-hover": "#58290EFF",
    "light.surface.on-dark.warning-minor-active": "#2C1507FF",
    "light.surface.on-dark.negative-minor": "[general.red.900]",
    "light.surface.on-dark.negative-minor-hover": "#64121AFF",
    "light.surface.on-dark.negative-minor-active": "#380A0FFF",
    "light.surface.on-dark.info-minor-hover": "#0A2A67FF",
    "light.surface.on-dark.info-minor-active": "#061B41FF",
    "light.surface.on-dark.transparent-positive-hover": "#1A9E321F",
    "light.surface.on-dark.transparent-positive-active": "#1A9E323D",
    "light.surface.on-dark.transparent-warning-hover": "#FA5F051F",
    "light.surface.on-dark.transparent-warning-active": "#FA5F053D",
    "light.surface.on-dark.transparent-negative-hover": "#FF293E1F",
    "light.surface.on-dark.transparent-negative-active": "#FF293E3D",
    "light.surface.on-dark.transparent-info-hover": "#3F82FD1F",
    "light.surface.on-dark.transparent-info-active": "#3F82FD3D",
    "light.surface.on-dark.solid-default": "[general.gray.50]",
    "light.surface.on-dark.solid-default-hover": "#FFFFFFFF",
    "light.surface.on-dark.solid-default-active": "#F5F5F5FF",
    "light.surface.on-dark.transparent-primary": "#FFFFFF0F",
    "light.surface.on-dark.transparent-primary-hover": "#FFFFFF05",
    "light.surface.on-dark.transparent-primary-active": "#FFFFFF1A",
    "light.surface.on-dark.transparent-secondary": "#FFFFFF1F",
    "light.surface.on-dark.transparent-secondary-hover": "#FFFFFF0A",
    "light.surface.on-dark.transparent-secondary-active": "#FFFFFF29",
    "light.surface.on-dark.transparent-tertiary": "#FFFFFF33",
    "light.surface.on-dark.transparent-tertiary-hover": "#FFFFFF1F",
    "light.surface.on-dark.transparent-tertiary-active": "#FFFFFF3D",
    "light.surface.on-dark.transparent-card": "#FFFFFF1F",
    "light.surface.on-dark.transparent-card-brightness": "#FFFFFF1F",
    "light.surface.on-dark.transparent-card-hover": "#FFFFFF0A",
    "light.surface.on-dark.transparent-card-active": "#FFFFFF29",
    "light.surface.on-dark.transparent-positive": "#1A9E3233",
    "light.surface.on-dark.transparent-warning": "#FA5F0533",
    "light.surface.on-dark.transparent-negative": "#FF293E33",
    "light.surface.on-dark.surface-info": "[general.electricBlue.500]",
    "light.surface.on-dark.info-minor": "[general.electricBlue.900]",
    "light.surface.on-dark.transparent-info": "#3F81FD33",
    "light.surface.on-dark.solid-primary-hover": "#363636FF",
    "light.surface.on-dark.solid-primary-active": "#0D0D0DFF",
    "light.surface.on-dark.solid-secondary-hover": "#3B3B3BFF",
    "light.surface.on-dark.solid-secondary-active": "#1C1C1CFF",
    "light.surface.on-dark.solid-tertiary-hover": "#4A4A4AFF",
    "light.surface.on-dark.solid-tertiary-active": "#2B2B2BFF",
    "light.surface.on-dark.solid-card-hover": "#363636FF",
    "light.surface.on-dark.solid-card-active": "#0D0D0DFF",
    "light.surface.on-dark.transparent-default-hover": "#FFFFFFFF",
    "light.surface.on-dark.transparent-default-active": "#FFFFFFFF",
    "light.surface.on-dark.accent-hover": "#689CFDFF",
    "light.surface.on-dark.accent-active": "#2B74FDFF",
    "light.surface.on-dark.positive-hover": "#1EB83AFF",
    "light.surface.on-dark.positive-active": "#178C2CFF",
    "light.surface.on-dark.warning-hover": "#FB782DFF",
    "light.surface.on-dark.warning-active": "#E65705FF",
    "light.surface.on-dark.negative-hover": "#FF5263FF",
    "light.surface.on-dark.negative-active": "#FF142CFF",
    "light.surface.on-dark.clear-hover": "#00000000",
    "light.surface.on-dark.clear-active": "#00000000",
    "light.surface.on-dark.transparent-deep-hover": "#FFFFFF8F",
    "light.surface.on-dark.transparent-deep-active": "#FFFFFFAD",
    "light.surface.on-light.solid-default": "[general.gray.1000]",
    "light.surface.on-light.solid-primary": "[general.gray.100]",
    "light.surface.on-light.solid-primary-brightness": "#FFFFFFFF",
    "light.surface.on-light.solid-secondary": "[general.gray.150]",
    "light.surface.on-light.solid-tertiary": "[general.gray.200]",
    "light.surface.on-light.solid-card": "#FFFFFFFF",
    "light.surface.on-light.solid-card-brightness": "#FFFFFFFF",
    "light.surface.on-light.transparent-default": "[general.gray.1000]",
    "light.surface.on-light.transparent-primary": "#08080808",
    "light.surface.on-light.transparent-secondary": "#0808080F",
    "light.surface.on-light.transparent-tertiary": "#0808081F",
    "light.surface.on-light.transparent-card": "#FFFFFFFF",
    "light.surface.on-light.transparent-card-brightness": "#FFFFFFFF",
    "light.surface.on-light.accent": "[general.electricBlue.600]",
    "light.surface.on-light.positive": "[general.green.500]",
    "light.surface.on-light.warning": "[general.orange.500]",
    "light.surface.on-light.negative": "[general.red.600]",
    "light.surface.on-light.clear": "#00000000",
    "light.surface.on-light.transparent-deep": "#080808A3",
    "light.surface.on-light.accent-minor": "[general.electricBlue.150]",
    "light.surface.on-light.accent-minor-hover": "#F5F8FFFF",
    "light.surface.on-light.accent-minor-active": "#D6E4FFFF",
    "light.surface.on-light.transparent-accent": "#2A72F81F",
    "light.surface.on-light.transparent-accent-hover": "#2A72F80A",
    "light.surface.on-light.transparent-accent-active": "#2A72F829",
    "light.surface.on-light.info-hover": "#689CFDFF",
    "light.surface.on-light.info-active": "#2B74FDFF",
    "light.surface.on-light.positive-minor": "[general.green.150]",
    "light.surface.on-light.positive-minor-hover": "#B1FBBFFF",
    "light.surface.on-light.positive-minor-active": "#8BF99FFF",
    "light.surface.on-light.warning-minor": "[general.orange.150]",
    "light.surface.on-light.warning-minor-hover": "#FEEFE6FF",
    "light.surface.on-light.warning-minor-active": "#FEDCC8FF",
    "light.surface.on-light.negative-minor": "[general.red.150]",
    "light.surface.on-light.negative-minor-hover": "#FFF5F6FF",
    "light.surface.on-light.negative-minor-active": "#FFD6DAFF",
    "light.surface.on-light.info-minor-hover": "#F5F8FFFF",
    "light.surface.on-light.info-minor-active": "#D6E4FFFF",
    "light.surface.on-light.transparent-positive-hover": "#1A9E320A",
    "light.surface.on-light.transparent-positive-active": "#1A9E3229",
    "light.surface.on-light.transparent-warning-hover": "#FA5F050A",
    "light.surface.on-light.transparent-warning-active": "#FA5F0529",
    "light.surface.on-light.transparent-negative-hover": "#F31B310A",
    "light.surface.on-light.transparent-negative-active": "#F31B3129",
    "light.surface.on-light.transparent-info-hover": "#2A72F80A",
    "light.surface.on-light.transparent-info-active": "#2A72F829",
    "light.surface.on-light.transparent-positive": "#1A9E321F",
    "light.surface.on-light.transparent-warning": "#FA5F051F",
    "light.surface.on-light.transparent-negative": "#F31B311F",
    "light.surface.on-light.info": "[general.electricBlue.500]",
    "light.surface.on-light.info-minor": "[general.electricBlue.150]",
    "light.surface.on-light.transparent-info": "#2A72F81F",
    "light.surface.on-light.solid-default-hover": "#262626FF",
    "light.surface.on-light.solid-default-active": "#030303FF",
    "light.surface.on-light.solid-primary-hover": "#FAFAFAFF",
    "light.surface.on-light.solid-primary-active": "#F0F0F0FF",
    "light.surface.on-light.solid-secondary-hover": "#F7F7F7FF",
    "light.surface.on-light.solid-secondary-active": "#E8E8E8FF",
    "light.surface.on-light.solid-tertiary-hover": "#EDEDEDFF",
    "light.surface.on-light.solid-tertiary-active": "#D4D4D4FF",
    "light.surface.on-light.solid-card-hover": "#FFFFFFFF",
    "light.surface.on-light.solid-card-active": "#FFFFFFFF",
    "light.surface.on-light.transparent-default-hover": "#262626FF",
    "light.surface.on-light.transparent-default-active": "#030303FF",
    "light.surface.on-light.transparent-primary-hover": "#08080803",
    "light.surface.on-light.transparent-primary-active": "#0808080D",
    "light.surface.on-light.transparent-secondary-hover": "#08080805",
    "light.surface.on-light.transparent-secondary-active": "#0808081A",
    "light.surface.on-light.transparent-tertiary-hover": "#0808080A",
    "light.surface.on-light.transparent-tertiary-active": "#08080829",
    "light.surface.on-light.transparent-card-hover": "#FFFFFFFF",
    "light.surface.on-light.transparent-card-active": "#FFFFFFFF",
    "light.surface.on-light.accent-hover": "#528DFAFF",
    "light.surface.on-light.accent-active": "#1665F8FF",
    "light.surface.on-light.positive-hover": "#1EB83AFF",
    "light.surface.on-light.positive-active": "#178C2CFF",
    "light.surface.on-light.warning-hover": "#FB782DFF",
    "light.surface.on-light.warning-active": "#E65705FF",
    "light.surface.on-light.negative-hover": "#F54254FF",
    "light.surface.on-light.negative-active": "#ED0C23FF",
    "light.surface.on-light.clear-hover": "#00000000",
    "light.surface.on-light.clear-active": "#00000000",
    "light.surface.on-light.transparent-deep-hover": "#0808088F",
    "light.surface.on-light.transparent-deep-active": "#080808AD",
    "light.surface.inverse.solid-default": "#FFFFFFFF",
    "light.surface.inverse.solid-primary": "[general.gray.950]",
    "light.surface.inverse.solid-primary-brightness": "#262626FF",
    "light.surface.inverse.solid-secondary": "[general.gray.900]",
    "light.surface.inverse.solid-tertiary": "[general.gray.850]",
    "light.surface.inverse.solid-card": "[general.gray.950]",
    "light.surface.inverse.solid-card-brightness": "#262626FF",
    "light.surface.inverse.transparent-default": "#FFFFFFFF",
    "light.surface.inverse.transparent-primary": "[general.gray.950]",
    "light.surface.inverse.transparent-secondary": "[general.gray.900]",
    "light.surface.inverse.transparent-tertiary": "[general.gray.850]",
    "light.surface.inverse.transparent-card": "[general.gray.1000]",
    "light.surface.inverse.transparent-card-brightness": "#171717FF",
    "light.surface.inverse.accent": "#FFFFFFFF",
    "light.surface.inverse.positive": "[general.green.500]",
    "light.surface.inverse.warning": "[general.orange.500]",
    "light.surface.inverse.negative": "[general.red.500]",
    "light.surface.inverse.clear": "#00000000",
    "light.surface.inverse.solid-default-hover": "#FFFFFFFF",
    "light.surface.inverse.solid-default-active": "#FFFFFFFF",
    "light.surface.inverse.solid-primary-hover": "#363636FF",
    "light.surface.inverse.solid-primary-active": "#0D0D0DFF",
    "light.surface.inverse.solid-secondary-hover": "#3B3B3BFF",
    "light.surface.inverse.solid-secondary-active": "#1C1C1CFF",
    "light.surface.inverse.solid-tertiary-hover": "#4A4A4AFF",
    "light.surface.inverse.solid-tertiary-active": "#2B2B2BFF",
    "light.surface.inverse.solid-card-hover": "#363636FF",
    "light.surface.inverse.solid-card-active": "#0D0D0DFF",
    "light.surface.inverse.transparent-default-hover": "#FFFFFFFF",
    "light.surface.inverse.transparent-default-active": "#FFFFFFFF",
    "light.surface.inverse.transparent-primary-hover": "#363636FF",
    "light.surface.inverse.transparent-primary-active": "#0D0D0DFF",
    "light.surface.inverse.transparent-secondary-hover": "#3B3B3BFF",
    "light.surface.inverse.transparent-secondary-active": "#1C1C1CFF",
    "light.surface.inverse.transparent-tertiary-hover": "#4A4A4AFF",
    "light.surface.inverse.transparent-tertiary-active": "#2B2B2BFF",
    "light.surface.inverse.transparent-card-hover": "#262626FF",
    "light.surface.inverse.transparent-card-active": "#030303FF",
    "light.surface.inverse.accent-hover": "#FFFFFFFF",
    "light.surface.inverse.accent-active": "#FFFFFFFF",
    "light.surface.inverse.positive-hover": "#1EB83AFF",
    "light.surface.inverse.positive-active": "#178C2CFF",
    "light.surface.inverse.warning-hover": "#FB782DFF",
    "light.surface.inverse.warning-active": "#E65705FF",
    "light.surface.inverse.negative-hover": "#FF5263FF",
    "light.surface.inverse.negative-active": "#FF142CFF",
    "light.surface.inverse.clear-hover": "#00000000",
    "light.surface.inverse.clear-active": "#00000000",
    "light.background.default.primary": "[general.gray.50]",
    "light.background.default.primary-brightness": "#F9F9F9FF",
    "light.background.default.secondary": "#FFFFFFFF",
    "light.background.default.tertiary": "#FFFFFFFF",
    "light.background.dark.primary": "[general.gray.1000]",
    "light.background.dark.secondary": "[general.gray.1000]",
    "light.background.dark.tertiary": "[general.gray.950]",
    "light.background.light.primary": "[general.gray.50]",
    "light.background.light.secondary": "#FFFFFFFF",
    "light.background.light.tertiary": "#FFFFFFFF",
    "light.background.inverse.primary": "#000000FF",
    "light.background.inverse.primary-brightness": "#0F0F0FFF",
    "light.background.inverse.secondary": "[general.gray.1000]",
    "light.background.inverse.tertiary": "[general.gray.950]",
    "light.overlay.default.soft": "#F9F9F98F",
    "light.overlay.default.hard": "#F9F9F9F5",
    "light.overlay.default.blur": "#F9F9F947",
    "light.overlay.on-dark.soft": "#0808088F",
    "light.overlay.on-dark.hard": "#080808F5",
    "light.overlay.on-dark.blur": "#08080847",
    "light.overlay.on-light.soft": "#F9F9F98F",
    "light.overlay.on-light.hard": "#F9F9F9F5",
    "light.overlay.on-light.blur": "#F9F9F947",
    "light.overlay.inverse.soft": "#0000008F",
    "light.overlay.inverse.hard": "#000000E6",
    "light.outline.default.secondary-hover": "#A3A3A3FF",
    "light.outline.default.secondary-active": "#8A8A8AFF",
    "light.outline.default.tertiary-hover": "#858585FF",
    "light.outline.default.tertiary-active": "#666666FF",
    "light.outline.default.default-hover": "#262626FF",
    "light.outline.default.default-active": "#030303FF",
    "light.outline.default.transparent-primary-hover": "#0808081F",
    "light.outline.default.transparent-primary-active": "#0808083D",
    "light.outline.default.transparent-secondary-hover": "#08080852",
    "light.outline.default.transparent-secondary-active": "#08080870",
    "light.outline.default.transparent-tertiary-hover": "#0808087A",
    "light.outline.default.transparent-tertiary-active": "#08080899",
    "light.outline.default.transparent-clear-hover": "#FFFFFF00",
    "light.outline.default.transparent-clear-active": "#FFFFFF00",
    "light.outline.default.accent-hover": "#528DFAFF",
    "light.outline.default.accent-active": "#1665F8FF",
    "light.outline.default.accent-minor-hover": "#A1C1FDFF",
    "light.outline.default.accent-minor-active": "#79A7FCFF",
    "light.outline.default.transparent-accent-hover": "#2A72F81F",
    "light.outline.default.transparent-accent-active": "#2A72F83D",
    "light.outline.default.positive-hover": "#1EB83AFF",
    "light.outline.default.positive-active": "#178C2CFF",
    "light.outline.default.warning-hover": "#FB782DFF",
    "light.outline.default.warning-active": "#E65705FF",
    "light.outline.default.negative-hover": "#F54254FF",
    "light.outline.default.negative-active": "#ED0C23FF",
    "light.outline.default.info-hover": "#689CFDFF",
    "light.outline.default.info-active": "#2B74FDFF",
    "light.outline.default.positive-minor-hover": "#36D954FF",
    "light.outline.default.positive-minor-active": "#25C141FF",
    "light.outline.default.warning-minor-hover": "#FDA97CFF",
    "light.outline.default.warning-minor-active": "#FC8F54FF",
    "light.outline.default.negative-minor-hover": "#FFA3ACFF",
    "light.outline.default.negative-minor-active": "#FF7A88FF",
    "light.outline.default.info-minor-hover": "#A1C1FDFF",
    "light.outline.default.info-minor-active": "#79A7FCFF",
    "light.outline.default.transparent-positive-hover": "#1A9E321F",
    "light.outline.default.transparent-positive-active": "#1A9E323D",
    "light.outline.default.transparent-warning-hover": "#FA5F051F",
    "light.outline.default.transparent-warning-active": "#FA5F053D",
    "light.outline.default.negative-transparent-hover": "#000000FF",
    "light.outline.default.negative-transparent-active": "#CCCCCCFF",
    "light.outline.default.transparent-info-hover": "#2A72F81F",
    "light.outline.default.transparent-info-active": "#2A72F83D",
    "light.outline.default.primary": "[general.gray.200]",
    "light.outline.default.primary-hover": "#EDEDEDFF",
    "light.outline.default.primary-active": "#D4D4D4FF",
    "light.outline.default.secondary": "[general.gray.400]",
    "light.outline.default.tertiary": "[general.gray.700]",
    "light.outline.default.default": "[general.gray.1000]",
    "light.outline.default.transparent-primary": "#08080833",
    "light.outline.default.transparent-secondary": "#08080866",
    "light.outline.default.transparent-tertiary": "#0808088F",
    "light.outline.default.transparent-clear": "#FFFFFF00",
    "light.outline.default.accent": "[general.electricBlue.600]",
    "light.outline.default.accent-minor": "[general.electricBlue.300]",
    "light.outline.default.transparent-accent": "#2A72F833",
    "light.outline.default.positive": "[general.green.500]",
    "light.outline.default.warning": "[general.orange.500]",
    "light.outline.default.negative": "[general.red.600]",
    "light.outline.default.positive-minor": "[general.green.300]",
    "light.outline.default.warning-minor": "[general.orange.300]",
    "light.outline.default.negative-minor": "[general.red.300]",
    "light.outline.default.transparent-positive": "#1A9E3233",
    "light.outline.default.transparent-warning": "#FA5F0533",
    "light.outline.default.transparent-negative": "#F31B3133",
    "light.outline.default.transparent-negative-hover": "#F31B311F",
    "light.outline.default.transparent-negative-active": "#F31B313D",
    "light.outline.default.info": "[general.electricBlue.500]",
    "light.outline.default.info-minor": "[general.electricBlue.300]",
    "light.outline.default.transparent-info": "#2A72F833",
    "light.outline.on-dark.secondary-hover": "#636363FF",
    "light.outline.on-dark.secondary-active": "#454545FF",
    "light.outline.on-dark.tertiary-hover": "#858585FF",
    "light.outline.on-dark.tertiary-active": "#666666FF",
    "light.outline.on-dark.default-hover": "#FFFFFFFF",
    "light.outline.on-dark.default-active": "#F5F5F5FF",
    "light.outline.on-dark.transparent-primary": "#FFFFFF1F",
    "light.outline.on-dark.transparent-primary-hover": "#FFFFFF0A",
    "light.outline.on-dark.transparent-primary-active": "#FFFFFF29",
    "light.outline.on-dark.transparent-secondary": "#FFFFFF33",
    "light.outline.on-dark.transparent-secondary-hover": "#FFFFFF1F",
    "light.outline.on-dark.transparent-secondary-active": "#FFFFFF3D",
    "light.outline.on-dark.transparent-tertiary": "#FFFFFF66",
    "light.outline.on-dark.transparent-tertiary-hover": "#FFFFFF52",
    "light.outline.on-dark.transparent-tertiary-active": "#FFFFFF70",
    "light.outline.on-dark.accent": "[general.electricBlue.500]",
    "light.outline.on-dark.accent-hover": "#689CFDFF",
    "light.outline.on-dark.accent-active": "#2B74FDFF",
    "light.outline.on-dark.accent-minor": "[general.electricBlue.800]",
    "light.outline.on-dark.accent-minor-hover": "#1956C8FF",
    "light.outline.on-dark.accent-minor-active": "#13429AFF",
    "light.outline.on-dark.transparent-accent": "#3F81FD47",
    "light.outline.on-dark.transparent-accent-hover": "#3F82FD33",
    "light.outline.on-dark.transparent-accent-active": "#3F82FD52",
    "light.outline.on-dark.positive": "[general.green.400]",
    "light.outline.on-dark.positive-hover": "#28C344FF",
    "light.outline.on-dark.positive-active": "#21A138FF",
    "light.outline.on-dark.warning": "[general.orange.400]",
    "light.outline.on-dark.warning-hover": "#FF8B4DFF",
    "light.outline.on-dark.warning-active": "#FF630FFF",
    "light.outline.on-dark.negative": "[general.red.400]",
    "light.outline.on-dark.negative-hover": "#FF6675FF",
    "light.outline.on-dark.negative-active": "#FF293EFF",
    "light.outline.on-dark.info-hover": "#7AA9FFFF",
    "light.outline.on-dark.info-active": "#3D81FFFF",
    "light.outline.on-dark.positive-minor": "[general.orange.800]",
    "light.outline.on-dark.positive-minor-hover": "#95400EFF",
    "light.outline.on-dark.positive-minor-active": "#70300AFF",
    "light.outline.on-dark.warning-minor": "[general.orange.800]",
    "light.outline.on-dark.warning-minor-hover": "#95400EFF",
    "light.outline.on-dark.warning-minor-active": "#70300AFF",
    "light.outline.on-dark.negative-minor": "[general.red.800]",
    "light.outline.on-dark.negative-minor-hover": "#B91828FF",
    "light.outline.on-dark.negative-minor-active": "#8C121EFF",
    "light.outline.on-dark.info-minor-hover": "#1956C8FF",
    "light.outline.on-dark.info-minor-active": "#13429AFF",
    "light.outline.on-dark.transparent-positive": "#1A9E3247",
    "light.outline.on-dark.transparent-positive-hover": "#1A9E3233",
    "light.outline.on-dark.transparent-positive-active": "#1A9E3252",
    "light.outline.on-dark.transparent-warning": "#FA5F0547",
    "light.outline.on-dark.transparent-warning-hover": "#FA5F0533",
    "light.outline.on-dark.transparent-warning-active": "#FA5F0552",
    "light.outline.on-dark.negative-transparent": "#FF293E47",
    "light.outline.on-dark.negative-transparent-hover": "#FF293E33",
    "light.outline.on-dark.negative-transparent-active": "#FF293E52",
    "light.outline.on-dark.transparent-info-hover": "#3F82FD33",
    "light.outline.on-dark.transparent-info-active": "#3F82FD52",
    "light.outline.on-dark.primary": "[general.gray.900]",
    "light.outline.on-dark.primary-hover": "#3B3B3BFF",
    "light.outline.on-dark.primary-active": "#1C1C1CFF",
    "light.outline.on-dark.secondary": "[general.gray.800]",
    "light.outline.on-dark.tertiary": "[general.gray.700]",
    "light.outline.on-dark.default": "[general.gray.50]",
    "light.outline.on-dark.info": "[general.electricBlue.400]",
    "light.outline.on-dark.info-minor": "[general.electricBlue.800]",
    "light.outline.on-dark.transparent-info": "#3F81FD47",
    "light.outline.on-light.secondary-hover": "#A3A3A3FF",
    "light.outline.on-light.secondary-active": "#8A8A8AFF",
    "light.outline.on-light.tertiary-hover": "#858585FF",
    "light.outline.on-light.tertiary-active": "#666666FF",
    "light.outline.on-light.default": "[general.gray.1000]",
    "light.outline.on-light.default-hover": "#262626FF",
    "light.outline.on-light.default-active": "#030303FF",
    "light.outline.on-light.transparent-primary": "#08080833",
    "light.outline.on-light.transparent-primary-hover": "#0808081F",
    "light.outline.on-light.transparent-primary-active": "#0808083D",
    "light.outline.on-light.transparent-secondary": "#08080866",
    "light.outline.on-light.transparent-secondary-hover": "#08080852",
    "light.outline.on-light.transparent-secondary-active": "#08080870",
    "light.outline.on-light.transparent-tertiary": "#0808088F",
    "light.outline.on-light.transparent-tertiary-hover": "#0808087A",
    "light.outline.on-light.transparent-tertiary-active": "#08080899",
    "light.outline.on-light.accent": "[general.electricBlue.600]",
    "light.outline.on-light.accent-hover": "#528DFAFF",
    "light.outline.on-light.accent-active": "#1665F8FF",
    "light.outline.on-light.accent-minor": "[general.electricBlue.300]",
    "light.outline.on-light.accent-minor-hover": "#A1C1FDFF",
    "light.outline.on-light.accent-minor-active": "#79A7FCFF",
    "light.outline.on-light.transparent-accent": "#2A72F833",
    "light.outline.on-light.transparent-accent-hover": "#2A72F81F",
    "light.outline.on-light.transparent-accent-active": "#2A72F83D",
    "light.outline.on-light.positive": "[general.green.500]",
    "light.outline.on-light.positive-hover": "#1EB83AFF",
    "light.outline.on-light.positive-active": "#178C2CFF",
    "light.outline.on-light.warning": "[general.orange.500]",
    "light.outline.on-light.warning-hover": "#FB782DFF",
    "light.outline.on-light.warning-active": "#E65705FF",
    "light.outline.on-light.negative": "[general.red.600]",
    "light.outline.on-light.negative-hover": "#F54254FF",
    "light.outline.on-light.negative-active": "#ED0C23FF",
    "light.outline.on-light.info-hover": "#689CFDFF",
    "light.outline.on-light.info-active": "#2B74FDFF",
    "light.outline.on-light.positive-minor": "[general.green.300]",
    "light.outline.on-light.positive-minor-hover": "#36D954FF",
    "light.outline.on-light.positive-minor-active": "#25C141FF",
    "light.outline.on-light.warning-minor": "[general.orange.300]",
    "light.outline.on-light.warning-minor-hover": "#FDA97CFF",
    "light.outline.on-light.warning-minor-active": "#FC8F54FF",
    "light.outline.on-light.negative-minor": "[general.red.300]",
    "light.outline.on-light.negative-minor-hover": "#FFA3ACFF",
    "light.outline.on-light.negative-minor-active": "#FF7A88FF",
    "light.outline.on-light.info-minor-hover": "#A1C1FDFF",
    "light.outline.on-light.info-minor-active": "#79A7FCFF",
    "light.outline.on-light.transparent-positive": "#1A9E3233",
    "light.outline.on-light.transparent-positive-hover": "#1A9E321F",
    "light.outline.on-light.transparent-positive-active": "#1A9E323D",
    "light.outline.on-light.transparent-warning": "#E8570233",
    "light.outline.on-light.transparent-warning-hover": "#E857021F",
    "light.outline.on-light.transparent-warning-active": "#E857023D",
    "light.outline.on-light.negative-transparent": "#F31B3133",
    "light.outline.on-light.negative-transparent-hover": "#F31B311F",
    "light.outline.on-light.negative-transparent-active": "#F31B313D",
    "light.outline.on-light.transparent-info-hover": "#2A72F81F",
    "light.outline.on-light.transparent-info-active": "#2A72F83D",
    "light.outline.on-light.primary": "[general.gray.200]",
    "light.outline.on-light.primary-hover": "#EDEDEDFF",
    "light.outline.on-light.primary-active": "#D4D4D4FF",
    "light.outline.on-light.secondary": "[general.gray.400]",
    "light.outline.on-light.tertiary": "[general.gray.700]",
    "light.outline.on-light.info": "[general.electricBlue.500]",
    "light.outline.on-light.info-minor": "[general.electricBlue.300]",
    "light.outline.on-light.transparent-info": "#2A72F833",
    "light.outline.inverse.primary-hover": "#000000FF",
    "light.outline.inverse.primary-active": "#CCCCCCFF"
}