{
    "name": "plasma_stards",
    "version": "0.3.0-rc",
    "components": [
        {
            "componentName": "avatar",
            "styleName": "avatar",
            "config": "avatar_config.json"
        },
        {
            "componentName": "avatar-group",
            "styleName": "avatar-group",
            "config": "avatar_group_config.json"
        },
        {
            "componentName": "badge",
            "styleName": "badge-solid",
            "config": "badge_solid_config.json"
        },
        {
            "componentName": "badge",
            "styleName": "badge-transparent",
            "config": "badge_transparent_config.json"
        },
        {
            "componentName": "icon-badge",
            "styleName": "icon-badge-solid",
            "config": "icon_badge_solid_config.json"
        },
        {
            "componentName": "icon-badge",
            "styleName": "icon-badge-transparent",
            "config": "icon_badge_transparent_config.json"
        },
        {
            "componentName": "basic-button",
            "styleName": "basic-button",
            "config": "basic_button_config.json"
        },
        {
            "componentName": "icon-button",
            "styleName": "icon-button",
            "config": "icon_button_config.json"
        },
        {
            "componentName": "card",
            "styleName": "card",
            "config": "card_config.json",
            "excludePlatforms": ["compose"]
        },
        {
            "componentName": "cell",
            "styleName": "cell",
            "config": "cell_config.json"
        },
        {
            "componentName": "check-box",
            "styleName": "check-box",
            "config": "checkbox_config.json"
        },
        {
            "componentName": "chip",
            "styleName": "chip",
            "config": "chip_config.json"
        },
        {
            "componentName": "chip-group",
            "styleName": "chip-group-dense",
            "config": "chip_group_dense_config.json"
        },
        {
            "componentName": "chip-group",
            "styleName": "chip-group-wide",
            "config": "chip_group_wide_config.json"
        },
        {
            "componentName": "counter",
            "styleName": "counter",
            "config": "counter_config.json"
        },
        {
            "componentName": "divider",
            "styleName": "divider",
            "config": "divider_config.json"
        },
        {
            "componentName": "indicator",
            "styleName": "indicator",
            "config": "indicator_config.json"
        },
        {
            "componentName": "overlay",
            "styleName": "overlay",
            "config": "overlay_config.json"
        },
        {
            "componentName": "progress-bar",
            "styleName": "progress-bar",
            "config": "progress_bar_config.json"
        },
        {
            "componentName": "circular-progress-bar",
            "styleName": "circular-progress-bar",
            "config": "circular_progress_bar_config.json"
        },
        {
            "componentName": "popover",
            "styleName": "popover",
            "config": "popover_config.json"
        },
        {
            "componentName": "radio-box",
            "styleName": "radio-box",
            "config": "radiobox_config.json"
        },
        {
            "componentName": "radio-box-group",
            "styleName": "radio-box-group",
            "config": "radiobox_group_config.json"
        },
        {
            "componentName": "segment",
            "styleName": "segment",
            "config": "segment_config.json"
        },
        {
            "componentName": "segment-item",
            "styleName": "segment-item",
            "config": "segment_item_config.json"
        },
        {
            "componentName": "switch",
            "styleName": "switch",
            "config": "switch_config.json"
        },
        {
            "componentName": "text-field",
            "styleName": "text-field",
            "config": "text_field_config.json"
        },
        {
            "componentName": "text-field",
            "styleName": "text-field-clear",
            "config": "text_field_clear_config.json",
            "excludePlatforms": ["view-system"]
        },
        {
            "componentName": "text-area",
            "styleName": "text-area",
            "config": "text_area_config.json"
        },
        {
            "componentName": "text-area",
            "styleName": "text-area-clear",
            "config": "text_area_clear_config.json",
            "excludePlatforms": ["view-system"]
        },
        {
            "componentName": "tooltip",
            "styleName": "tooltip",
            "config": "tooltip_config.json"
        },
        {
            "componentName": "notification",
            "styleName": "notification-compact",
            "config": "notification_compact_config.json"
        },
        {
            "componentName": "notification",
            "styleName": "notification-loose",
            "config": "notification_loose_config.json"
        },
        {
            "componentName": "list",
            "styleName": "list",
            "config": "list_config.json"
        },
        {
            "componentName": "list-item",
            "styleName": "list-item",
            "config": "list_item_config.json"
        },
        {
            "componentName": "spinner",
            "styleName": "spinner",
            "config": "spinner_config.json"
        },
        {
            "componentName": "list",
            "styleName": "dropdown-menu-list",
            "config": "dropdown_menu_list_config.json"
        },
        {
            "componentName": "list-item",
            "styleName": "dropdown-menu-item",
            "config": "dropdown_menu_item_config.json"
        },
        {
            "componentName": "dropdown-menu",
            "styleName": "dropdown-menu",
            "config": "dropdown_menu_config.json"
        }
    ]
}
