{
    "view": {},
    "variations": [
        {
            "id": "xl",
            "parent": null,
            "props": { 
                "listItemStyle": {
                    "type": "component_style",
                    "value": "dropdown-menu-item-normal.xl.default"
                }
             }
        },
        {
            "id": "l",
            "parent": null,
            "props": { 
                "listItemStyle": {
                    "type": "component_style",
                    "value": "dropdown-menu-item-normal.l.default"
                }
             }
        },
        {
            "id": "m",
            "parent": null,
            "props": { 
                "listItemStyle": {
                    "type": "component_style",
                    "value": "dropdown-menu-item-normal.m.default"
                }
             }
        },
        {
            "id": "s",
            "parent": null,
            "props": { 
                "listItemStyle": {
                    "type": "component_style",
                    "value": "dropdown-menu-item-normal.s.default"
                }
             }
        },
        {
            "id": "xs",
            "parent": null,
            "props": { 
                "listItemStyle": {
                    "type": "component_style",
                    "value": "dropdown-menu-item-normal.xs.default"
                }
             }
        }
    ],
    "props": {
        "dividerStyle": {
            "type": "component_style",
            "value": "divider"
        }
    }
}