{
    "view": {
        "default": {
            "props": {
                "iconColor": {
                    "type": "color",
                    "default": "text.inverse.primary",
                    "states": [
                        {
                            "state": [
                                "pressed"
                            ],
                            "value": "text.inverse.primary-active"
                        },
                        {
                            "state": [
                                "hovered"
                            ],
                            "value": "text.inverse.primary-hover"
                        }
                    ]
                },
                "spinnerColor": {
                    "type": "color",
                    "default": "text.inverse.primary",
                    "states": [
                        {
                            "state": [
                                "pressed"
                            ],
                            "value": "text.inverse.primary-active"
                        },
                        {
                            "state": [
                                "hovered"
                            ],
                            "value": "text.inverse.primary-hover"
                        }
                    ]
                },
                "backgroundColor": {
                    "type": "color",
                    "default": "surface.default.solid-default",
                    "states": [
                        {
                            "state": [
                                "pressed"
                            ],
                            "value": "surface.default.solid-default-active"
                        },
                        {
                            "state": [
                                "hovered"
                            ],
                            "value": "surface.default.solid-default-hover"
                        }
                    ]
                }
            }
        },
        "secondary": {
            "props": {
                "iconColor": {
                    "type": "color",
                    "default": "text.default.primary",
                    "states": [
                        {
                            "state": [
                                "pressed"
                            ],
                            "value": "text.default.primary-active"
                        },
                        {
                            "state": [
                                "hovered"
                            ],
                            "value": "text.default.primary-hover"
                        }
                    ]
                },
                "spinnerColor": {
                    "type": "color",
                    "default": "text.default.primary",
                    "states": [
                        {
                            "state": [
                                "pressed"
                            ],
                            "value": "text.default.primary-active"
                        },
                        {
                            "state": [
                                "hovered"
                            ],
                            "value": "text.default.primary-hover"
                        }
                    ]
                },
                "backgroundColor": {
                    "type": "color",
                    "default": "surface.default.transparent-secondary",
                    "states": [
                        {
                            "state": [
                                "pressed"
                            ],
                            "value": "surface.default.transparent-secondary-active"
                        },
                        {
                            "state": [
                                "hovered"
                            ],
                            "value": "surface.default.transparent-secondary-hover"
                        }
                    ]
                }
            }
        },
        "accent": {
            "props": {
                "iconColor": {
                    "type": "color",
                    "default": "text.inverse.primary",
                    "states": [
                        {
                            "state": [
                                "pressed"
                            ],
                            "value": "text.inverse.primary-active"
                        },
                        {
                            "state": [
                                "hovered"
                            ],
                            "value": "text.inverse.primary-hover"
                        }
                    ]
                },
                "spinnerColor": {
                    "type": "color",
                    "default": "text.inverse.primary",
                    "states": [
                        {
                            "state": [
                                "pressed"
                            ],
                            "value": "text.inverse.primary-active"
                        },
                        {
                            "state": [
                                "hovered"
                            ],
                            "value": "text.inverse.primary-hover"
                        }
                    ]
                },
                "backgroundColor": {
                    "type": "color",
                    "default": "surface.default.accent",
                    "states": [
                        {
                            "state": [
                                "pressed"
                            ],
                            "value": "surface.default.accent-active"
                        },
                        {
                            "state": [
                                "hovered"
                            ],
                            "value": "surface.default.accent-hover"
                        }
                    ]
                }
            }
        },
        "positive": {
            "props": {
                "iconColor": {
                    "type": "color",
                    "default": "text.on-dark.primary",
                    "states": [
                        {
                            "state": [
                                "pressed"
                            ],
                            "value": "text.on-dark.primary-active"
                        },
                        {
                            "state": [
                                "hovered"
                            ],
                            "value": "text.on-dark.primary-hover"
                        }
                    ]
                },
                "spinnerColor": {
                    "type": "color",
                    "default": "text.on-dark.primary",
                    "states": [
                        {
                            "state": [
                                "pressed"
                            ],
                            "value": "text.on-dark.primary-active"
                        },
                        {
                            "state": [
                                "hovered"
                            ],
                            "value": "text.on-dark.primary-hover"
                        }
                    ]
                },
                "backgroundColor": {
                    "type": "color",
                    "default": "surface.default.positive",
                    "states": [
                        {
                            "state": [
                                "pressed"
                            ],
                            "value": "surface.default.positive-active"
                        },
                        {
                            "state": [
                                "hovered"
                            ],
                            "value": "surface.default.positive-hover"
                        }
                    ]
                }
            }
        },
        "negative": {
            "props": {
                "iconColor": {
                    "type": "color",
                    "default": "text.on-dark.primary",
                    "states": [
                        {
                            "state": [
                                "pressed"
                            ],
                            "value": "text.on-dark.primary-active"
                        },
                        {
                            "state": [
                                "hovered"
                            ],
                            "value": "text.on-dark.primary-hover"
                        }
                    ]
                },
                "spinnerColor": {
                    "type": "color",
                    "default": "text.on-dark.primary",
                    "states": [
                        {
                            "state": [
                                "pressed"
                            ],
                            "value": "text.on-dark.primary-active"
                        },
                        {
                            "state": [
                                "hovered"
                            ],
                            "value": "text.on-dark.primary-hover"
                        }
                    ]
                },
                "backgroundColor": {
                    "type": "color",
                    "default": "surface.default.negative",
                    "states": [
                        {
                            "state": [
                                "pressed"
                            ],
                            "value": "surface.default.negative-active"
                        },
                        {
                            "state": [
                                "hovered"
                            ],
                            "value": "surface.default.negative-hover"
                        }
                    ]
                }
            }
        },
        "warning": {
            "props": {
                "iconColor": {
                    "type": "color",
                    "default": "text.on-dark.primary",
                    "states": [
                        {
                            "state": [
                                "pressed"
                            ],
                            "value": "text.on-dark.primary-active"
                        },
                        {
                            "state": [
                                "hovered"
                            ],
                            "value": "text.on-dark.primary-hover"
                        }
                    ]
                },
                "spinnerColor": {
                    "type": "color",
                    "default": "text.on-dark.primary",
                    "states": [
                        {
                            "state": [
                                "pressed"
                            ],
                            "value": "text.on-dark.primary-active"
                        },
                        {
                            "state": [
                                "hovered"
                            ],
                            "value": "text.on-dark.primary-hover"
                        }
                    ]
                },
                "backgroundColor": {
                    "type": "color",
                    "default": "surface.default.warning",
                    "states": [
                        {
                            "state": [
                                "pressed"
                            ],
                            "value": "surface.default.warning-active"
                        },
                        {
                            "state": [
                                "hovered"
                            ],
                            "value": "surface.default.warning-hover"
                        }
                    ]
                }
            }
        },
        "clear": {
            "props": {
                "iconColor": {
                    "type": "color",
                    "default": "text.default.primary",
                    "states": [
                        {
                            "state": [
                                "pressed"
                            ],
                            "value": "text.default.primary-active"
                        },
                        {
                            "state": [
                                "hovered"
                            ],
                            "value": "text.default.primary-hover"
                        }
                    ]
                },
                "spinnerColor": {
                    "type": "color",
                    "default": "text.default.primary",
                    "states": [
                        {
                            "state": [
                                "pressed"
                            ],
                            "value": "text.default.primary-active"
                        },
                        {
                            "state": [
                                "hovered"
                            ],
                            "value": "text.default.primary-hover"
                        }
                    ]
                },
                "backgroundColor": {
                    "type": "color",
                    "default": "surface.default.clear",
                    "states": [
                        {
                            "state": [
                                "pressed"
                            ],
                            "value": "surface.default.clear-active"
                        },
                        {
                            "state": [
                                "hovered"
                            ],
                            "value": "surface.default.clear-hover"
                        }
                    ]
                }
            }
        },
        "dark": {
            "props": {
                "iconColor": {
                    "type": "color",
                    "default": "text.on-dark.primary",
                    "states": [
                        {
                            "state": [
                                "pressed"
                            ],
                            "value": "text.on-dark.primary-active"
                        },
                        {
                            "state": [
                                "hovered"
                            ],
                            "value": "text.on-dark.primary-hover"
                        }
                    ]
                },
                "spinnerColor": {
                    "type": "color",
                    "default": "text.on-dark.primary",
                    "states": [
                        {
                            "state": [
                                "pressed"
                            ],
                            "value": "text.on-dark.primary-active"
                        },
                        {
                            "state": [
                                "hovered"
                            ],
                            "value": "text.on-dark.primary-hover"
                        }
                    ]
                },
                "backgroundColor": {
                    "type": "color",
                    "default": "surface.on-light.transparent-deep",
                    "states": [
                        {
                            "state": [
                                "pressed"
                            ],
                            "value": "surface.on-light.transparent-deep-active"
                        },
                        {
                            "state": [
                                "hovered"
                            ],
                            "value": "surface.on-light.transparent-deep-hover"
                        }
                    ]
                }
            }
        },
        "black": {
            "props": {
                "iconColor": {
                    "type": "color",
                    "default": "text.on-dark.primary",
                    "states": [
                        {
                            "state": [
                                "pressed"
                            ],
                            "value": "text.on-dark.primary-active"
                        },
                        {
                            "state": [
                                "hovered"
                            ],
                            "value": "text.on-dark.primary-hover"
                        }
                    ]
                },
                "spinnerColor": {
                    "type": "color",
                    "default": "text.on-dark.primary",
                    "states": [
                        {
                            "state": [
                                "pressed"
                            ],
                            "value": "text.on-dark.primary-active"
                        },
                        {
                            "state": [
                                "hovered"
                            ],
                            "value": "text.on-dark.primary-hover"
                        }
                    ]
                },
                "backgroundColor": {
                    "type": "color",
                    "default": "surface.on-light.solid-default",
                    "states": [
                        {
                            "state": [
                                "pressed"
                            ],
                            "value": "surface.on-light.solid-default-active"
                        },
                        {
                            "state": [
                                "hovered"
                            ],
                            "value": "surface.on-light.solid-default-hover"
                        }
                    ]
                }
            }
        },
        "white": {
            "props": {
                "iconColor": {
                    "type": "color",
                    "default": "text.on-light.primary",
                    "states": [
                        {
                            "state": [
                                "pressed"
                            ],
                            "value": "text.on-light.primary-active"
                        },
                        {
                            "state": [
                                "hovered"
                            ],
                            "value": "text.on-light.primary-hover"
                        }
                    ]
                },
                "spinnerColor": {
                    "type": "color",
                    "default": "text.on-light.primary",
                    "states": [
                        {
                            "state": [
                                "pressed"
                            ],
                            "value": "text.on-light.primary-active"
                        },
                        {
                            "state": [
                                "hovered"
                            ],
                            "value": "text.on-light.primary-hover"
                        }
                    ]
                },
                "backgroundColor": {
                    "type": "color",
                    "default": "surface.on-dark.solid-default",
                    "states": [
                        {
                            "state": [
                                "pressed"
                            ],
                            "value": "surface.on-dark.solid-default-active"
                        },
                        {
                            "state": [
                                "hovered"
                            ],
                            "value": "surface.on-dark.solid-default-hover"
                        }
                    ]
                }
            }
        }
    },
    "props": {
        "loadingAlpha": {
            "type": "float",
            "value": 0
        },
        "disableAlpha": {
            "type": "float",
            "value": 0.4
        }
    },
    "variations": [
        {
            "id": "xl",
            "parent": null,
            "props": {
                "shape": {
                    "type": "shape",
                    "value": "round.l"
                },
                "height": {
                    "type": "dimension",
                    "value": 64
                },
                "paddingStart": {
                    "type": "dimension",
                    "value": 20
                },
                "paddingEnd": {
                    "type": "dimension",
                    "value": 20
                },
                "minWidth": {
                    "type": "dimension",
                    "value": 64
                },
                "iconSize": {
                    "type": "dimension",
                    "value": 24
                },
                "spinnerSize": {
                    "type": "dimension",
                    "value": 24
                },
                "spinnerStrokeWidth": {
                    "type": "dimension",
                    "value": 2
                }
            }
        },
        {
            "id": "xl.pilled",
            "parent": "xl",
            "props": {
                "shape": {
                    "type": "shape",
                    "value": "round.circle"
                }
            }
        },
        {
            "id": "l",
            "parent": null,
            "props": {
                "shape": {
                    "type": "shape",
                    "value": "round.l",
                    "adjustment": -2
                },
                "height": {
                    "type": "dimension",
                    "value": 56
                },
                "paddingStart": {
                    "type": "dimension",
                    "value": 16
                },
                "paddingEnd": {
                    "type": "dimension",
                    "value": 16
                },
                "minWidth": {
                    "type": "dimension",
                    "value": 56
                },
                "iconSize": {
                    "type": "dimension",
                    "value": 24
                },
                "spinnerSize": {
                    "type": "dimension",
                    "value": 22
                },
                "spinnerStrokeWidth": {
                    "type": "dimension",
                    "value": 2
                }
            }
        },
        {
            "id": "l.pilled",
            "parent": "l",
            "props": {
                "shape": {
                    "type": "shape",
                    "value": "round.circle"
                }
            }
        },
        {
            "id": "m",
            "parent": null,
            "props": {
                "shape": {
                    "type": "shape",
                    "value": "round.m"
                },
                "height": {
                    "type": "dimension",
                    "value": 48
                },
                "paddingStart": {
                    "type": "dimension",
                    "value": 12
                },
                "paddingEnd": {
                    "type": "dimension",
                    "value": 12
                },
                "minWidth": {
                    "type": "dimension",
                    "value": 48
                },
                "iconSize": {
                    "type": "dimension",
                    "value": 24
                },
                "spinnerSize": {
                    "type": "dimension",
                    "value": 22
                },
                "spinnerStrokeWidth": {
                    "type": "dimension",
                    "value": 2
                }
            }
        },
        {
            "id": "m.pilled",
            "parent": "m",
            "props": {
                "shape": {
                    "type": "shape",
                    "value": "round.circle"
                }
            }
        },
        {
            "id": "s",
            "parent": null,
            "props": {
                "shape": {
                    "type": "shape",
                    "value": "round.m",
                    "adjustment": -2
                },
                "height": {
                    "type": "dimension",
                    "value": 40
                },
                "paddingStart": {
                    "type": "dimension",
                    "value": 8
                },
                "paddingEnd": {
                    "type": "dimension",
                    "value": 8
                },
                "minWidth": {
                    "type": "dimension",
                    "value": 40
                },
                "iconSize": {
                    "type": "dimension",
                    "value": 24
                },
                "spinnerSize": {
                    "type": "dimension",
                    "value": 22
                },
                "spinnerStrokeWidth": {
                    "type": "dimension",
                    "value": 2
                }
            }
        },
        {
            "id": "s.pilled",
            "parent": "s",
            "props": {
                "shape": {
                    "type": "shape",
                    "value": "round.circle"
                }
            }
        },
        {
            "id": "xs",
            "parent": null,
            "props": {
                "shape": {
                    "type": "shape",
                    "value": "round.s"
                },
                "height": {
                    "type": "dimension",
                    "value": 32
                },
                "paddingStart": {
                    "type": "dimension",
                    "value": 8
                },
                "paddingEnd": {
                    "type": "dimension",
                    "value": 8
                },
                "minWidth": {
                    "type": "dimension",
                    "value": 32
                },
                "iconSize": {
                    "type": "dimension",
                    "value": 16
                },
                "spinnerSize": {
                    "type": "dimension",
                    "value": 16
                },
                "spinnerStrokeWidth": {
                    "type": "dimension",
                    "value": 1
                }
            }
        },
        {
            "id": "xs.pilled",
            "parent": "xs",
            "props": {
                "shape": {
                    "type": "shape",
                    "value": "round.circle"
                }
            }
        },
        {
            "id": "xxs",
            "parent": null,
            "props": {
                "shape": {
                    "type": "shape",
                    "value": "round.xs"
                },
                "height": {
                    "type": "dimension",
                    "value": 24
                },
                "paddingStart": {
                    "type": "dimension",
                    "value": 6
                },
                "paddingEnd": {
                    "type": "dimension",
                    "value": 6
                },
                "minWidth": {
                    "type": "dimension",
                    "value": 24
                },
                "iconSize": {
                    "type": "dimension",
                    "value": 12
                },
                "spinnerSize": {
                    "type": "dimension",
                    "value": 12
                },
                "spinnerStrokeWidth": {
                    "type": "dimension",
                    "value": 1
                }
            }
        },
        {
            "id": "xxs.pilled",
            "parent": "xxs",
            "props": {
                "shape": {
                    "type": "shape",
                    "value": "round.circle"
                }
            }
        }
    ]
}