{
    "down.soft.s": [
        "0px 4px 14px -4px #08080814",
        "0px 1px 4px -1px #0000000A"
    ],
    "down.soft.m": [
        "0px 24px 48px -8px #00000014"
    ],
    "down.soft.l": [
        "0px 60px 112px -8px #00000014"
    ],
    "down.hard.s": [
        "0px 4px 12px -3px #08080829",
        "0px 1px 4px -2px #00000014"
    ],
    "down.hard.m": [
        "0px 16px 32px -8px #0000003D"
    ],
    "down.hard.l": [
        "0px 60px 112px -8px #00000066"
    ],
    "up.soft.s": [
        "0px -4px 14px -4px #08080814",
        "0px -1px 4px -1px #00000008"
    ],
    "up.soft.m": [
        "0px -24px 48px -8px #00000014"
    ],
    "up.soft.l": [
        "0px -60px 112px -8px #00000014"
    ],
    "up.hard.s": [
        "0px -4px 12px -3px #08080833",
        "0px -1px 4px -1px #00000008"
    ],
    "up.hard.m": [
        "0px -16px 32px -8px #0000003D"
    ],
    "up.hard.l": [
        "0px -60px 112px -8px #00000066"
    ]
}