{
    "props": {
        "disableAlpha": {
            "type": "float",
            "value": 0.4
        },
        "shape": {
            "type": "shape",
            "value": "round.circle"
        }
    },
    "view": {
        "default": {
            "props": {
                "iconColor": {
                    "type": "color",
                    "default": "text.inverse.primary",
                    "states": [
                        {
                            "state": [
                                "pressed"
                            ],
                            "value": "text.inverse.primary-active"
                        },
                        {
                            "state": [
                                "hovered"
                            ],
                            "value": "text.inverse.primary-hover"
                        }
                    ]
                },
                "spinnerColor": {
                    "type": "color",
                    "default": "text.inverse.primary",
                    "states": [
                        {
                            "state": [
                                "pressed"
                            ],
                            "value": "text.inverse.primary-active"
                        },
                        {
                            "state": [
                                "hovered"
                            ],
                            "value": "text.inverse.primary-hover"
                        }
                    ]
                },
                "labelColor": {
                    "type": "color",
                    "default": "text.inverse.primary",
                    "states": [
                        {
                            "state": [
                                "pressed"
                            ],
                            "value": "text.inverse.primary-active"
                        },
                        {
                            "state": [
                                "hovered"
                            ],
                            "value": "text.inverse.primary-hover"
                        }
                    ]
                },
                "backgroundColor": {
                    "type": "color",
                    "default": "surface.default.solid-default",
                    "states": [
                        {
                            "state": [
                                "pressed"
                            ],
                            "value": "surface.default.solid-default-active"
                        },
                        {
                            "state": [
                                "hovered"
                            ],
                            "value": "surface.default.solid-default-hover"
                        }
                    ]
                },
                "valueColor": {
                    "type": "color",
                    "default": "text.inverse.secondary",
                    "states": [
                        {
                            "state": [
                                "pressed"
                            ],
                            "value": "text.inverse.secondary-active"
                        },
                        {
                            "state": [
                                "hovered"
                            ],
                            "value": "text.inverse.secondary-hover"
                        }
                    ]
                },
                "loadingAlpha": {
                    "type": "float",
                    "value": 0
                }
            }
        },
        "secondary": {
            "props": {
                "iconColor": {
                    "type": "color",
                    "default": "text.default.primary",
                    "states": [
                        {
                            "state": [
                                "pressed"
                            ],
                            "value": "text.default.primary-active"
                        },
                        {
                            "state": [
                                "hovered"
                            ],
                            "value": "text.default.primary-hover"
                        }
                    ]
                },
                "spinnerColor": {
                    "type": "color",
                    "default": "text.default.primary",
                    "states": [
                        {
                            "state": [
                                "pressed"
                            ],
                            "value": "text.default.primary-active"
                        },
                        {
                            "state": [
                                "hovered"
                            ],
                            "value": "text.default.primary-hover"
                        }
                    ]
                },
                "labelColor": {
                    "type": "color",
                    "default": "text.default.primary",
                    "states": [
                        {
                            "state": [
                                "pressed"
                            ],
                            "value": "text.default.primary-active"
                        },
                        {
                            "state": [
                                "hovered"
                            ],
                            "value": "text.default.primary-hover"
                        }
                    ]
                },
                "backgroundColor": {
                    "type": "color",
                    "default": "surface.default.transparent-secondary",
                    "states": [
                        {
                            "state": [
                                "pressed"
                            ],
                            "value": "surface.default.transparent-secondary-active"
                        },
                        {
                            "state": [
                                "hovered"
                            ],
                            "value": "surface.default.transparent-secondary-hover"
                        }
                    ]
                },
                "valueColor": {
                    "type": "color",
                    "default": "text.default.secondary",
                    "states": [
                        {
                            "state": [
                                "pressed"
                            ],
                            "value": "text.default.secondary-active"
                        },
                        {
                            "state": [
                                "hovered"
                            ],
                            "value": "text.default.secondary-hover"
                        }
                    ]
                },
                "loadingAlpha": {
                    "type": "float",
                    "value": 0
                }
            }
        },
        "accent": {
            "props": {
                "iconColor": {
                    "type": "color",
                    "default": "text.inverse.primary",
                    "states": [
                        {
                            "state": [
                                "pressed"
                            ],
                            "value": "text.inverse.primary-active"
                        },
                        {
                            "state": [
                                "hovered"
                            ],
                            "value": "text.inverse.primary-hover"
                        }
                    ]
                },
                "spinnerColor": {
                    "type": "color",
                    "default": "text.inverse.primary",
                    "states": [
                        {
                            "state": [
                                "pressed"
                            ],
                            "value": "text.inverse.primary-active"
                        },
                        {
                            "state": [
                                "hovered"
                            ],
                            "value": "text.inverse.primary-hover"
                        }
                    ]
                },
                "labelColor": {
                    "type": "color",
                    "default": "text.inverse.primary",
                    "states": [
                        {
                            "state": [
                                "pressed"
                            ],
                            "value": "text.inverse.primary-active"
                        },
                        {
                            "state": [
                                "hovered"
                            ],
                            "value": "text.inverse.primary-hover"
                        }
                    ]
                },
                "backgroundColor": {
                    "type": "color",
                    "default": "surface.default.accent",
                    "states": [
                        {
                            "state": [
                                "pressed"
                            ],
                            "value": "surface.default.accent-active"
                        },
                        {
                            "state": [
                                "hovered"
                            ],
                            "value": "surface.default.accent-hover"
                        }
                    ]
                },
                "valueColor": {
                    "type": "color",
                    "default": "text.inverse.secondary",
                    "states": [
                        {
                            "state": [
                                "pressed"
                            ],
                            "value": "text.inverse.secondary-active"
                        },
                        {
                            "state": [
                                "hovered"
                            ],
                            "value": "text.inverse.secondary-hover"
                        }
                    ]
                },
                "loadingAlpha": {
                    "type": "float",
                    "value": 0
                }
            }
        },
        "positive": {
            "props": {
                "iconColor": {
                    "default": "text.on-dark.primary",
                    "states": [
                        {
                            "state": [
                                "pressed"
                            ],
                            "value": "text.on-dark.primary-active"
                        },
                        {
                            "state": [
                                "hovered"
                            ],
                            "value": "text.on-dark.primary-hover"
                        }
                    ]
                },
                "spinnerColor": {
                    "default": "text.on-dark.primary",
                    "states": [
                        {
                            "state": [
                                "pressed"
                            ],
                            "value": "text.on-dark.primary-active"
                        },
                        {
                            "state": [
                                "hovered"
                            ],
                            "value": "text.on-dark.primary-hover"
                        }
                    ]
                },
                "labelColor": {
                    "default": "text.on-dark.primary",
                    "states": [
                        {
                            "state": [
                                "pressed"
                            ],
                            "value": "text.on-dark.primary-active"
                        },
                        {
                            "state": [
                                "hovered"
                            ],
                            "value": "text.on-dark.primary-hover"
                        }
                    ]
                },
                "backgroundColor": {
                    "default": "surface.default.positive",
                    "states": [
                        {
                            "state": [
                                "pressed"
                            ],
                            "value": "surface.default.positive-active"
                        },
                        {
                            "state": [
                                "hovered"
                            ],
                            "value": "surface.default.positive-hover"
                        }
                    ]
                },
                "valueColor": {
                    "default": "text.on-dark.secondary",
                    "states": [
                        {
                            "state": [
                                "pressed"
                            ],
                            "value": "text.on-dark.secondary-active"
                        },
                        {
                            "state": [
                                "hovered"
                            ],
                            "value": "text.on-dark.secondary-hover"
                        }
                    ]
                },
                "loadingAlpha": {
                    "type": "float",
                    "value": 0
                }
            }
        },
        "negative": {
            "props": {
                "iconColor": {
                    "type": "color",
                    "default": "text.on-dark.primary",
                    "states": [
                        {
                            "state": [
                                "pressed"
                            ],
                            "value": "text.on-dark.primary-active"
                        },
                        {
                            "state": [
                                "hovered"
                            ],
                            "value": "text.on-dark.primary-hover"
                        }
                    ]
                },
                "spinnerColor": {
                    "type": "color",
                    "default": "text.on-dark.primary",
                    "states": [
                        {
                            "state": [
                                "pressed"
                            ],
                            "value": "text.on-dark.primary-active"
                        },
                        {
                            "state": [
                                "hovered"
                            ],
                            "value": "text.on-dark.primary-hover"
                        }
                    ]
                },
                "labelColor": {
                    "type": "color",
                    "default": "text.on-dark.primary",
                    "states": [
                        {
                            "state": [
                                "pressed"
                            ],
                            "value": "text.on-dark.primary-active"
                        },
                        {
                            "state": [
                                "hovered"
                            ],
                            "value": "text.on-dark.primary-hover"
                        }
                    ]
                },
                "backgroundColor": {
                    "type": "color",
                    "default": "surface.default.negative",
                    "states": [
                        {
                            "state": [
                                "pressed"
                            ],
                            "value": "surface.default.negative-active"
                        },
                        {
                            "state": [
                                "hovered"
                            ],
                            "value": "surface.default.negative-hover"
                        }
                    ]
                },
                "valueColor": {
                    "type": "color",
                    "default": "text.on-dark.secondary",
                    "states": [
                        {
                            "state": [
                                "pressed"
                            ],
                            "value": "text.on-dark.secondary-active"
                        },
                        {
                            "state": [
                                "hovered"
                            ],
                            "value": "text.on-dark.secondary-hover"
                        }
                    ]
                },
                "loadingAlpha": {
                    "type": "float",
                    "value": 0
                }
            }
        },
        "warning": {
            "props": {
                "iconColor": {
                    "type": "color",
                    "default": "text.on-dark.primary",
                    "states": [
                        {
                            "state": [
                                "pressed"
                            ],
                            "value": "text.on-dark.primary-active"
                        },
                        {
                            "state": [
                                "hovered"
                            ],
                            "value": "text.on-dark.primary-hover"
                        }
                    ]
                },
                "spinnerColor": {
                    "type": "color",
                    "default": "text.on-dark.primary",
                    "states": [
                        {
                            "state": [
                                "pressed"
                            ],
                            "value": "text.on-dark.primary-active"
                        },
                        {
                            "state": [
                                "hovered"
                            ],
                            "value": "text.on-dark.primary-hover"
                        }
                    ]
                },
                "labelColor": {
                    "type": "color",
                    "default": "text.on-dark.primary",
                    "states": [
                        {
                            "state": [
                                "pressed"
                            ],
                            "value": "text.on-dark.primary-active"
                        },
                        {
                            "state": [
                                "hovered"
                            ],
                            "value": "text.on-dark.primary-hover"
                        }
                    ]
                },
                "backgroundColor": {
                    "type": "color",
                    "default": "surface.default.warning",
                    "states": [
                        {
                            "state": [
                                "pressed"
                            ],
                            "value": "surface.default.warning-active"
                        },
                        {
                            "state": [
                                "hovered"
                            ],
                            "value": "surface.default.warning-hover"
                        }
                    ]
                },
                "valueColor": {
                    "type": "color",
                    "default": "text.on-dark.secondary",
                    "states": [
                        {
                            "state": [
                                "pressed"
                            ],
                            "value": "text.on-dark.secondary-active"
                        },
                        {
                            "state": [
                                "hovered"
                            ],
                            "value": "text.on-dark.secondary-hover"
                        }
                    ]
                },
                "loadingAlpha": {
                    "type": "float",
                    "value": 0
                }
            }
        },
        "clear": {
            "props": {
                "iconColor": {
                    "type": "color",
                    "default": "text.default.primary",
                    "states": [
                        {
                            "state": [
                                "pressed"
                            ],
                            "value": "text.default.primary-active"
                        },
                        {
                            "state": [
                                "hovered"
                            ],
                            "value": "text.default.primary-hover"
                        }
                    ]
                },
                "spinnerColor": {
                    "type": "color",
                    "default": "text.default.primary",
                    "states": [
                        {
                            "state": [
                                "pressed"
                            ],
                            "value": "text.default.primary-active"
                        },
                        {
                            "state": [
                                "hovered"
                            ],
                            "value": "text.default.primary-hover"
                        }
                    ]
                },
                "labelColor": {
                    "type": "color",
                    "default": "text.default.primary",
                    "states": [
                        {
                            "state": [
                                "pressed"
                            ],
                            "value": "text.default.primary-active"
                        },
                        {
                            "state": [
                                "hovered"
                            ],
                            "value": "text.default.primary-hover"
                        }
                    ]
                },
                "backgroundColor": {
                    "type": "color",
                    "default": "surface.default.clear",
                    "states": [
                        {
                            "state": [
                                "pressed"
                            ],
                            "value": "surface.default.transparent-secondary-active"
                        },
                        {
                            "state": [
                                "hovered"
                            ],
                            "value": "surface.default.transparent-secondary-hover"
                        }
                    ]
                },
                "valueColor": {
                    "type": "color",
                    "default": "text.default.secondary",
                    "states": [
                        {
                            "state": [
                                "pressed"
                            ],
                            "value": "text.default.secondary-active"
                        },
                        {
                            "state": [
                                "hovered"
                            ],
                            "value": "text.default.secondary-hover"
                        }
                    ]
                },
                "loadingAlpha": {
                    "type": "float",
                    "value": 0.06
                }
            }
        },
        "dark": {
            "props": {
                "iconColor": {
                    "type": "color",
                    "default": "text.on-dark.primary",
                    "states": [
                        {
                            "state": [
                                "pressed"
                            ],
                            "value": "text.on-dark.primary-active"
                        },
                        {
                            "state": [
                                "hovered"
                            ],
                            "value": "text.on-dark.primary-hover"
                        }
                    ]
                },
                "spinnerColor": {
                    "type": "color",
                    "default": "text.on-dark.primary",
                    "states": [
                        {
                            "state": [
                                "pressed"
                            ],
                            "value": "text.on-dark.primary-active"
                        },
                        {
                            "state": [
                                "hovered"
                            ],
                            "value": "text.on-dark.primary-hover"
                        }
                    ]
                },
                "labelColor": {
                    "type": "color",
                    "default": "text.on-dark.primary",
                    "states": [
                        {
                            "state": [
                                "pressed"
                            ],
                            "value": "text.on-dark.primary-active"
                        },
                        {
                            "state": [
                                "hovered"
                            ],
                            "value": "text.on-dark.primary-hover"
                        }
                    ]
                },
                "backgroundColor": {
                    "type": "color",
                    "default": "surface.on-light.transparent-deep",
                    "states": [
                        {
                            "state": [
                                "pressed"
                            ],
                            "value": "surface.on-light.transparent-deep-active"
                        },
                        {
                            "state": [
                                "hovered"
                            ],
                            "value": "surface.on-light.transparent-deep-hover"
                        }
                    ]
                },
                "valueColor": {
                    "type": "color",
                    "default": "text.on-dark.secondary",
                    "states": [
                        {
                            "state": [
                                "pressed"
                            ],
                            "value": "text.on-dark.secondary-active"
                        },
                        {
                            "state": [
                                "hovered"
                            ],
                            "value": "text.on-dark.secondary-hover"
                        }
                    ]
                },
                "loadingAlpha": {
                    "type": "float",
                    "value": 0
                }
            }
        },
        "black": {
            "props": {
                "iconColor": {
                    "type": "color",
                    "default": "text.on-dark.primary",
                    "states": [
                        {
                            "state": [
                                "pressed"
                            ],
                            "value": "text.on-dark.primary-active"
                        },
                        {
                            "state": [
                                "hovered"
                            ],
                            "value": "text.on-dark.primary-hover"
                        }
                    ]
                },
                "spinnerColor": {
                    "type": "color",
                    "default": "text.on-dark.primary",
                    "states": [
                        {
                            "state": [
                                "pressed"
                            ],
                            "value": "text.on-dark.primary-active"
                        },
                        {
                            "state": [
                                "hovered"
                            ],
                            "value": "text.on-dark.primary-hover"
                        }
                    ]
                },
                "labelColor": {
                    "type": "color",
                    "default": "text.on-dark.primary",
                    "states": [
                        {
                            "state": [
                                "pressed"
                            ],
                            "value": "text.on-dark.primary-active"
                        },
                        {
                            "state": [
                                "hovered"
                            ],
                            "value": "text.on-dark.primary-hover"
                        }
                    ]
                },
                "backgroundColor": {
                    "type": "color",
                    "default": "surface.on-light.solid-default",
                    "states": [
                        {
                            "state": [
                                "pressed"
                            ],
                            "value": "surface.on-light.solid-default-active"
                        },
                        {
                            "state": [
                                "hovered"
                            ],
                            "value": "surface.on-light.solid-default-hover"
                        }
                    ]
                },
                "valueColor": {
                    "type": "color",
                    "default": "text.on-dark.secondary",
                    "states": [
                        {
                            "state": [
                                "pressed"
                            ],
                            "value": "text.on-dark.secondary-active"
                        },
                        {
                            "state": [
                                "hovered"
                            ],
                            "value": "text.on-dark.secondary-hover"
                        }
                    ]
                },
                "loadingAlpha": {
                    "type": "float",
                    "value": 0
                }
            }
        },
        "white": {
            "props": {
                "iconColor": {
                    "type": "color",
                    "default": "text.on-light.primary",
                    "states": [
                        {
                            "state": [
                                "pressed"
                            ],
                            "value": "text.on-light.primary-active"
                        },
                        {
                            "state": [
                                "hovered"
                            ],
                            "value": "text.on-light.primary-hover"
                        }
                    ]
                },
                "spinnerColor": {
                    "type": "color",
                    "default": "text.on-light.primary",
                    "states": [
                        {
                            "state": [
                                "pressed"
                            ],
                            "value": "text.on-light.primary-active"
                        },
                        {
                            "state": [
                                "hovered"
                            ],
                            "value": "text.on-light.primary-hover"
                        }
                    ]
                },
                "labelColor": {
                    "type": "color",
                    "default": "text.on-light.primary",
                    "states": [
                        {
                            "state": [
                                "pressed"
                            ],
                            "value": "text.on-light.primary-active"
                        },
                        {
                            "state": [
                                "hovered"
                            ],
                            "value": "text.on-light.primary-hover"
                        }
                    ]
                },
                "backgroundColor": {
                    "type": "color",
                    "default": "surface.on-dark.solid-default",
                    "states": [
                        {
                            "state": [
                                "pressed"
                            ],
                            "value": "surface.on-dark.solid-default-active"
                        },
                        {
                            "state": [
                                "hovered"
                            ],
                            "value": "surface.on-dark.solid-default-hover"
                        }
                    ]
                },
                "valueColor": {
                    "type": "color",
                    "default": "text.on-light.secondary",
                    "states": [
                        {
                            "state": [
                                "pressed"
                            ],
                            "value": "text.on-light.secondary-active"
                        },
                        {
                            "state": [
                                "hovered"
                            ],
                            "value": "text.on-light.secondary-hover"
                        }
                    ]
                },
                "loadingAlpha": {
                    "type": "float",
                    "value": 0
                }
            }
        }
    },
    "variations": [
        {
            "id": "xl",
            "parent": null,
            "props": {
                "labelStyle": {
                    "type": "typography",
                    "value": "body.l.bold"
                },
                "valueStyle": {
                    "type": "typography",
                    "value": "body.l.bold"
                },
                "height": {
                    "type": "dimension",
                    "value": 64
                },
                "paddingStart": {
                    "type": "dimension",
                    "value": 28
                },
                "paddingEnd": {
                    "type": "dimension",
                    "value": 28
                },
                "minWidth": {
                    "type": "dimension",
                    "value": 106
                },
                "iconSize": {
                    "type": "dimension",
                    "value": 24
                },
                "spinnerSize": {
                    "type": "dimension",
                    "value": 24
                },
                "spinnerStrokeWidth": {
                    "type": "dimension",
                    "value": 2
                },
                "iconMargin": {
                    "type": "dimension",
                    "value": 8
                },
                "valueMargin": {
                    "type": "dimension",
                    "value": 4
                }
            }
        },
        {
            "id": "l",
            "parent": null,
            "props": {
                "labelStyle": {
                    "type": "typography",
                    "value": "body.l.bold"
                },
                "valueStyle": {
                    "type": "typography",
                    "value": "body.l.bold"
                },
                "height": {
                    "type": "dimension",
                    "value": 56
                },
                "paddingStart": {
                    "type": "dimension",
                    "value": 24
                },
                "paddingEnd": {
                    "type": "dimension",
                    "value": 24
                },
                "minWidth": {
                    "type": "dimension",
                    "value": 98
                },
                "iconSize": {
                    "type": "dimension",
                    "value": 24
                },
                "spinnerSize": {
                    "type": "dimension",
                    "value": 22
                },
                "spinnerStrokeWidth": {
                    "type": "dimension",
                    "value": 2
                },
                "iconMargin": {
                    "type": "dimension",
                    "value": 8
                },
                "valueMargin": {
                    "type": "dimension",
                    "value": 4
                }
            }
        },
        {
            "id": "m",
            "parent": null,
            "props": {
                "labelStyle": {
                    "type": "typography",
                    "value": "body.m.bold"
                },
                "valueStyle": {
                    "type": "typography",
                    "value": "body.m.bold"
                },
                "height": {
                    "type": "dimension",
                    "value": 48
                },
                "paddingStart": {
                    "type": "dimension",
                    "value": 20
                },
                "paddingEnd": {
                    "type": "dimension",
                    "value": 20
                },
                "minWidth": {
                    "type": "dimension",
                    "value": 84
                },
                "iconSize": {
                    "type": "dimension",
                    "value": 24
                },
                "spinnerSize": {
                    "type": "dimension",
                    "value": 22
                },
                "spinnerStrokeWidth": {
                    "type": "dimension",
                    "value": 2
                },
                "iconMargin": {
                    "type": "dimension",
                    "value": 6
                },
                "valueMargin": {
                    "type": "dimension",
                    "value": 4
                }
            }
        },
        {
            "id": "s",
            "parent": null,
            "props": {
                "labelStyle": {
                    "type": "typography",
                    "value": "body.s.bold"
                },
                "valueStyle": {
                    "type": "typography",
                    "value": "body.s.bold"
                },
                "height": {
                    "type": "dimension",
                    "value": 40
                },
                "paddingStart": {
                    "type": "dimension",
                    "value": 16
                },
                "paddingEnd": {
                    "type": "dimension",
                    "value": 16
                },
                "minWidth": {
                    "type": "dimension",
                    "value": 71
                },
                "iconSize": {
                    "type": "dimension",
                    "value": 24
                },
                "spinnerSize": {
                    "type": "dimension",
                    "value": 22
                },
                "spinnerStrokeWidth": {
                    "type": "dimension",
                    "value": 2
                },
                "iconMargin": {
                    "type": "dimension",
                    "value": 4
                },
                "valueMargin": {
                    "type": "dimension",
                    "value": 4
                }
            }
        },
        {
            "id": "xs",
            "parent": null,
            "props": {
                "labelStyle": {
                    "type": "typography",
                    "value": "body.xs.bold"
                },
                "valueStyle": {
                    "type": "typography",
                    "value": "body.xs.bold"
                },
                "height": {
                    "type": "dimension",
                    "value": 32
                },
                "paddingStart": {
                    "type": "dimension",
                    "value": 12
                },
                "paddingEnd": {
                    "type": "dimension",
                    "value": 12
                },
                "minWidth": {
                    "type": "dimension",
                    "value": 57
                },
                "iconSize": {
                    "type": "dimension",
                    "value": 16
                },
                "spinnerSize": {
                    "type": "dimension",
                    "value": 16
                },
                "spinnerStrokeWidth": {
                    "type": "dimension",
                    "value": 1
                },
                "iconMargin": {
                    "type": "dimension",
                    "value": 4
                },
                "valueMargin": {
                    "type": "dimension",
                    "value": 2
                }
            }
        },
        {
            "id": "xxs",
            "parent": null,
            "props": {
                "labelStyle": {
                    "type": "typography",
                    "value": "body.xs.bold"
                },
                "valueStyle": {
                    "type": "typography",
                    "value": "body.xs.bold"
                },
                "height": {
                    "type": "dimension",
                    "value": 24
                },
                "paddingStart": {
                    "type": "dimension",
                    "value": 10
                },
                "paddingEnd": {
                    "type": "dimension",
                    "value": 10
                },
                "minWidth": {
                    "type": "dimension",
                    "value": 53
                },
                "iconSize": {
                    "type": "dimension",
                    "value": 12
                },
                "spinnerSize": {
                    "type": "dimension",
                    "value": 12
                },
                "spinnerStrokeWidth": {
                    "type": "dimension",
                    "value": 1
                },
                "iconMargin": {
                    "type": "dimension",
                    "value": 4
                },
                "valueMargin": {
                    "type": "dimension",
                    "value": 2
                }
            }
        }
    ]
}