{
    "view": {},
    "props": {
        "iconColor": {
            "type": "color",
            "default": "text.default.primary"
        },
        "descriptionColor": {
            "type": "color",
            "default": "text.default.primary"
        }
    },
    "variations": [
        {
            "id": "xs",
            "parent": null,
            "props": {
                "descriptionStyle": {
                    "type": "typography",
                    "value": "body.xs.normal"
                },
                "descriptionPadding": {
                    "type": "dimension",
                    "value": 4
                },
                "paddingTop": {
                    "type": "dimension",
                    "value": 16
                },
                "paddingBottom": {
                    "type": "dimension",
                    "value": 16
                },
                "paddingStart": {
                    "type": "dimension",
                    "value": 10
                },
                "paddingEnd": {
                    "type": "dimension",
                    "value": 10
                }
            }
        },
        {
            "id": "xs.has-button",
            "parent": "xs",
            "props": {
                "paddingTop": {
                    "type": "dimension",
                    "value": 16
                },
                "paddingBottom": {
                    "type": "dimension",
                    "value": 9
                },
                "buttonStyle": {
                    "type": "component_style",
                    "value": "basic-button.xs.clear"
                }
            }
        },
        {
            "id": "s",
            "parent": null,
            "props": {
                "descriptionStyle": {
                    "type": "typography",
                    "value": "body.s.mormal"
                },
                "descriptionPadding": {
                    "type": "dimension",
                    "value": 4
                },
                "paddingTop": {
                    "type": "dimension",
                    "value": 22
                },
                "paddingBottom": {
                    "type": "dimension",
                    "value": 22
                },
                "paddingStart": {
                    "type": "dimension",
                    "value": 14
                },
                "paddingEnd": {
                    "type": "dimension",
                    "value": 14
                }
            }
        },
        {
            "id": "s.has-button",
            "parent": "s",
            "props": {
                "paddingTop": {
                    "type": "dimension",
                    "value": 22
                },
                "paddingBottom": {
                    "type": "dimension",
                    "value": 11
                },
                "buttonStyle": {
                    "type": "component_style",
                    "value": "basic-button.s.clear"
                }
            }
        },
        {
            "id": "m",
            "parent": null,
            "props": {
                "descriptionStyle": {
                    "type": "typography",
                    "value": "body.m.mormal"
                },
                "descriptionPadding": {
                    "type": "dimension",
                    "value": 6
                },
                "paddingTop": {
                    "type": "dimension",
                    "value": 26
                },
                "paddingBottom": {
                    "type": "dimension",
                    "value": 26
                },
                "paddingStart": {
                    "type": "dimension",
                    "value": 16
                },
                "paddingEnd": {
                    "type": "dimension",
                    "value": 16
                }
            }
        },
        {
            "id": "m.has-button",
            "parent": "m",
            "props": {
                "paddingTop": {
                    "type": "dimension",
                    "value": 26
                },
                "paddingBottom": {
                    "type": "dimension",
                    "value": 14
                },
                "buttonStyle": {
                    "type": "component_style",
                    "value": "basic-button.m.clear"
                }
            }
        },
        {
            "id": "l",
            "parent": null,
            "props": {
                "descriptionStyle": {
                    "type": "typography",
                    "value": "body.l.mormal"
                },
                "descriptionPadding": {
                    "type": "dimension",
                    "value": 8
                },
                "paddingTop": {
                    "type": "dimension",
                    "value": 32
                },
                "paddingBottom": {
                    "type": "dimension",
                    "value": 32
                },
                "paddingStart": {
                    "type": "dimension",
                    "value": 16
                },
                "paddingEnd": {
                    "type": "dimension",
                    "value": 16
                }
            }
        },
        {
            "id": "l.has-button",
            "parent": "l",
            "props": {
                "paddingTop": {
                    "type": "dimension",
                    "value": 32
                },
                "paddingBottom": {
                    "type": "dimension",
                    "value": 17
                },
                "buttonStyle": {
                    "type": "component_style",
                    "value": "basic-button.l.clear"
                }
            }
        },
        {
            "id": "xl",
            "parent": null,
            "props": {
                "descriptionStyle": {
                    "type": "typography",
                    "value": "body.l.mormal"
                },
                "descriptionPadding": {
                    "type": "dimension",
                    "value": 12
                },
                "paddingTop": {
                    "type": "dimension",
                    "value": 32
                },
                "paddingBottom": {
                    "type": "dimension",
                    "value": 32
                },
                "paddingStart": {
                    "type": "dimension",
                    "value": 18
                },
                "paddingEnd": {
                    "type": "dimension",
                    "value": 18
                }
            }
        },
        {
            "id": "xl.has-button",
            "parent": "xl",
            "props": {
                "paddingTop": {
                    "type": "dimension",
                    "value": 32
                },
                "paddingBottom": {
                    "type": "dimension",
                    "value": 12
                },
                "buttonStyle": {
                    "type": "component_style",
                    "value": "basic-button.xl.clear"
                }
            }
        }
    ]
}