{
    "view": {},
    "props": {},
    "variations": [
        {
            "id": "ratio_1_2",
            "parent": null,
            "props": {
                "width": {
                    "type": "float",
                    "value": 1.0
                },
                "height": {
                    "type": "float",
                    "value": 2.0
                }
            }
        },
        {
            "id": "ratio_9_16",
            "parent": null,
            "props": {
                "width": {
                    "type": "float",
                    "value": 9.0
                },
                "height": {
                    "type": "float",
                    "value": 16.0
                }
            }
        },
        {
            "id": "ratio_3_4",
            "parent": null,
            "props": {
                "width": {
                    "type": "float",
                    "value": 3.0
                },
                "height": {
                    "type": "float",
                    "value": 4.0
                }
            }
        },
        {
            "id": "ratio_2_1",
            "parent": null,
            "props": {
                "width": {
                    "type": "float",
                    "value": 2.0
                },
                "height": {
                    "type": "float",
                    "value": 1.0
                }
            }
        },
        {
            "id": "ratio_16_9",
            "parent": null,
            "props": {
                "width": {
                    "type": "float",
                    "value": 16.0
                },
                "height": {
                    "type": "float",
                    "value": 9.0
                }
            }
        },
        {
            "id": "ratio_4_3",
            "parent": null,
            "props": {
                "width": {
                    "type": "float",
                    "value": 4.0
                },
                "height": {
                    "type": "float",
                    "value": 3.0
                }
            }
        },
        {
            "id": "ratio_1_1",
            "parent": null,
            "props": {
                "width": {
                    "type": "float",
                    "value": 1.0
                },
                "height": {
                    "type": "float",
                    "value": 1.0
                }
            }
        }
    ]
}