{
    "screen-s.display.l.normal": {
        "fontFamilyRef": "font-family.display",
        "fontWeight": 400,
        "fontStyle": "normal",
        "textSize": 88,
        "lineHeight": 92,
        "letterSpacing": "normal"
    },
    "screen-s.display.l.bold": {
        "fontFamilyRef": "font-family.display",
        "fontWeight": 700,
        "fontStyle": "normal",
        "textSize": 88,
        "lineHeight": 92,
        "letterSpacing": "normal"
    },
    "screen-s.display.m.normal": {
        "fontFamilyRef": "font-family.display",
        "fontWeight": 400,
        "fontStyle": "normal",
        "textSize": 56,
        "lineHeight": 60,
        "letterSpacing": "normal"
    },
    "screen-s.display.m.bold": {
        "fontFamilyRef": "font-family.display",
        "fontWeight": 700,
        "fontStyle": "normal",
        "textSize": 56,
        "lineHeight": 60,
        "letterSpacing": "normal"
    },
    "screen-s.display.s.normal": {
        "fontFamilyRef": "font-family.display",
        "fontWeight": 400,
        "fontStyle": "normal",
        "textSize": 40,
        "lineHeight": 44,
        "letterSpacing": "normal"
    },
    "screen-s.display.s.bold": {
        "fontFamilyRef": "font-family.display",
        "fontWeight": 700,
        "fontStyle": "normal",
        "textSize": 40,
        "lineHeight": 44,
        "letterSpacing": "normal"
    },
    "screen-s.header.h1.normal": {
        "fontFamilyRef": "font-family.display",
        "fontWeight": 400,
        "fontStyle": "normal",
        "textSize": 32,
        "lineHeight": 40,
        "letterSpacing": "normal"
    },
    "screen-s.header.h1.bold": {
        "fontFamilyRef": "font-family.display",
        "fontWeight": 700,
        "fontStyle": "normal",
        "textSize": 32,
        "lineHeight": 40,
        "letterSpacing": "normal"
    },
    "screen-s.header.h2.normal": {
        "fontFamilyRef": "font-family.display",
        "fontWeight": 400,
        "fontStyle": "normal",
        "textSize": 24,
        "lineHeight": 32,
        "letterSpacing": "normal"
    },
    "screen-s.header.h2.bold": {
        "fontFamilyRef": "font-family.display",
        "fontWeight": 700,
        "fontStyle": "normal",
        "textSize": 24,
        "lineHeight": 32,
        "letterSpacing": "normal"
    },
    "screen-s.header.h3.normal": {
        "fontFamilyRef": "font-family.display",
        "fontWeight": 400,
        "fontStyle": "normal",
        "textSize": 20,
        "lineHeight": 26,
        "letterSpacing": "normal"
    },
    "screen-s.header.h3.bold": {
        "fontFamilyRef": "font-family.display",
        "fontWeight": 700,
        "fontStyle": "normal",
        "textSize": 20,
        "lineHeight": 26,
        "letterSpacing": "normal"
    },
    "screen-s.header.h4.normal": {
        "fontFamilyRef": "font-family.display",
        "fontWeight": 400,
        "fontStyle": "normal",
        "textSize": 18,
        "lineHeight": 24,
        "letterSpacing": "normal"
    },
    "screen-s.header.h4.bold": {
        "fontFamilyRef": "font-family.display",
        "fontWeight": 700,
        "fontStyle": "normal",
        "textSize": 18,
        "lineHeight": 24,
        "letterSpacing": "normal"
    },
    "screen-s.header.h5.normal": {
        "fontFamilyRef": "font-family.display",
        "fontWeight": 400,
        "fontStyle": "normal",
        "textSize": 15,
        "lineHeight": 20,
        "letterSpacing": "normal"
    },
    "screen-s.header.h5.bold": {
        "fontFamilyRef": "font-family.display",
        "fontWeight": 700,
        "fontStyle": "normal",
        "textSize": 15,
        "lineHeight": 20,
        "letterSpacing": "normal"
    },
    "screen-s.body.l.normal": {
        "fontFamilyRef": "font-family.display",
        "fontWeight": 400,
        "fontStyle": "normal",
        "textSize": 17,
        "lineHeight": 24,
        "letterSpacing": "normal"
    },
    "screen-s.body.l.bold": {
        "fontFamilyRef": "font-family.display",
        "fontWeight": 600,
        "fontStyle": "normal",
        "textSize": 17,
        "lineHeight": 24,
        "letterSpacing": 0.02
    },
    "screen-s.body.m.normal": {
        "fontFamilyRef": "font-family.display",
        "fontWeight": 400,
        "fontStyle": "normal",
        "textSize": 15,
        "lineHeight": 20,
        "letterSpacing": "normal"
    },
    "screen-s.body.m.bold": {
        "fontFamilyRef": "font-family.display",
        "fontWeight": 600,
        "fontStyle": "normal",
        "textSize": 15,
        "lineHeight": 20,
        "letterSpacing": 0.02
    },
    "screen-s.body.s.normal": {
        "fontFamilyRef": "font-family.display",
        "fontWeight": 400,
        "fontStyle": "normal",
        "textSize": 13,
        "lineHeight": 18,
        "letterSpacing": "normal"
    },
    "screen-s.body.s.bold": {
        "fontFamilyRef": "font-family.display",
        "fontWeight": 600,
        "fontStyle": "normal",
        "textSize": 13,
        "lineHeight": 18,
        "letterSpacing": 0.02
    },
    "screen-s.body.xs.normal": {
        "fontFamilyRef": "font-family.display",
        "fontWeight": 400,
        "fontStyle": "normal",
        "textSize": 12,
        "lineHeight": 16,
        "letterSpacing": "normal"
    },
    "screen-s.body.xs.bold": {
        "fontFamilyRef": "font-family.display",
        "fontWeight": 600,
        "fontStyle": "normal",
        "textSize": 12,
        "lineHeight": 16,
        "letterSpacing": 0.02
    },
    "screen-s.body.xxs.normal": {
        "fontFamilyRef": "font-family.display",
        "fontWeight": 400,
        "fontStyle": "normal",
        "textSize": 10,
        "lineHeight": 12,
        "letterSpacing": "normal"
    },
    "screen-s.body.xxs.bold": {
        "fontFamilyRef": "font-family.display",
        "fontWeight": 600,
        "fontStyle": "normal",
        "textSize": 10,
        "lineHeight": 12,
        "letterSpacing": 0.02
    },
    "screen-s.text.l.normal": {
        "fontFamilyRef": "font-family.display",
        "fontWeight": 400,
        "fontStyle": "normal",
        "textSize": 18,
        "lineHeight": 28,
        "letterSpacing": "normal"
    },
    "screen-s.text.l.bold": {
        "fontFamilyRef": "font-family.display",
        "fontWeight": 600,
        "fontStyle": "normal",
        "textSize": 18,
        "lineHeight": 28,
        "letterSpacing": "normal"
    },
    "screen-s.text.m.normal": {
        "fontFamilyRef": "font-family.display",
        "fontWeight": 400,
        "fontStyle": "normal",
        "textSize": 16,
        "lineHeight": 24,
        "letterSpacing": "normal"
    },
    "screen-s.text.m.bold": {
        "fontFamilyRef": "font-family.display",
        "fontWeight": 600,
        "fontStyle": "normal",
        "textSize": 16,
        "lineHeight": 24,
        "letterSpacing": "normal"
    },
    "screen-s.text.s.normal": {
        "fontFamilyRef": "font-family.display",
        "fontWeight": 400,
        "fontStyle": "normal",
        "textSize": 14,
        "lineHeight": 20,
        "letterSpacing": "normal"
    },
    "screen-s.text.s.bold": {
        "fontFamilyRef": "font-family.display",
        "fontWeight": 600,
        "fontStyle": "normal",
        "textSize": 14,
        "lineHeight": 20,
        "letterSpacing": "normal"
    },
    "screen-s.text.xs.normal": {
        "fontFamilyRef": "font-family.display",
        "fontWeight": 400,
        "fontStyle": "normal",
        "textSize": 12,
        "lineHeight": 16,
        "letterSpacing": "normal"
    },
    "screen-s.text.xs.bold": {
        "fontFamilyRef": "font-family.display",
        "fontWeight": 600,
        "fontStyle": "normal",
        "textSize": 12,
        "lineHeight": 16,
        "letterSpacing": "normal"
    },
    "screen-l.display.l.normal": {
        "fontFamilyRef": "font-family.display",
        "fontWeight": 400,
        "fontStyle": "normal",
        "textSize": 128,
        "lineHeight": 128,
        "letterSpacing": "normal"
    },
    "screen-l.display.l.bold": {
        "fontFamilyRef": "font-family.display",
        "fontWeight": 700,
        "fontStyle": "normal",
        "textSize": 128,
        "lineHeight": 128,
        "letterSpacing": "normal"
    },
    "screen-l.display.m.normal": {
        "fontFamilyRef": "font-family.display",
        "fontWeight": 400,
        "fontStyle": "normal",
        "textSize": 88,
        "lineHeight": 92,
        "letterSpacing": "normal"
    },
    "screen-l.display.m.bold": {
        "fontFamilyRef": "font-family.display",
        "fontWeight": 700,
        "fontStyle": "normal",
        "textSize": 88,
        "lineHeight": 92,
        "letterSpacing": "normal"
    },
    "screen-l.display.s.normal": {
        "fontFamilyRef": "font-family.display",
        "fontWeight": 400,
        "fontStyle": "normal",
        "textSize": 64,
        "lineHeight": 68,
        "letterSpacing": "normal"
    },
    "screen-l.display.s.bold": {
        "fontFamilyRef": "font-family.display",
        "fontWeight": 700,
        "fontStyle": "normal",
        "textSize": 64,
        "lineHeight": 68,
        "letterSpacing": "normal"
    },
    "screen-l.header.h1.normal": {
        "fontFamilyRef": "font-family.display",
        "fontWeight": 400,
        "fontStyle": "normal",
        "textSize": 40,
        "lineHeight": 48,
        "letterSpacing": "normal"
    },
    "screen-l.header.h1.bold": {
        "fontFamilyRef": "font-family.display",
        "fontWeight": 700,
        "fontStyle": "normal",
        "textSize": 40,
        "lineHeight": 48,
        "letterSpacing": "normal"
    },
    "screen-l.header.h2.normal": {
        "fontFamilyRef": "font-family.display",
        "fontWeight": 400,
        "fontStyle": "normal",
        "textSize": 32,
        "lineHeight": 36,
        "letterSpacing": "normal"
    },
    "screen-l.header.h2.bold": {
        "fontFamilyRef": "font-family.display",
        "fontWeight": 700,
        "fontStyle": "normal",
        "textSize": 32,
        "lineHeight": 36,
        "letterSpacing": "normal"
    },
    "screen-l.header.h3.normal": {
        "fontFamilyRef": "font-family.display",
        "fontWeight": 400,
        "fontStyle": "normal",
        "textSize": 24,
        "lineHeight": 30,
        "letterSpacing": "normal"
    },
    "screen-l.header.h3.bold": {
        "fontFamilyRef": "font-family.display",
        "fontWeight": 700,
        "fontStyle": "normal",
        "textSize": 24,
        "lineHeight": 30,
        "letterSpacing": "normal"
    },
    "screen-l.header.h4.normal": {
        "fontFamilyRef": "font-family.display",
        "fontWeight": 400,
        "fontStyle": "normal",
        "textSize": 20,
        "lineHeight": 26,
        "letterSpacing": "normal"
    },
    "screen-l.header.h4.bold": {
        "fontFamilyRef": "font-family.display",
        "fontWeight": 700,
        "fontStyle": "normal",
        "textSize": 20,
        "lineHeight": 26,
        "letterSpacing": "normal"
    },
    "screen-l.header.h5.normal": {
        "fontFamilyRef": "font-family.display",
        "fontWeight": 400,
        "fontStyle": "normal",
        "textSize": 18,
        "lineHeight": 24,
        "letterSpacing": "normal"
    },
    "screen-l.header.h5.bold": {
        "fontFamilyRef": "font-family.display",
        "fontWeight": 700,
        "fontStyle": "normal",
        "textSize": 18,
        "lineHeight": 24,
        "letterSpacing": "normal"
    },
    "screen-l.body.l.normal": {
        "fontFamilyRef": "font-family.display",
        "fontWeight": 400,
        "fontStyle": "normal",
        "textSize": 18,
        "lineHeight": 24,
        "letterSpacing": "normal"
    },
    "screen-l.body.l.bold": {
        "fontFamilyRef": "font-family.display",
        "fontWeight": 600,
        "fontStyle": "normal",
        "textSize": 18,
        "lineHeight": 24,
        "letterSpacing": 0.02
    },
    "screen-l.body.m.normal": {
        "fontFamilyRef": "font-family.display",
        "fontWeight": 400,
        "fontStyle": "normal",
        "textSize": 16,
        "lineHeight": 20,
        "letterSpacing": "normal"
    },
    "screen-l.body.m.bold": {
        "fontFamilyRef": "font-family.display",
        "fontWeight": 600,
        "fontStyle": "normal",
        "textSize": 16,
        "lineHeight": 20,
        "letterSpacing": 0.02
    },
    "screen-l.body.s.normal": {
        "fontFamilyRef": "font-family.display",
        "fontWeight": 400,
        "fontStyle": "normal",
        "textSize": 14,
        "lineHeight": 18,
        "letterSpacing": "normal"
    },
    "screen-l.body.s.bold": {
        "fontFamilyRef": "font-family.display",
        "fontWeight": 600,
        "fontStyle": "normal",
        "textSize": 14,
        "lineHeight": 18,
        "letterSpacing": 0.02
    },
    "screen-l.body.xs.normal": {
        "fontFamilyRef": "font-family.display",
        "fontWeight": 400,
        "fontStyle": "normal",
        "textSize": 12,
        "lineHeight": 16,
        "letterSpacing": "normal"
    },
    "screen-l.body.xs.bold": {
        "fontFamilyRef": "font-family.display",
        "fontWeight": 600,
        "fontStyle": "normal",
        "textSize": 12,
        "lineHeight": 16,
        "letterSpacing": 0.02
    },
    "screen-l.body.xxs.normal": {
        "fontFamilyRef": "font-family.display",
        "fontWeight": 400,
        "fontStyle": "normal",
        "textSize": 10,
        "lineHeight": 12,
        "letterSpacing": "normal"
    },
    "screen-l.body.xxs.bold": {
        "fontFamilyRef": "font-family.display",
        "fontWeight": 600,
        "fontStyle": "normal",
        "textSize": 10,
        "lineHeight": 12,
        "letterSpacing": 0.02
    },
    "screen-l.text.l.normal": {
        "fontFamilyRef": "font-family.display",
        "fontWeight": 400,
        "fontStyle": "normal",
        "textSize": 24,
        "lineHeight": 32,
        "letterSpacing": "normal"
    },
    "screen-l.text.l.bold": {
        "fontFamilyRef": "font-family.display",
        "fontWeight": 600,
        "fontStyle": "normal",
        "textSize": 24,
        "lineHeight": 32,
        "letterSpacing": "normal"
    },
    "screen-l.text.m.normal": {
        "fontFamilyRef": "font-family.display",
        "fontWeight": 400,
        "fontStyle": "normal",
        "textSize": 18,
        "lineHeight": 26,
        "letterSpacing": "normal"
    },
    "screen-l.text.m.bold": {
        "fontFamilyRef": "font-family.display",
        "fontWeight": 600,
        "fontStyle": "normal",
        "textSize": 18,
        "lineHeight": 26,
        "letterSpacing": "normal"
    },
    "screen-l.text.s.normal": {
        "fontFamilyRef": "font-family.display",
        "fontWeight": 400,
        "fontStyle": "normal",
        "textSize": 14,
        "lineHeight": 20,
        "letterSpacing": "normal"
    },
    "screen-l.text.s.bold": {
        "fontFamilyRef": "font-family.display",
        "fontWeight": 600,
        "fontStyle": "normal",
        "textSize": 14,
        "lineHeight": 20,
        "letterSpacing": "normal"
    },
    "screen-l.text.xs.normal": {
        "fontFamilyRef": "font-family.display",
        "fontWeight": 400,
        "fontStyle": "normal",
        "textSize": 12,
        "lineHeight": 16,
        "letterSpacing": "normal"
    },
    "screen-l.text.xs.bold": {
        "fontFamilyRef": "font-family.display",
        "fontWeight": 600,
        "fontStyle": "normal",
        "textSize": 12,
        "lineHeight": 16,
        "letterSpacing": "normal"
    }
}