{
    "view": {},
    "variations": [
        {
            "id": "xl",
            "parent": null,
            "props": {
                "listStyle": {
                    "type": "component_style",
                    "value": "dropdown-menu-list.xl"
                },
                "shape": {
                    "type": "shape",
                    "value": "round.l"
                },
                "width": {
                    "type": "dimension",
                    "value": 200
                },
                "scrollBarPaddingTop": {
                    "type": "dimension",
                    "value": 10
                },
                "scrollBarPaddingBottom": {
                    "type": "dimension",
                    "value": 12
                }
            }
        },
        {
            "id": "l",
            "parent": null,
            "props": {
                "listStyle": {
                    "type": "component_style",
                    "value": "dropdown-menu-list.l"
                },
                "shape": {
                    "type": "shape",
                    "value": "round.l",
                    "adjustment": -2.0
                },
                "width": {
                    "type": "dimension",
                    "value": 200
                },
                "scrollBarPaddingTop": {
                    "type": "dimension",
                    "value": 6
                },
                "scrollBarPaddingBottom": {
                    "type": "dimension",
                    "value": 8
                }
            }
        },
        {
            "id": "m",
            "parent": null,
            "props": {
                "listStyle": {
                    "type": "component_style",
                    "value": "dropdown-menu-list.m"
                },
                "shape": {
                    "type": "shape",
                    "value": "round.m"
                },
                "width": {
                    "type": "dimension",
                    "value": 200
                },
                "scrollBarPaddingTop": {
                    "type": "dimension",
                    "value": 6
                },
                "scrollBarPaddingBottom": {
                    "type": "dimension",
                    "value": 8
                }
            }
        },
        {
            "id": "s",
            "parent": null,
            "props": {
                "listStyle": {
                    "type": "component_style",
                    "value": "dropdown-menu-list.s"
                },
                "shape": {
                    "type": "shape",
                    "value": "round.m",
                    "adjustment": -2.0
                },
                "width": {
                    "type": "dimension",
                    "value": 160
                },
                "scrollBarPaddingTop": {
                    "type": "dimension",
                    "value": 6
                },
                "scrollBarPaddingBottom": {
                    "type": "dimension",
                    "value": 8
                }
            }
        },
        {
            "id": "xs",
            "parent": null,
            "props": {
                "listStyle": {
                    "type": "component_style",
                    "value": "dropdown-menu-list.xs"
                },
                "shape": {
                    "type": "shape",
                    "value": "round.s"
                },
                "width": {
                    "type": "dimension",
                    "value": 160
                },
                "scrollBarPaddingTop": {
                    "type": "dimension",
                    "value": 6
                },
                "scrollBarPaddingBottom": {
                    "type": "dimension",
                    "value": 8
                }
            }
        }
    ],
    "props": {
        "paddingStart": {
            "type": "dimension",
            "value": 2
        },
        "paddingEnd": {
            "type": "dimension",
            "value": 2
        },
        "paddingTop": {
            "type": "dimension",
            "value": 2
        },
        "paddingBottom": {
            "type": "dimension",
            "value": 2
        },
        "scrollBarStyle": {
            "type": "component_style",
            "value": "scroll-bar.s"
        },
        "dividerStyle": {
            "type": "component_style",
            "value": "divider"
        },
        "backgroundColor": {
            "type": "color",
            "default": "surface.default.solid-card"
        },
        "offset": {
            "type": "dimension",
            "value": 8
        },
        "shadow": {
            "type": "shadow",
            "value": "down.soft.s"
        },
        "strokeWidth": {
            "type": "dimension",
            "value": 1.0
        },
        "strokeColor": {
            "type": "color",
            "default": "outline.default.transparent-primary"
        }
    }
}