{
    "view": {
        "default": {
            "props": {
                "backgroundColor": {
                    "type": "color",
                    "default": "surface.default.solid-default",
                    "states": [
                        {
                            "state": [
                                "pressed"
                            ],
                            "value": "surface.default.solid-default-active"
                        },
                        {
                            "state": [
                                "hovered"
                            ],
                            "value": "surface.default.solid-default-hover"
                        }
                    ]
                },
                "contentEndColor": {
                    "type": "color",
                    "default": "text.inverse.primary",
                    "states": [
                        {
                            "state": [
                                "pressed"
                            ],
                            "value": "text.inverse.primary-active"
                        },
                        {
                            "state": [
                                "hovered"
                            ],
                            "value": "text.inverse.primary-hover"
                        }
                    ]
                },
                "contentStartColor": {
                    "type": "color",
                    "default": "text.inverse.primary",
                    "states": [
                        {
                            "state": [
                                "pressed"
                            ],
                            "value": "text.inverse.primary-active"
                        },
                        {
                            "state": [
                                "hovered"
                            ],
                            "value": "text.inverse.primary-hover"
                        }
                    ]
                },
                "labelColor": {
                    "type": "color",
                    "default": "text.inverse.primary",
                    "states": [
                        {
                            "state": [
                                "pressed"
                            ],
                            "value": "text.inverse.primary-active"
                        },
                        {
                            "state": [
                                "hovered"
                            ],
                            "value": "text.inverse.primary-hover"
                        }
                    ]
                }
            }
        },
        "accent": {
            "props": {
                "backgroundColor": {
                    "type": "color",
                    "default": "surface.default.accent",
                    "states": [
                        {
                            "state": [
                                "pressed"
                            ],
                            "value": "surface.default.accent-active"
                        },
                        {
                            "state": [
                                "hovered"
                            ],
                            "value": "surface.default.accent-hover"
                        }
                    ]
                },
                "contentEndColor": {
                    "type": "color",
                    "default": "text.on-dark.primary",
                    "states": [
                        {
                            "state": [
                                "pressed"
                            ],
                            "value": "text.on-dark.primary-active"
                        },
                        {
                            "state": [
                                "hovered"
                            ],
                            "value": "text.on-dark.primary-hover"
                        }
                    ]
                },
                "contentStartColor": {
                    "type": "color",
                    "default": "text.on-dark.primary",
                    "states": [
                        {
                            "state": [
                                "pressed"
                            ],
                            "value": "text.on-dark.primary-active"
                        },
                        {
                            "state": [
                                "hovered"
                            ],
                            "value": "text.on-dark.primary-hover"
                        }
                    ]
                },
                "labelColor": {
                    "type": "color",
                    "default": "text.on-dark.primary",
                    "states": [
                        {
                            "state": [
                                "pressed"
                            ],
                            "value": "text.on-dark.primary-active"
                        },
                        {
                            "state": [
                                "hovered"
                            ],
                            "value": "text.on-dark.primary-hover"
                        }
                    ]
                }
            }
        },
        "negative": {
            "props": {
                "backgroundColor": {
                    "type": "color",
                    "default": "surface.default.negative",
                    "states": [
                        {
                            "state": [
                                "pressed"
                            ],
                            "value": "surface.default.negative-active"
                        },
                        {
                            "state": [
                                "hovered"
                            ],
                            "value": "surface.default.negative-hover"
                        }
                    ]
                },
                "contentEndColor": {
                    "type": "color",
                    "default": "text.on-dark.primary",
                    "states": [
                        {
                            "state": [
                                "pressed"
                            ],
                            "value": "text.on-dark.primary-active"
                        },
                        {
                            "state": [
                                "hovered"
                            ],
                            "value": "text.on-dark.primary-hover"
                        }
                    ]
                },
                "contentStartColor": {
                    "type": "color",
                    "default": "text.on-dark.primary",
                    "states": [
                        {
                            "state": [
                                "pressed"
                            ],
                            "value": "text.on-dark.primary-active"
                        },
                        {
                            "state": [
                                "hovered"
                            ],
                            "value": "text.on-dark.primary-hover"
                        }
                    ]
                },
                "labelColor": {
                    "type": "color",
                    "default": "text.on-dark.primary",
                    "states": [
                        {
                            "state": [
                                "pressed"
                            ],
                            "value": "text.on-dark.primary-active"
                        },
                        {
                            "state": [
                                "hovered"
                            ],
                            "value": "text.on-dark.primary-hover"
                        }
                    ]
                }
            }
        },
        "positive": {
            "props": {
                "backgroundColor": {
                    "type": "color",
                    "default": "surface.default.positive",
                    "states": [
                        {
                            "state": [
                                "pressed"
                            ],
                            "value": "surface.default.positive-active"
                        },
                        {
                            "state": [
                                "hovered"
                            ],
                            "value": "surface.default.positive-hover"
                        }
                    ]
                },
                "contentEndColor": {
                    "type": "color",
                    "default": "text.on-dark.primary",
                    "states": [
                        {
                            "state": [
                                "pressed"
                            ],
                            "value": "text.on-dark.primary-active"
                        },
                        {
                            "state": [
                                "hovered"
                            ],
                            "value": "text.on-dark.primary-hover"
                        }
                    ]
                },
                "contentStartColor": {
                    "type": "color",
                    "default": "text.on-dark.primary",
                    "states": [
                        {
                            "state": [
                                "pressed"
                            ],
                            "value": "text.on-dark.primary-active"
                        },
                        {
                            "state": [
                                "hovered"
                            ],
                            "value": "text.on-dark.primary-hover"
                        }
                    ]
                },
                "labelColor": {
                    "type": "color",
                    "default": "text.on-dark.primary",
                    "states": [
                        {
                            "state": [
                                "pressed"
                            ],
                            "value": "text.on-dark.primary-active"
                        },
                        {
                            "state": [
                                "hovered"
                            ],
                            "value": "text.on-dark.primary-hover"
                        }
                    ]
                }
            }
        },
        "secondary": {
            "props": {
                "backgroundColor": {
                    "type": "color",
                    "default": "surface.default.transparent-secondary",
                    "states": [
                        {
                            "state": [
                                "pressed"
                            ],
                            "value": "surface.default.transparent-secondary-active"
                        },
                        {
                            "state": [
                                "hovered"
                            ],
                            "value": "surface.default.transparent-secondary-hover"
                        }
                    ]
                },
                "contentEndColor": {
                    "type": "color",
                    "default": "text.on-dark.primary",
                    "states": [
                        {
                            "state": [
                                "pressed"
                            ],
                            "value": "text.on-dark.primary-active"
                        },
                        {
                            "state": [
                                "hovered"
                            ],
                            "value": "text.on-dark.primary-hover"
                        }
                    ]
                },
                "contentStartColor": {
                    "type": "color",
                    "default": "text.on-dark.primary",
                    "states": [
                        {
                            "state": [
                                "pressed"
                            ],
                            "value": "text.on-dark.primary-active"
                        },
                        {
                            "state": [
                                "hovered"
                            ],
                            "value": "text.on-dark.primary-hover"
                        }
                    ]
                },
                "labelColor": {
                    "type": "color",
                    "default": "text.on-dark.primary",
                    "states": [
                        {
                            "state": [
                                "pressed"
                            ],
                            "value": "text.on-dark.primary-active"
                        },
                        {
                            "state": [
                                "hovered"
                            ],
                            "value": "text.on-dark.primary-hover"
                        }
                    ]
                }
            }
        },
        "warning": {
            "props": {
                "backgroundColor": {
                    "type": "color",
                    "default": "surface.default.warning",
                    "states": [
                        {
                            "state": [
                                "pressed"
                            ],
                            "value": "surface.default.warning-active"
                        },
                        {
                            "state": [
                                "hovered"
                            ],
                            "value": "surface.default.warning-hover"
                        }
                    ]
                },
                "contentEndColor": {
                    "type": "color",
                    "default": "text.on-dark.primary",
                    "states": [
                        {
                            "state": [
                                "pressed"
                            ],
                            "value": "text.on-dark.primary-active"
                        },
                        {
                            "state": [
                                "hovered"
                            ],
                            "value": "text.on-dark.primary-hover"
                        }
                    ]
                },
                "contentStartColor": {
                    "type": "color",
                    "default": "text.on-dark.primary",
                    "states": [
                        {
                            "state": [
                                "pressed"
                            ],
                            "value": "text.on-dark.primary-active"
                        },
                        {
                            "state": [
                                "hovered"
                            ],
                            "value": "text.on-dark.primary-hover"
                        }
                    ]
                },
                "labelColor": {
                    "type": "color",
                    "default": "text.on-dark.primary",
                    "states": [
                        {
                            "state": [
                                "pressed"
                            ],
                            "value": "text.on-dark.primary-active"
                        },
                        {
                            "state": [
                                "hovered"
                            ],
                            "value": "text.on-dark.primary-hover"
                        }
                    ]
                }
            }
        }
    },
    "props": {
        "disableAlpha": {
            "type": "float",
            "value": 0.4
        }
    },
    "variations": [
        {
            "id": "l",
            "parent": null,
            "props": {
                "shape": {
                    "type": "shape",
                    "value": "round.m"
                },
                "labelStyle": {
                    "type": "typography",
                    "value": "body.l.normal"
                },
                "height": {
                    "type": "dimension",
                    "value": 48
                },
                "paddingStart": {
                    "type": "dimension",
                    "value": 16
                },
                "paddingEnd": {
                    "type": "dimension",
                    "value": 16
                },
                "contentStartSize": {
                    "type": "dimension",
                    "value": 24
                },
                "contentStartPadding": {
                    "type": "dimension",
                    "value": 8
                },
                "contentEndSize": {
                    "type": "dimension",
                    "value": 24
                },
                "contentEndPadding": {
                    "type": "dimension",
                    "value": 8
                }
            }
        },
        {
            "id": "l.pilled",
            "parent": "l",
            "props": {
                "shape": {
                    "type": "shape",
                    "value": "round.circle"
                }
            }
        },
        {
            "id": "m",
            "parent": null,
            "props": {
                "shape": {
                    "type": "shape",
                    "value": "round.m",
                    "adjustment": -2
                },
                "labelStyle": {
                    "type": "typography",
                    "value": "body.m.normal"
                },
                "height": {
                    "type": "dimension",
                    "value": 40
                },
                "paddingStart": {
                    "type": "dimension",
                    "value": 14
                },
                "paddingEnd": {
                    "type": "dimension",
                    "value": 14
                },
                "contentStartSize": {
                    "type": "dimension",
                    "value": 24
                },
                "contentStartPadding": {
                    "type": "dimension",
                    "value": 6
                },
                "contentEndSize": {
                    "type": "dimension",
                    "value": 24
                },
                "contentEndPadding": {
                    "type": "dimension",
                    "value": 6
                }
            }
        },
        {
            "id": "m.pilled",
            "parent": "m",
            "props": {
                "shape": {
                    "type": "shape",
                    "value": "round.circle"
                }
            }
        },
        {
            "id": "s",
            "parent": null,
            "props": {
                "shape": {
                    "type": "shape",
                    "value": "round.s"
                },
                "labelStyle": {
                    "type": "typography",
                    "value": "body.s.normal"
                },
                "height": {
                    "type": "dimension",
                    "value": 32
                },
                "paddingStart": {
                    "type": "dimension",
                    "value": 12
                },
                "paddingEnd": {
                    "type": "dimension",
                    "value": 12
                },
                "contentStartSize": {
                    "type": "dimension",
                    "value": 16
                },
                "contentStartPadding": {
                    "type": "dimension",
                    "value": 4
                },
                "contentEndSize": {
                    "type": "dimension",
                    "value": 16
                },
                "contentEndPadding": {
                    "type": "dimension",
                    "value": 4
                }
            }
        },
        {
            "id": "s.pilled",
            "parent": "s",
            "props": {
                "shape": {
                    "type": "shape",
                    "value": "round.circle"
                }
            }
        },
        {
            "id": "xs",
            "parent": null,
            "props": {
                "shape": {
                    "type": "shape",
                    "value": "round.xs"
                },
                "labelStyle": {
                    "type": "typography",
                    "value": "body.xs.normal"
                },
                "height": {
                    "type": "dimension",
                    "value": 24
                },
                "paddingStart": {
                    "type": "dimension",
                    "value": 10
                },
                "paddingEnd": {
                    "type": "dimension",
                    "value": 10
                },
                "contentStartSize": {
                    "type": "dimension",
                    "value": 12
                },
                "contentStartPadding": {
                    "type": "dimension",
                    "value": 2
                },
                "contentEndSize": {
                    "type": "dimension",
                    "value": 12
                },
                "contentEndPadding": {
                    "type": "dimension",
                    "value": 2
                }
            }
        },
        {
            "id": "xs.pilled",
            "parent": "xs",
            "props": {
                "shape": {
                    "type": "shape",
                    "value": "round.circle"
                }
            }
        }
    ]
}