{
    "view": {},
    "props": {},
    "variations": [
        {
            "id": "m",
            "parent": null,
            "props": {
                "itemOffset": {
                    "type": "dimension",
                    "value": 36
                },
                "itemSpacing": {
                    "type": "dimension",
                    "value": 12
                },
                "checkBoxStyle": {
                    "type": "component_style",
                    "value": "check-box.m.default"
                }
            }
        },
        {
            "id": "s",
            "parent": null,
            "props": {
                "itemOffset": {
                    "type": "dimension",
                    "value": 24
                },
                "itemSpacing": {
                    "type": "dimension",
                    "value": 10
                },
                "checkBoxStyle": {
                    "type": "component_style",
                    "value": "check-box.s.default"
                }
            }
        }
    ]
}