{
    "view": {},
    "props": {
        "codeColor": {
            "type": "color",
            "default": "text.default.primary",
            "states": [
                {
                    "state": [
                        "error"
                    ],
                    "value": "text.default.negative"
                }
            ]
        },
        "captionColor": {
            "type": "color",
            "default": "text.default.secondary",
            "states": [
                {
                    "state": [
                        "error"
                    ],
                    "value": "text.default.negative"
                }
            ]
        },
        "strokeColor": {
            "type": "color",
            "default": "outline.default.solid-default",
            "states": [
                {
                    "state": [
                        "error"
                    ],
                    "value": "outline.default.negative"
                },
                {
                    "state": [
                        "focused"
                    ],
                    "value": "outline.default.accent-main"
                }
            ]
        },
        "fillColor": {
            "type": "color",
            "default": "surface.default.solid-default",
            "states": [
                {
                    "state": [
                        "error"
                    ],
                    "value": "surface.default.negative"
                }
            ]
        }
    },
    "variations": [
        {
            "id": "s",
            "parent": null,
            "props": {
                "itemHeight": {
                    "type": "dimension",
                    "value": 44
                },
                "itemWidth": {
                    "type": "dimension",
                    "value": 26
                },
                "codeStyle": {
                    "type": "typography",
                    "value": "display.s.bold"
                },
                "captionStyle": {
                    "type": "typography",
                    "value": "header.h5.normal"
                },
                "dotSize": {
                    "type": "dimension",
                    "value": 12,
                    "states": [
                        {
                            "state": [
                                "focused"
                            ],
                            "value": 16
                        }
                    ]
                },
                "strokeWidth": {
                    "type": "dimension",
                    "value": 1
                },
                "itemSpacing": {
                    "type": "dimension",
                    "value": 4
                },
                "groupSpacing": {
                    "type": "dimension",
                    "value": 16
                },
                "captionPadding": {
                    "type": "dimension",
                    "value": 24
                }
            }
        },
        {
            "id": "m",
            "parent": null,
            "props": {
                "itemHeight": {
                    "type": "dimension",
                    "value": 60
                },
                "itemWidth": {
                    "type": "dimension",
                    "value": 36
                },
                "codeStyle": {
                    "type": "typography",
                    "value": "display.m.bold"
                },
                "captionStyle": {
                    "type": "typography",
                    "value": "header.h4.normal"
                },
                "dotSize": {
                    "type": "dimension",
                    "value": 16,
                    "states": [
                        {
                            "state": [
                                "focused"
                            ],
                            "value": 24
                        }
                    ]
                },
                "strokeWidth": {
                    "type": "dimension",
                    "value": 1.5
                },
                "itemSpacing": {
                    "type": "dimension",
                    "value": 8
                },
                "groupSpacing": {
                    "type": "dimension",
                    "value": 28
                },
                "captionPadding": {
                    "type": "dimension",
                    "value": 28
                }
            }
        },
        {
            "id": "l",
            "parent": null,
            "props": {
                "itemHeight": {
                    "type": "dimension",
                    "value": 92
                },
                "itemWidth": {
                    "type": "dimension",
                    "value": 56
                },
                "codeStyle": {
                    "type": "typography",
                    "value": "display.l.bold"
                },
                "captionStyle": {
                    "type": "typography",
                    "value": "header.h3.normal"
                },
                "dotSize": {
                    "type": "dimension",
                    "value": 24,
                    "states": [
                        {
                            "state": [
                                "focused"
                            ],
                            "value": 36
                        }
                    ]
                },
                "strokeWidth": {
                    "type": "dimension",
                    "value": 2
                },
                "itemSpacing": {
                    "type": "dimension",
                    "value": 12
                },
                "groupSpacing": {
                    "type": "dimension",
                    "value": 36
                },
                "captionPadding": {
                    "type": "dimension",
                    "value": 40
                }
            }
        }
    ]
}