{
    "view": {
        "default": {
            "props": {
                "iconColor": {
                    "type": "color",
                    "default": "text.default.primary"
                },
                "titleColor": {
                    "type": "color",
                    "default": "text.default.primary"
                },
                "textColor": {
                    "type": "color",
                    "default": "text.default.primary"
                }
            }
        },
        "positive": {
            "props": {
                "iconColor": {
                    "type": "color",
                    "default": "text.default.positive"
                },
                "titleColor": {
                    "type": "color",
                    "default": "text.default.positive"
                },
                "textColor": {
                    "type": "color",
                    "default": "text.default.primary"
                }
            }
        },
        "negative": {
            "props": {
                "iconColor": {
                    "type": "color",
                    "default": "text.default.negative"
                },
                "titleColor": {
                    "type": "color",
                    "default": "text.default.negative"
                },
                "textColor": {
                    "type": "color",
                    "default": "text.default.primary"
                }
            }
        },
        "warning": {
            "props": {
                "iconColor": {
                    "type": "color",
                    "default": "text.default.warning"
                },
                "titleColor": {
                    "type": "color",
                    "default": "text.default.warning"
                },
                "textColor": {
                    "type": "color",
                    "default": "text.default.primary"
                }
            }
        },
        "info": {
            "props": {
                "iconColor": {
                    "type": "color",
                    "default": "text.default.info"
                },
                "titleColor": {
                    "type": "color",
                    "default": "text.default.info"
                },
                "textColor": {
                    "type": "color",
                    "default": "text.default.primary"
                }
            }
        }
    },
    "props": {
        "icon": {
            "type": "icon",
            "value": "info.circle.outline.24"
        },
        "iconSize": {
            "type": "dimension",
            "value": 24
        },
        "titleStyle": {
            "type": "typography",
            "value": "body.s.bold"
        },
        "textStyle": {
            "type": "typography",
            "value": "text.s.normal"
        },
        "buttonGroupTopPadding": {
            "type": "dimension",
            "value": 6
        },
        "textPadding": {
            "type": "dimension",
            "value": 4
        },
        "buttonGroupStyle": {
            "type": "component_style",
            "value": "basic-button-group.xs.dense.default"
        },
        "contentTopPadding": {
            "type": "dimension",
            "value": 4
        },
        "buttonLayout": {
            "type": "value",
            "value": "normal"
        },
        "textBoxStartPadding": {
            "type": "dimension",
            "value": 2
        },
        "textBoxTopPadding": {
            "type": "dimension",
            "value": 3
        },
        "textBoxBottomPadding": {
            "type": "dimension",
            "value": 6
        }
    },
    "variations": [
        {
            "id": "no-icon",
            "parent": null,
            "props": {
                "iconPlacement": {
                    "type": "value",
                    "value": "none"
                }
            }
        },
        {
            "id": "icon-top",
            "parent": null,
            "props": {
                "iconPlacement": {
                    "type": "value",
                    "value": "top"
                },
                "iconMargin": {
                    "type": "dimension",
                    "value": 8
                }
            }
        },
        {
            "id": "icon-start",
            "parent": null,
            "props": {
                "iconPlacement": {
                    "type": "value",
                    "value": "start"
                },
                "iconMargin": {
                    "type": "dimension",
                    "value": 6
                },
                "buttonGroupStartPadding": {
                    "type": "dimension",
                    "value": 32
                }
            }
        }
    ]
}