{
    "view": {},
    "props": {
        "backgroundColor": {
            "type": "color",
            "default": "surface.default.solid-card"
        },
        "shape": {
            "type": "shape",
            "value": "round.xl"
        },
        "paddingStart": {
            "type": "dimension",
            "value": 16
        },
        "paddingEnd": {
            "type": "dimension",
            "value": 16
        },
        "paddingTop": {
            "type": "dimension",
            "value": 16
        },
        "paddingBottom": {
            "type": "dimension",
            "value": 16
        },
        "handleShape": {
            "type": "shape",
            "value": "round.circle"
        },
        "handleColor": {
            "type": "color",
            "default": "surface.default.solid-tertiary"
        },
        "handleWidth": {
            "type": "dimension",
            "value": 48
        },
        "handleHeight": {
            "type": "dimension",
            "value": 4
        },
        "handleOffset": {
            "type": "dimension",
            "value": 6
        },
        "handlePlacement": {
            "type": "value",
            "value": "inner"
        }
    },
    "variations": []
}