{
    "display": {
        "name": "Noto Sans Display",
        "fonts": [
            {
                "src": [
                    "url('https://github.com/salute-developers/theme-converter/raw/main/assets/fonts/Noto_Sans_Display/NotoSansDisplay-VariableFont_wdth,wght.woff2') format('woff2')",
                    "url('https://github.com/salute-developers/theme-converter/raw/main/assets/fonts/Noto_Sans_Display/NotoSansDisplay-VariableFont_wdth,wght.woff') format('woff')"
                ],
                "fontWeight": "300",
                "fontStyle": "normal"
            },
            {
                "src": [
                    "url('https://github.com/salute-developers/theme-converter/raw/main/assets/fonts/Noto_Sans_Display/NotoSansDisplay-VariableFont_wdth,wght.woff2') format('woff2')",
                    "url('https://github.com/salute-developers/theme-converter/raw/main/assets/fonts/Noto_Sans_Display/NotoSansDisplay-VariableFont_wdth,wght.woff') format('woff')"
                ],
                "fontWeight": "100",
                "fontStyle": "normal"
            },
            {
                "src": [
                    "url('https://github.com/salute-developers/theme-converter/raw/main/assets/fonts/Noto_Sans_Display/NotoSansDisplay-VariableFont_wdth,wght.woff2') format('woff2')",
                    "url('https://github.com/salute-developers/theme-converter/raw/main/assets/fonts/Noto_Sans_Display/NotoSansDisplay-VariableFont_wdth,wght.woff') format('woff')"
                ],
                "fontWeight": "700",
                "fontStyle": "normal"
            },
            {
                "src": [
                    "url('https://github.com/salute-developers/theme-converter/raw/main/assets/fonts/Noto_Sans_Display/NotoSansDisplay-VariableFont_wdth,wght.woff2') format('woff2')",
                    "url('https://github.com/salute-developers/theme-converter/raw/main/assets/fonts/Noto_Sans_Display/NotoSansDisplay-VariableFont_wdth,wght.woff') format('woff')"
                ],
                "fontWeight": "400",
                "fontStyle": "normal"
            },
            {
                "src": [
                    "url('https://github.com/salute-developers/theme-converter/raw/main/assets/fonts/Noto_Sans_Display/NotoSansDisplay-VariableFont_wdth,wght.woff2') format('woff2')",
                    "url('https://github.com/salute-developers/theme-converter/raw/main/assets/fonts/Noto_Sans_Display/NotoSansDisplay-VariableFont_wdth,wght.woff') format('woff')"
                ],
                "fontWeight": "600",
                "fontStyle": "normal"
            },
            {
                "src": [
                    "url('https://github.com/salute-developers/theme-converter/raw/main/assets/fonts/Noto_Sans_Display/NotoSansDisplay-VariableFont_wdth,wght.woff2') format('woff2')",
                    "url('https://github.com/salute-developers/theme-converter/raw/main/assets/fonts/Noto_Sans_Display/NotoSansDisplay-VariableFont_wdth,wght.woff') format('woff')"
                ],
                "fontWeight": "500",
                "fontStyle": "normal"
            }
        ]
    },
    "header": {
        "name": "Noto Sans Display",
        "fonts": [
            {
                "src": [
                    "url('https://github.com/salute-developers/theme-converter/raw/main/assets/fonts/Noto_Sans_Display/NotoSansDisplay-VariableFont_wdth,wght.woff2') format('woff2')",
                    "url('https://github.com/salute-developers/theme-converter/raw/main/assets/fonts/Noto_Sans_Display/NotoSansDisplay-VariableFont_wdth,wght.woff') format('woff')"
                ],
                "fontWeight": "300",
                "fontStyle": "normal"
            },
            {
                "src": [
                    "url('https://github.com/salute-developers/theme-converter/raw/main/assets/fonts/Noto_Sans_Display/NotoSansDisplay-VariableFont_wdth,wght.woff2') format('woff2')",
                    "url('https://github.com/salute-developers/theme-converter/raw/main/assets/fonts/Noto_Sans_Display/NotoSansDisplay-VariableFont_wdth,wght.woff') format('woff')"
                ],
                "fontWeight": "100",
                "fontStyle": "normal"
            },
            {
                "src": [
                    "url('https://github.com/salute-developers/theme-converter/raw/main/assets/fonts/Noto_Sans_Display/NotoSansDisplay-VariableFont_wdth,wght.woff2') format('woff2')",
                    "url('https://github.com/salute-developers/theme-converter/raw/main/assets/fonts/Noto_Sans_Display/NotoSansDisplay-VariableFont_wdth,wght.woff') format('woff')"
                ],
                "fontWeight": "700",
                "fontStyle": "normal"
            },
            {
                "src": [
                    "url('https://github.com/salute-developers/theme-converter/raw/main/assets/fonts/Noto_Sans_Display/NotoSansDisplay-VariableFont_wdth,wght.woff2') format('woff2')",
                    "url('https://github.com/salute-developers/theme-converter/raw/main/assets/fonts/Noto_Sans_Display/NotoSansDisplay-VariableFont_wdth,wght.woff') format('woff')"
                ],
                "fontWeight": "400",
                "fontStyle": "normal"
            },
            {
                "src": [
                    "url('https://github.com/salute-developers/theme-converter/raw/main/assets/fonts/Noto_Sans_Display/NotoSansDisplay-VariableFont_wdth,wght.woff2') format('woff2')",
                    "url('https://github.com/salute-developers/theme-converter/raw/main/assets/fonts/Noto_Sans_Display/NotoSansDisplay-VariableFont_wdth,wght.woff') format('woff')"
                ],
                "fontWeight": "600",
                "fontStyle": "normal"
            },
            {
                "src": [
                    "url('https://github.com/salute-developers/theme-converter/raw/main/assets/fonts/Noto_Sans_Display/NotoSansDisplay-VariableFont_wdth,wght.woff2') format('woff2')",
                    "url('https://github.com/salute-developers/theme-converter/raw/main/assets/fonts/Noto_Sans_Display/NotoSansDisplay-VariableFont_wdth,wght.woff') format('woff')"
                ],
                "fontWeight": "500",
                "fontStyle": "normal"
            }
        ]
    },
    "text": {
        "name": "Noto Sans Text",
        "fonts": [
            {
                "src": [
                    "url('https://github.com/salute-developers/theme-converter/raw/main/assets/fonts/Noto_Sans/NotoSans-VariableFont_wdth,wght.woff2') format('woff2')",
                    "url('https://github.com/salute-developers/theme-converter/raw/main/assets/fonts/Noto_Sans/NotoSans-VariableFont_wdth,wght.woff') format('woff')"
                ],
                "fontWeight": "300",
                "fontStyle": "normal"
            },
            {
                "src": [
                    "url('https://github.com/salute-developers/theme-converter/raw/main/assets/fonts/Noto_Sans/NotoSans-Italic-VariableFont_wdth,wght.woff2') format('woff2')",
                    "url('https://github.com/salute-developers/theme-converter/raw/main/assets/fonts/Noto_Sans/NotoSans-Italic-VariableFont_wdth,wght.woff') format('woff')"
                ],
                "fontWeight": "400",
                "fontStyle": "italic"
            },
            {
                "src": [
                    "url('https://github.com/salute-developers/theme-converter/raw/main/assets/fonts/Noto_Sans/NotoSans-Italic-VariableFont_wdth,wght.woff2') format('woff2')",
                    "url('https://github.com/salute-developers/theme-converter/raw/main/assets/fonts/Noto_Sans/NotoSans-Italic-VariableFont_wdth,wght.woff') format('woff')"
                ],
                "fontWeight": "600",
                "fontStyle": "italic"
            },
            {
                "src": [
                    "url('https://github.com/salute-developers/theme-converter/raw/main/assets/fonts/Noto_Sans/NotoSans-VariableFont_wdth,wght.woff2') format('woff2')",
                    "url('https://github.com/salute-developers/theme-converter/raw/main/assets/fonts/Noto_Sans/NotoSans-VariableFont_wdth,wght.woff') format('woff')"
                ],
                "fontWeight": "100",
                "fontStyle": "normal"
            },
            {
                "src": [
                    "url('https://github.com/salute-developers/theme-converter/raw/main/assets/fonts/Noto_Sans/NotoSans-VariableFont_wdth,wght.woff2') format('woff2')",
                    "url('https://github.com/salute-developers/theme-converter/raw/main/assets/fonts/Noto_Sans/NotoSans-VariableFont_wdth,wght.woff') format('woff')"
                ],
                "fontWeight": "400",
                "fontStyle": "normal"
            },
            {
                "src": [
                    "url('https://github.com/salute-developers/theme-converter/raw/main/assets/fonts/Noto_Sans/NotoSans-VariableFont_wdth,wght.woff2') format('woff2')",
                    "url('https://github.com/salute-developers/theme-converter/raw/main/assets/fonts/Noto_Sans/NotoSans-VariableFont_wdth,wght.woff') format('woff')"
                ],
                "fontWeight": "600",
                "fontStyle": "normal"
            },
            {
                "src": [
                    "url('https://github.com/salute-developers/theme-converter/raw/main/assets/fonts/Noto_Sans/NotoSans-Italic-VariableFont_wdth,wght.woff2') format('woff2')",
                    "url('https://github.com/salute-developers/theme-converter/raw/main/assets/fonts/Noto_Sans/NotoSans-Italic-VariableFont_wdth,wght.woff') format('woff')"
                ],
                "fontWeight": "300",
                "fontStyle": "italic"
            },
            {
                "src": [
                    "url('https://github.com/salute-developers/theme-converter/raw/main/assets/fonts/Noto_Sans/NotoSans-VariableFont_wdth,wght.woff2') format('woff2')",
                    "url('https://github.com/salute-developers/theme-converter/raw/main/assets/fonts/Noto_Sans/NotoSans-VariableFont_wdth,wght.woff') format('woff')"
                ],
                "fontWeight": "700",
                "fontStyle": "normal"
            },
            {
                "src": [
                    "url('https://github.com/salute-developers/theme-converter/raw/main/assets/fonts/Noto_Sans/NotoSans-Italic-VariableFont_wdth,wght.woff2') format('woff2')",
                    "url('https://github.com/salute-developers/theme-converter/raw/main/assets/fonts/Noto_Sans/NotoSans-Italic-VariableFont_wdth,wght.woff') format('woff')"
                ],
                "fontWeight": "700",
                "fontStyle": "italic"
            },
            {
                "src": [
                    "url('https://github.com/salute-developers/theme-converter/raw/main/assets/fonts/Noto_Sans/NotoSans-VariableFont_wdth,wght.woff2') format('woff2')",
                    "url('https://github.com/salute-developers/theme-converter/raw/main/assets/fonts/Noto_Sans/NotoSans-VariableFont_wdth,wght.woff') format('woff')"
                ],
                "fontWeight": "500",
                "fontStyle": "normal"
            }
        ]
    },
    "body": {
        "name": "Noto Sans Text",
        "fonts": [
            {
                "src": [
                    "url('https://github.com/salute-developers/theme-converter/raw/main/assets/fonts/Noto_Sans/NotoSans-VariableFont_wdth,wght.woff2') format('woff2')",
                    "url('https://github.com/salute-developers/theme-converter/raw/main/assets/fonts/Noto_Sans/NotoSans-VariableFont_wdth,wght.woff') format('woff')"
                ],
                "fontWeight": "300",
                "fontStyle": "normal"
            },
            {
                "src": [
                    "url('https://github.com/salute-developers/theme-converter/raw/main/assets/fonts/Noto_Sans/NotoSans-Italic-VariableFont_wdth,wght.woff2') format('woff2')",
                    "url('https://github.com/salute-developers/theme-converter/raw/main/assets/fonts/Noto_Sans/NotoSans-Italic-VariableFont_wdth,wght.woff') format('woff')"
                ],
                "fontWeight": "400",
                "fontStyle": "italic"
            },
            {
                "src": [
                    "url('https://github.com/salute-developers/theme-converter/raw/main/assets/fonts/Noto_Sans/NotoSans-Italic-VariableFont_wdth,wght.woff2') format('woff2')",
                    "url('https://github.com/salute-developers/theme-converter/raw/main/assets/fonts/Noto_Sans/NotoSans-Italic-VariableFont_wdth,wght.woff') format('woff')"
                ],
                "fontWeight": "600",
                "fontStyle": "italic"
            },
            {
                "src": [
                    "url('https://github.com/salute-developers/theme-converter/raw/main/assets/fonts/Noto_Sans/NotoSans-VariableFont_wdth,wght.woff2') format('woff2')",
                    "url('https://github.com/salute-developers/theme-converter/raw/main/assets/fonts/Noto_Sans/NotoSans-VariableFont_wdth,wght.woff') format('woff')"
                ],
                "fontWeight": "100",
                "fontStyle": "normal"
            },
            {
                "src": [
                    "url('https://github.com/salute-developers/theme-converter/raw/main/assets/fonts/Noto_Sans/NotoSans-VariableFont_wdth,wght.woff2') format('woff2')",
                    "url('https://github.com/salute-developers/theme-converter/raw/main/assets/fonts/Noto_Sans/NotoSans-VariableFont_wdth,wght.woff') format('woff')"
                ],
                "fontWeight": "400",
                "fontStyle": "normal"
            },
            {
                "src": [
                    "url('https://github.com/salute-developers/theme-converter/raw/main/assets/fonts/Noto_Sans/NotoSans-VariableFont_wdth,wght.woff2') format('woff2')",
                    "url('https://github.com/salute-developers/theme-converter/raw/main/assets/fonts/Noto_Sans/NotoSans-VariableFont_wdth,wght.woff') format('woff')"
                ],
                "fontWeight": "600",
                "fontStyle": "normal"
            },
            {
                "src": [
                    "url('https://github.com/salute-developers/theme-converter/raw/main/assets/fonts/Noto_Sans/NotoSans-Italic-VariableFont_wdth,wght.woff2') format('woff2')",
                    "url('https://github.com/salute-developers/theme-converter/raw/main/assets/fonts/Noto_Sans/NotoSans-Italic-VariableFont_wdth,wght.woff') format('woff')"
                ],
                "fontWeight": "300",
                "fontStyle": "italic"
            },
            {
                "src": [
                    "url('https://github.com/salute-developers/theme-converter/raw/main/assets/fonts/Noto_Sans/NotoSans-VariableFont_wdth,wght.woff2') format('woff2')",
                    "url('https://github.com/salute-developers/theme-converter/raw/main/assets/fonts/Noto_Sans/NotoSans-VariableFont_wdth,wght.woff') format('woff')"
                ],
                "fontWeight": "700",
                "fontStyle": "normal"
            },
            {
                "src": [
                    "url('https://github.com/salute-developers/theme-converter/raw/main/assets/fonts/Noto_Sans/NotoSans-Italic-VariableFont_wdth,wght.woff2') format('woff2')",
                    "url('https://github.com/salute-developers/theme-converter/raw/main/assets/fonts/Noto_Sans/NotoSans-Italic-VariableFont_wdth,wght.woff') format('woff')"
                ],
                "fontWeight": "700",
                "fontStyle": "italic"
            },
            {
                "src": [
                    "url('https://github.com/salute-developers/theme-converter/raw/main/assets/fonts/Noto_Sans/NotoSans-VariableFont_wdth,wght.woff2') format('woff2')",
                    "url('https://github.com/salute-developers/theme-converter/raw/main/assets/fonts/Noto_Sans/NotoSans-VariableFont_wdth,wght.woff') format('woff')"
                ],
                "fontWeight": "500",
                "fontStyle": "normal"
            }
        ]
    }
}