{
    "view": {},
    "props": {
        "labelColor": {
            "type": "color",
            "default": "text.default.secondary"
        },
        "titleColor": {
            "type": "color",
            "default": "text.default.primary"
        },
        "subtitleColor": {
            "type": "color",
            "default": "text.default.secondary"
        },
        "disclosureIconColor": {
            "type": "color",
            "default": "text.default.secondary"
        },
        "backgroundColor": {
            "type": "color",
            "default": "surface.default.transparent-secondary"
        },
        "disableAlpha": {
            "type": "float",
            "value": 0.4
        }
    },
    "variations": [
        {
            "id": "s",
            "parent": null,
            "props": {
                "shape": {
                    "type": "shape",
                    "value": "round.xl"
                },
                "height": {
                    "type": "dimension",
                    "value": 48.0
                },
                "contentPaddingEnd": {
                    "type": "dimension",
                    "value": 12.0
                },
                "titleStyle": {
                    "type": "typography",
                    "value": "body.s.normal"
                },
                "labelStyle": {
                    "type": "typography",
                    "value": "body.xs.normal"
                },
                "subtitleStyle": {
                    "type": "typography",
                    "value": "body.xs.normal"
                },
                "disclosureIcon": {
                    "type": "icon",
                    "value": "disclosure.right.outline.24"
                },
                "paddingStart": {
                    "type": "dimension",
                    "value": 16
                },
                "paddingEnd": {
                    "type": "dimension",
                    "value": 14
                },
                "paddingTop": {
                    "type": "dimension",
                    "value": 10
                },
                "paddingBottom": {
                    "type": "dimension",
                    "value": 10
                }
            }
        }
    ]
}
