{
    "name": "plasma_homeds",
    "version": "0.1.0-rc",
    "components": [
        {
            "componentName": "avatar",
            "styleName": "avatar",
            "config": "avatar_config.json"
        },
        {
            "componentName": "avatar-group",
            "styleName": "avatar-group",
            "config": "avatar_group_config.json"
        },
        {
            "componentName": "badge",
            "styleName": "badge-clear",
            "config": "badge_clear_config.json"
        },
        {
            "componentName": "badge",
            "styleName": "badge-solid",
            "config": "badge_solid_config.json"
        },
        {
            "componentName": "badge",
            "styleName": "badge-transparent",
            "config": "badge_transparent_config.json"
        },
        {
            "componentName": "icon-badge",
            "styleName": "icon-badge-clear",
            "config": "icon_badge_clear_config.json"
        },
        {
            "componentName": "icon-badge",
            "styleName": "icon-badge-solid",
            "config": "icon_badge_solid_config.json"
        },
        {
            "componentName": "icon-badge",
            "styleName": "icon-badge-transparent",
            "config": "icon_badge_transparent_config.json"
        },
        {
            "componentName": "check-box",
            "styleName": "check-box",
            "config": "checkbox_config.json"
        },
        {
            "componentName": "check-box-group",
            "styleName": "check-box-group",
            "config": "checkbox_group_config.json"
        },
        {
            "componentName": "radio-box",
            "styleName": "radio-box",
            "config": "radiobox_config.json"
        },
        {
            "componentName": "radio-box-group",
            "styleName": "radio-box-group",
            "config": "radiobox_group_config.json"
        },
        {
            "componentName": "switch",
            "styleName": "switch",
            "config": "switch_config.json"
        },
        {
            "componentName": "tab-bar",
            "styleName": "tab-bar",
            "config": "tab_bar_config.json"
        },
        {
            "componentName": "tab-bar-item",
            "styleName": "tab-bar-item",
            "config": "tab_bar_item_config.json"
        },
        {
            "componentName": "basic-button",
            "styleName": "basic-button",
            "config": "basic_button_config.json"
        },
        {
            "componentName": "icon-button",
            "styleName": "icon-button",
            "config": "icon_button_config.json"
        },
        {
            "componentName": "cell",
            "styleName": "cell",
            "config": "cell_config.json"
        },
        {
            "componentName": "chip",
            "styleName": "chip",
            "config": "chip_config.json"
        },
        {
            "componentName": "chip-group",
            "styleName": "chip-group-dense",
            "config": "chip_group_dense_config.json"
        },
        {
            "componentName": "chip-group",
            "styleName": "chip-group-wide",
            "config": "chip_group_wide_config.json"
        },
        {
            "componentName": "counter",
            "styleName": "counter",
            "config": "counter_config.json"
        },
        {
            "componentName": "divider",
            "styleName": "divider",
            "config": "divider_config.json"
        },
        {
            "componentName": "indicator",
            "styleName": "indicator",
            "config": "indicator_config.json"
        },
        {
            "componentName": "wheel",
            "styleName": "wheel",
            "config": "wheel_config.json"
        }
    ]
}
