{
    "down.soft.s": {
        "color": "#000000",
        "elevation": 4
    },
    "down.soft.m": {
        "color": "#000000",
        "elevation": 4
    },
    "down.soft.l": {
        "color": "#000000",
        "elevation": 4
    },
    "down.hard.s": {
        "color": "#000000",
        "elevation": 4
    },
    "down.hard.m": {
        "color": "#000000",
        "elevation": 4
    },
    "down.hard.l": {
        "color": "#000000",
        "elevation": 4
    },
    "up.soft.s": {
        "color": "#000000",
        "elevation": 4
    },
    "up.soft.m": {
        "color": "#000000",
        "elevation": 4
    },
    "up.soft.l": {
        "color": "#000000",
        "elevation": 4
    },
    "up.hard.s": {
        "color": "#000000",
        "elevation": 4
    },
    "up.hard.m": {
        "color": "#000000",
        "elevation": 4
    },
    "up.hard.l": {
        "color": "#000000",
        "elevation": 4
    }
}