{
    "view": {},
    "props": {},
    "variations": [
        {
            "id": "default",
            "parent": null,
            "props": {
                "backgroundColor": {
                    "type": "color",
                    "default": "overlay.on-dark.soft"
                },
                "blurRadius": {
                    "type": "dimension",
                    "value": 16.0
                }
            }
        },
        {
            "id": "direction-top",
            "parent": null,
            "props": {
                "backgroundColor": {
                    "type": "gradient",
                    "default": "overlay.default.gradient-up"
                }
            }
        },
        {
            "id": "direction-bottom",
            "parent": null,
            "props": {
                "backgroundColor": {
                    "type": "gradient",
                    "default": "overlay.default.gradient-down"
                }
            }
        }
    ]
}