{
    "view": {},
    "props": {
        "backgroundColor": {
            "type": "color",
            "default": "surface.default.clear"
        },
         "labelStyle": {
            "type": "typography",
            "value": "body.xs.bold"
        },
        "labelColor": {
            "type": "color",
            "default": "text.default.primary"
        },
        "orientation": {
            "type": "value",
            "value": "vertical"
        },
        "mainAxisGap": {
            "type": "dimension",
            "value": 8
        },
        "paddingStart": {
            "type": "dimension",
            "value": 0
        },
        "paddingEnd": {
            "type": "dimension",
            "value": 0
        },
        "paddingTop": {
            "type": "dimension",
            "value": 0
        },
        "paddingBottom": {
            "type": "dimension",
            "value": 0
        }
    },
    "variations": [
        {
            "id": "xl",
            "parent": null,
            "props": {
                "contentPaddingStart": {
                    "type": "dimension",
                    "value": 0
                },
                "contentPaddingEnd": {
                    "type": "dimension",
                    "value": 0
                },
                "contentPaddingTop": {
                    "type": "dimension",
                    "value": 0
                },
                "contentPaddingBottom": {
                    "type": "dimension",
                    "value": 0
                },
                "contentMinWidth": {
                    "type": "dimension",
                    "value": 219
                },
                "contentMinHeight": {
                    "type": "dimension",
                    "value": 128
                },
                "contentMaxWidth": {
                    "type": "dimension",
                    "value": 219
                },
                "contentMaxHeight": {
                    "type": "dimension",
                    "value": 128
                }
            }
        },
        {
            "id": "xl.has-inner-paddings",
            "parent": "xl",
            "props": {
                "contentPaddingStart": {
                    "type": "dimension",
                    "value": 8
                },
                "contentPaddingEnd": {
                    "type": "dimension",
                    "value": 8
                }
            }
        },
        {
            "id": "l",
            "parent": null,
            "props": {
                "contentPaddingStart": {
                    "type": "dimension",
                    "value": 0
                },
                "contentPaddingEnd": {
                    "type": "dimension",
                    "value": 0
                },
                "contentPaddingTop": {
                    "type": "dimension",
                    "value": 0
                },
                "contentPaddingBottom": {
                    "type": "dimension",
                    "value": 0
                },
                "contentMinWidth": {
                    "type": "dimension",
                    "value": 104
                },
                "contentMinHeight": {
                    "type": "dimension",
                    "value": 128
                },
                "contentMaxWidth": {
                    "type": "dimension",
                    "value": 104
                },
                "contentMaxHeight": {
                    "type": "dimension",
                    "value": 128
                }
            }
        },
        {
            "id": "l.has-inner-paddings",
            "parent": "l",
            "props": {
                "contentPaddingStart": {
                    "type": "dimension",
                    "value": 8
                },
                "contentPaddingEnd": {
                    "type": "dimension",
                    "value": 8
                }
            }
        },
        {
            "id": "m",
            "parent": null,
            "props": {
                "contentPaddingStart": {
                    "type": "dimension",
                    "value": 0
                },
                "contentPaddingEnd": {
                    "type": "dimension",
                    "value": 0
                },
                "contentPaddingTop": {
                    "type": "dimension",
                    "value": 0
                },
                "contentPaddingBottom": {
                    "type": "dimension",
                    "value": 0
                },
                "contentMinWidth": {
                    "type": "dimension",
                    "value": 104
                },
                "contentMinHeight": {
                    "type": "dimension",
                    "value": 88
                },
                "contentMaxWidth": {
                    "type": "dimension",
                    "value": 104
                },
                "contentMaxHeight": {
                    "type": "dimension",
                    "value": 88
                }
            }
        },
        {
            "id": "m.has-inner-paddings",
            "parent": "m",
            "props": {
                "contentPaddingStart": {
                    "type": "dimension",
                    "value": 8
                },
                "contentPaddingEnd": {
                    "type": "dimension",
                    "value": 8
                }
            }
        },
        {
            "id": "s",
            "parent": null,
            "props": {
                "contentPaddingStart": {
                    "type": "dimension",
                    "value": 0
                },
                "contentPaddingEnd": {
                    "type": "dimension",
                    "value": 0
                },
                "contentPaddingTop": {
                    "type": "dimension",
                    "value": 0
                },
                "contentPaddingBottom": {
                    "type": "dimension",
                    "value": 0
                },
                "contentMinWidth": {
                    "type": "dimension",
                    "value": 104
                },
                "contentMinHeight": {
                    "type": "dimension",
                    "value": 60
                },
                "contentMaxWidth": {
                    "type": "dimension",
                    "value": 104
                },
                "contentMaxHeight": {
                    "type": "dimension",
                    "value": 60
                }
            }
        },
        {
            "id": "s.has-inner-paddings",
            "parent": "s",
            "props": {
                "contentPaddingStart": {
                    "type": "dimension",
                    "value": 8
                },
                "contentPaddingEnd": {
                    "type": "dimension",
                    "value": 8
                }
            }
        }
    ]
}