{
    "down.soft.s": [
        {
            "color": "#0000007A",
            "offsetX": 0,
            "offsetY": 2,
            "spreadRadius": 1.5,
            "blurRadius": 1.5
        }
    ],
    "down.soft.m": [
        {
            "color": "#000000A3",
            "offsetX": 0,
            "offsetY": 4,
            "spreadRadius": 3,
            "blurRadius": 3
        }
    ],
    "down.soft.l": [
        {
            "color": "#000000F5",
            "offsetX": 0,
            "offsetY": 7,
            "spreadRadius": 7,
            "blurRadius": 7
        }
    ],
    "down.hard.s": [
        {
            "color": "#000000CC",
            "offsetX": 0,
            "offsetY": 2,
            "spreadRadius": 1.5,
            "blurRadius": 1.5
        }
    ],
    "down.hard.m": [
        {
            "color": "#000000F5",
            "offsetX": 0,
            "offsetY": 4,
            "spreadRadius": 3,
            "blurRadius": 3
        }
    ],
    "down.hard.l": [
        {
            "color": "#000000FF",
            "offsetX": 0,
            "offsetY": 7,
            "spreadRadius": 7,
            "blurRadius": 7
        }
    ]
}