{
    "dark.text.default.accent-gradient": [
        "#FFFFFF"
    ],
    "dark.text.default.accent-gradient-hover": [
        "#CCCCCCFF"
    ],
    "dark.text.default.accent-gradient-active": [
        "#E6E6E6FF"
    ],
    "dark.text.default.accent-minor-gradient": [
        "#FFFFFF"
    ],
    "dark.text.default.accent-minor-gradient-hover": [
        "#CCCCCCFF"
    ],
    "dark.text.default.accent-minor-gradient-active": [
        "#E6E6E6FF"
    ],
    "dark.text.default.promo-gradient": [
        "#FFFFFF"
    ],
    "dark.text.default.promo-gradient-hover": [
        "#CCCCCCFF"
    ],
    "dark.text.default.promo-gradient-active": [
        "#E6E6E6FF"
    ],
    "dark.text.default.promo-minor-gradient": [
        "#FFFFFF"
    ],
    "dark.text.default.promo-minor-gradient-hover": [
        "#CCCCCCFF"
    ],
    "dark.text.default.promo-minor-gradient-active": [
        "#E6E6E6FF"
    ],
    "dark.text.on-dark.accent-gradient": [
        "#FFFFFF"
    ],
    "dark.text.on-dark.accent-gradient-hover": [
        "#CCCCCCFF"
    ],
    "dark.text.on-dark.accent-gradient-active": [
        "#E6E6E6FF"
    ],
    "dark.text.on-dark.accent-minor-gradient": [
        "#FFFFFF"
    ],
    "dark.text.on-dark.accent-minor-gradient-hover": [
        "#CCCCCCFF"
    ],
    "dark.text.on-dark.accent-minor-gradient-active": [
        "#E6E6E6FF"
    ],
    "dark.text.on-dark.promo-gradient": [
        "#FFFFFF"
    ],
    "dark.text.on-dark.promo-gradient-hover": [
        "#CCCCCCFF"
    ],
    "dark.text.on-dark.promo-gradient-active": [
        "#E6E6E6FF"
    ],
    "dark.text.on-dark.promo-minor-gradient": [
        "#FFFFFF"
    ],
    "dark.text.on-dark.promo-minor-gradient-hover": [
        "#CCCCCCFF"
    ],
    "dark.text.on-dark.promo-minor-gradient-active": [
        "#E6E6E6FF"
    ],
    "dark.text.on-light.accent-gradient": [
        "#FFFFFF"
    ],
    "dark.text.on-light.accent-gradient-hover": [
        "#CCCCCCFF"
    ],
    "dark.text.on-light.accent-gradient-active": [
        "#E6E6E6FF"
    ],
    "dark.text.on-light.accent-minor-gradient": [
        "#FFFFFF"
    ],
    "dark.text.on-light.accent-minor-gradient-hover": [
        "#CCCCCCFF"
    ],
    "dark.text.on-light.accent-minor-gradient-active": [
        "#E6E6E6FF"
    ],
    "dark.text.on-light.promo-gradient": [
        "#FFFFFF"
    ],
    "dark.text.on-light.promo-gradient-hover": [
        "#CCCCCCFF"
    ],
    "dark.text.on-light.promo-gradient-active": [
        "#E6E6E6FF"
    ],
    "dark.text.on-light.promo-minor-gradient": [
        "#FFFFFF"
    ],
    "dark.text.on-light.promo-minor-gradient-hover": [
        "#CCCCCCFF"
    ],
    "dark.text.on-light.promo-minor-gradient-active": [
        "#E6E6E6FF"
    ],
    "dark.text.inverse.accent-gradient": [
        "#FFFFFF"
    ],
    "dark.text.inverse.accent-gradient-hover": [
        "#CCCCCCFF"
    ],
    "dark.text.inverse.accent-gradient-active": [
        "#E6E6E6FF"
    ],
    "dark.text.inverse.accent-minor-gradient": [
        "#FFFFFF"
    ],
    "dark.text.inverse.accent-minor-gradient-hover": [
        "#CCCCCCFF"
    ],
    "dark.text.inverse.accent-minor-gradient-active": [
        "#E6E6E6FF"
    ],
    "dark.text.inverse.promo-gradient": [
        "#FFFFFF"
    ],
    "dark.text.inverse.promo-gradient-hover": [
        "#CCCCCCFF"
    ],
    "dark.text.inverse.promo-gradient-active": [
        "#E6E6E6FF"
    ],
    "dark.text.inverse.promo-minor-gradient": [
        "#FFFFFF"
    ],
    "dark.text.inverse.promo-minor-gradient-hover": [
        "#CCCCCCFF"
    ],
    "dark.text.inverse.promo-minor-gradient-active": [
        "#E6E6E6FF"
    ],
    "dark.surface.default.accent-gradient": [
        "#FFFFFF"
    ],
    "dark.surface.default.accent-gradient-hover": [
        "#FFFFFFFF"
    ],
    "dark.surface.default.accent-gradient-active": [
        "#FFFFFFFF"
    ],
    "dark.surface.default.accent-minor-gradient": [
        "#FFFFFF"
    ],
    "dark.surface.default.accent-minor-gradient-hover": [
        "#FFFFFFFF"
    ],
    "dark.surface.default.accent-minor-gradient-active": [
        "#FFFFFFFF"
    ],
    "dark.surface.default.transparent-accent-gradient": [
        "#FFFFFF"
    ],
    "dark.surface.default.transparent-accent-gradient-hover": [
        "#FFFFFFFF"
    ],
    "dark.surface.default.transparent-accent-gradient-active": [
        "#FFFFFFFF"
    ],
    "dark.surface.default.promo-gradient": [
        "#FFFFFF"
    ],
    "dark.surface.default.promo-gradient-hover": [
        "#FFFFFFFF"
    ],
    "dark.surface.default.promo-gradient-active": [
        "#FFFFFFFF"
    ],
    "dark.surface.default.promo-minor-gradient": [
        "#FFFFFF"
    ],
    "dark.surface.default.promo-minor-gradient-hover": [
        "#FFFFFFFF"
    ],
    "dark.surface.default.promo-minor-gradient-active": [
        "#FFFFFFFF"
    ],
    "dark.surface.default.transparent-promo-gradient": [
        "#FFFFFF"
    ],
    "dark.surface.default.transparent-promo-gradient-hover": [
        "#FFFFFFFF"
    ],
    "dark.surface.default.transparent-promo-gradient-active": [
        "#FFFFFFFF"
    ],
    "dark.surface.default.skeleton-gradient": [
        "linear-gradient(90deg, #FFFFFF17 0%, #FFFFFF14 6.25%, #FFFFFF0D 12.5%, #FFFFFF03 25%, #FFFFFF0D 37.5%, #FFFFFF14 43.75%, #FFFFFF17 50%, #FFFFFF14 56.25%, #FFFFFF0D 62.5%, #FFFFFF03 75%, #FFFFFF0D 87.5%, #FFFFFF14 93.75%, #FFFFFF17 100%)"
    ],
    "dark.surface.default.skeleton-gradient-hover": [
        "#FFFFFFFF"
    ],
    "dark.surface.default.skeleton-gradient-active": [
        "#FFFFFFFF"
    ],
    "dark.surface.default.skeleton-deep-gradient": [
        "linear-gradient(90deg, #FFFFFF5C 0%, #FFFFFF52 6.25%, #FFFFFF33 12.5%, #FFFFFF0A 25%, #FFFFFF33 37.5%, #FFFFFF52 43.75%, #FFFFFF5C 50%, #FFFFFF14 56.25%, #FFFFFF33 62.5%, #FFFFFF0A 75%, #FFFFFF33 87.5%, #FFFFFF52 93.75%, #FFFFFF5C 100%)"
    ],
    "dark.surface.default.skeleton-deep-gradient-hover": [
        "#FFFFFFFF"
    ],
    "dark.surface.default.skeleton-deep-gradient-active": [
        "#FFFFFFFF"
    ],
    "dark.surface.on-dark.accent-gradient": [
        "#FFFFFF"
    ],
    "dark.surface.on-dark.accent-gradient-hover": [
        "#FFFFFFFF"
    ],
    "dark.surface.on-dark.accent-gradient-active": [
        "#FFFFFFFF"
    ],
    "dark.surface.on-dark.accent-minor-gradient": [
        "#FFFFFF"
    ],
    "dark.surface.on-dark.accent-minor-gradient-hover": [
        "#FFFFFFFF"
    ],
    "dark.surface.on-dark.accent-minor-gradient-active": [
        "#FFFFFFFF"
    ],
    "dark.surface.on-dark.transparent-accent-gradient": [
        "#FFFFFF"
    ],
    "dark.surface.on-dark.transparent-accent-gradient-hover": [
        "#FFFFFFFF"
    ],
    "dark.surface.on-dark.transparent-accent-gradient-active": [
        "#FFFFFFFF"
    ],
    "dark.surface.on-dark.promo-gradient": [
        "#FFFFFF"
    ],
    "dark.surface.on-dark.promo-gradient-hover": [
        "#FFFFFFFF"
    ],
    "dark.surface.on-dark.promo-gradient-active": [
        "#FFFFFFFF"
    ],
    "dark.surface.on-dark.promo-minor-gradient": [
        "#FFFFFF"
    ],
    "dark.surface.on-dark.promo-minor-gradient-hover": [
        "#FFFFFFFF"
    ],
    "dark.surface.on-dark.promo-minor-gradient-active": [
        "#FFFFFFFF"
    ],
    "dark.surface.on-dark.transparent-promo-gradient": [
        "#FFFFFF"
    ],
    "dark.surface.on-dark.transparent-promo-gradient-hover": [
        "#FFFFFFFF"
    ],
    "dark.surface.on-dark.transparent-promo-gradient-active": [
        "#FFFFFFFF"
    ],
    "dark.surface.on-dark.skeleton-gradient": [
        "linear-gradient(90deg, #FFFFFF17 0%, #FFFFFF14 6.25%, #FFFFFF0D 12.5%, #FFFFFF03 25%, #FFFFFF0D 37.5%, #FFFFFF14 43.75%, #FFFFFF17 50%, #FFFFFF14 56.25%, #FFFFFF0D 62.5%, #FFFFFF03 75%, #FFFFFF0D 87.5%, #FFFFFF14 93.75%, #FFFFFF17 100%)"
    ],
    "dark.surface.on-dark.skeleton-gradient-hover": [
        "#FFFFFFFF"
    ],
    "dark.surface.on-dark.skeleton-gradient-active": [
        "#FFFFFFFF"
    ],
    "dark.surface.on-dark.skeleton-deep-gradient": [
        "linear-gradient(90deg, #FFFFFF5C 0%, #FFFFFF52 6.25%, #FFFFFF33 12.5%, #FFFFFF0A 25%, #FFFFFF33 37.5%, #FFFFFF52 43.75%, #FFFFFF5C 50%, #FFFFFF14 56.25%, #FFFFFF33 62.5%, #FFFFFF0A 75%, #FFFFFF33 87.5%, #FFFFFF52 93.75%, #FFFFFF5C 100%)"
    ],
    "dark.surface.on-dark.skeleton-deep-gradient-hover": [
        "#FFFFFFFF"
    ],
    "dark.surface.on-dark.skeleton-deep-gradient-active": [
        "#FFFFFFFF"
    ],
    "dark.surface.on-light.accent-gradient": [
        "#FFFFFF"
    ],
    "dark.surface.on-light.accent-gradient-hover": [
        "#FFFFFFFF"
    ],
    "dark.surface.on-light.accent-gradient-active": [
        "#FFFFFFFF"
    ],
    "dark.surface.on-light.accent-minor-gradient": [
        "#FFFFFF"
    ],
    "dark.surface.on-light.accent-minor-gradient-hover": [
        "#FFFFFFFF"
    ],
    "dark.surface.on-light.accent-minor-gradient-active": [
        "#FFFFFFFF"
    ],
    "dark.surface.on-light.transparent-accent-gradient": [
        "#FFFFFF"
    ],
    "dark.surface.on-light.transparent-accent-gradient-hover": [
        "#FFFFFFFF"
    ],
    "dark.surface.on-light.transparent-accent-gradient-active": [
        "#FFFFFFFF"
    ],
    "dark.surface.on-light.promo-gradient": [
        "#FFFFFF"
    ],
    "dark.surface.on-light.promo-gradient-hover": [
        "#FFFFFFFF"
    ],
    "dark.surface.on-light.promo-gradient-active": [
        "#FFFFFFFF"
    ],
    "dark.surface.on-light.promo-minor-gradient": [
        "#FFFFFF"
    ],
    "dark.surface.on-light.promo-minor-gradient-hover": [
        "#FFFFFFFF"
    ],
    "dark.surface.on-light.promo-minor-gradient-active": [
        "#FFFFFFFF"
    ],
    "dark.surface.on-light.transparent-promo-gradient": [
        "#FFFFFF"
    ],
    "dark.surface.on-light.transparent-promo-gradient-hover": [
        "#FFFFFFFF"
    ],
    "dark.surface.on-light.transparent-promo-gradient-active": [
        "#FFFFFFFF"
    ],
    "dark.surface.on-light.skeleton-gradient": [
        "linear-gradient(90deg, #08080817 0%, #08080814 6.25%, #0808080D 12.5%, #08080803 25%, #0808080D 37.5%, #08080814 43.75%, #08080817 50%, #08080814 56.25%, #0808080D 62.5%, #08080803 75%, #0808080D 87.5%, #08080814 93.75%, #08080817 100%)"
    ],
    "dark.surface.on-light.skeleton-gradient-hover": [
        "#FFFFFFFF"
    ],
    "dark.surface.on-light.skeleton-gradient-active": [
        "#FFFFFFFF"
    ],
    "dark.surface.on-light.skeleton-deep-gradient": [
        "linear-gradient(90deg, #0808085C 0%, #08080852 6.25%, #08080833 12.5%, #0808080A 25%, #08080833 37.5%, #08080852 43.75%, #0808085C 50%, #08080814 56.25%, #08080833 62.5%, #0808080A 75%, #08080833 87.5%, #08080852 93.75%, #0808085C 100%)"
    ],
    "dark.surface.on-light.skeleton-deep-gradient-hover": [
        "#FFFFFFFF"
    ],
    "dark.surface.on-light.skeleton-deep-gradient-active": [
        "#FFFFFFFF"
    ],
    "dark.surface.inverse.accent-gradient": [
        "#FFFFFF"
    ],
    "dark.surface.inverse.accent-gradient-hover": [
        "#FFFFFFFF"
    ],
    "dark.surface.inverse.accent-gradient-active": [
        "#FFFFFFFF"
    ],
    "dark.surface.inverse.accent-minor-gradient": [
        "#FFFFFF"
    ],
    "dark.surface.inverse.accent-minor-gradient-hover": [
        "#FFFFFFFF"
    ],
    "dark.surface.inverse.accent-minor-gradient-active": [
        "#FFFFFFFF"
    ],
    "dark.surface.inverse.transparent-accent-gradient": [
        "#FFFFFF"
    ],
    "dark.surface.inverse.transparent-accent-gradient-hover": [
        "#FFFFFFFF"
    ],
    "dark.surface.inverse.transparent-accent-gradient-active": [
        "#FFFFFFFF"
    ],
    "dark.surface.inverse.promo-gradient": [
        "#FFFFFF"
    ],
    "dark.surface.inverse.promo-gradient-hover": [
        "#FFFFFFFF"
    ],
    "dark.surface.inverse.promo-gradient-active": [
        "#FFFFFFFF"
    ],
    "dark.surface.inverse.promo-minor-gradient": [
        "#FFFFFF"
    ],
    "dark.surface.inverse.promo-minor-gradient-hover": [
        "#FFFFFFFF"
    ],
    "dark.surface.inverse.promo-minor-gradient-active": [
        "#FFFFFFFF"
    ],
    "dark.surface.inverse.transparent-promo-gradient": [
        "#FFFFFF"
    ],
    "dark.surface.inverse.transparent-promo-gradient-hover": [
        "#FFFFFFFF"
    ],
    "dark.surface.inverse.transparent-promo-gradient-active": [
        "#FFFFFFFF"
    ],
    "dark.surface.inverse.skeleton-gradient": [
        "linear-gradient(90deg, #08080817 0%, #08080814 6.25%, #0808080D 12.5%, #08080803 25%, #0808080D 37.5%, #08080814 43.75%, #08080817 50%, #08080814 56.25%, #0808080D 62.5%, #08080803 75%, #0808080D 87.5%, #08080814 93.75%, #08080817 100%)"
    ],
    "dark.surface.inverse.skeleton-gradient-hover": [
        "#FFFFFFFF"
    ],
    "dark.surface.inverse.skeleton-gradient-active": [
        "#FFFFFFFF"
    ],
    "dark.surface.inverse.skeleton-deep-gradient": [
        "linear-gradient(90deg, #0808085C 0%, #08080852 6.25%, #08080833 12.5%, #0808080A 25%, #08080833 37.5%, #08080852 43.75%, #0808085C 50%, #08080814 56.25%, #08080833 62.5%, #0808080A 75%, #08080833 87.5%, #08080852 93.75%, #0808085C 100%)"
    ],
    "dark.surface.inverse.skeleton-deep-gradient-hover": [
        "#FFFFFFFF"
    ],
    "dark.surface.inverse.skeleton-deep-gradient-active": [
        "#FFFFFFFF"
    ],
    "dark.outline.default.accent-gradient": [
        "#FFFFFF"
    ],
    "dark.outline.default.accent-gradient-hover": [
        "#CCCCCCFF"
    ],
    "dark.outline.default.accent-gradient-active": [
        "#E6E6E6FF"
    ],
    "dark.outline.default.accent-minor-gradient": [
        "#FFFFFF"
    ],
    "dark.outline.default.accent-minor-gradient-hover": [
        "#CCCCCCFF"
    ],
    "dark.outline.default.accent-minor-gradient-active": [
        "#E6E6E6FF"
    ],
    "dark.outline.default.transparent-accent-gradient": [
        "#FFFFFF"
    ],
    "dark.outline.default.transparent-accent-gradient-hover": [
        "#CCCCCCFF"
    ],
    "dark.outline.default.transparent-accent-gradient-active": [
        "#E6E6E6FF"
    ],
    "dark.outline.default.promo-gradient": [
        "#FFFFFF"
    ],
    "dark.outline.default.promo-gradient-hover": [
        "#CCCCCCFF"
    ],
    "dark.outline.default.promo-gradient-active": [
        "#E6E6E6FF"
    ],
    "dark.outline.default.promo-minor-gradient": [
        "#FFFFFF"
    ],
    "dark.outline.default.promo-minor-gradient-hover": [
        "#CCCCCCFF"
    ],
    "dark.outline.default.promo-minor-gradient-active": [
        "#E6E6E6FF"
    ],
    "dark.outline.on-dark.accent-gradient": [
        "#FFFFFF"
    ],
    "dark.outline.on-dark.accent-gradient-hover": [
        "#CCCCCCFF"
    ],
    "dark.outline.on-dark.accent-gradient-active": [
        "#E6E6E6FF"
    ],
    "dark.outline.on-dark.accent-minor-gradient": [
        "#FFFFFF"
    ],
    "dark.outline.on-dark.accent-minor-gradient-hover": [
        "#CCCCCCFF"
    ],
    "dark.outline.on-dark.accent-minor-gradient-active": [
        "#E6E6E6FF"
    ],
    "dark.outline.on-dark.transparent-accent-gradient": [
        "#FFFFFF"
    ],
    "dark.outline.on-dark.transparent-accent-gradient-hover": [
        "#CCCCCCFF"
    ],
    "dark.outline.on-dark.transparent-accent-gradient-active": [
        "#E6E6E6FF"
    ],
    "dark.outline.on-dark.promo-gradient": [
        "#FFFFFF"
    ],
    "dark.outline.on-dark.promo-gradient-hover": [
        "#CCCCCCFF"
    ],
    "dark.outline.on-dark.promo-gradient-active": [
        "#E6E6E6FF"
    ],
    "dark.outline.on-dark.promo-minor-gradient": [
        "#FFFFFF"
    ],
    "dark.outline.on-dark.promo-minor-gradient-hover": [
        "#CCCCCCFF"
    ],
    "dark.outline.on-dark.promo-minor-gradient-active": [
        "#E6E6E6FF"
    ],
    "dark.outline.on-light.accent-gradient": [
        "#FFFFFF"
    ],
    "dark.outline.on-light.accent-gradient-hover": [
        "#CCCCCCFF"
    ],
    "dark.outline.on-light.accent-gradient-active": [
        "#E6E6E6FF"
    ],
    "dark.outline.on-light.accent-minor-gradient": [
        "#FFFFFF"
    ],
    "dark.outline.on-light.accent-minor-gradient-hover": [
        "#CCCCCCFF"
    ],
    "dark.outline.on-light.accent-minor-gradient-active": [
        "#E6E6E6FF"
    ],
    "dark.outline.on-light.transparent-accent-gradient": [
        "#FFFFFF"
    ],
    "dark.outline.on-light.transparent-accent-gradient-hover": [
        "#CCCCCCFF"
    ],
    "dark.outline.on-light.transparent-accent-gradient-active": [
        "#E6E6E6FF"
    ],
    "dark.outline.on-light.promo-gradient": [
        "#FFFFFF"
    ],
    "dark.outline.on-light.promo-gradient-hover": [
        "#CCCCCCFF"
    ],
    "dark.outline.on-light.promo-gradient-active": [
        "#E6E6E6FF"
    ],
    "dark.outline.on-light.promo-minor-gradient": [
        "#FFFFFF"
    ],
    "dark.outline.on-light.promo-minor-gradient-hover": [
        "#CCCCCCFF"
    ],
    "dark.outline.on-light.promo-minor-gradient-active": [
        "#E6E6E6FF"
    ],
    "dark.outline.inverse.accent-gradient": [
        "#FFFFFF"
    ],
    "dark.outline.inverse.accent-gradient-hover": [
        "#CCCCCCFF"
    ],
    "dark.outline.inverse.accent-gradient-active": [
        "#E6E6E6FF"
    ],
    "dark.outline.inverse.accent-minor-gradient": [
        "#FFFFFF"
    ],
    "dark.outline.inverse.accent-minor-gradient-hover": [
        "#CCCCCCFF"
    ],
    "dark.outline.inverse.accent-minor-gradient-active": [
        "#E6E6E6FF"
    ],
    "dark.outline.inverse.transparent-accent-gradient": [
        "#FFFFFF"
    ],
    "dark.outline.inverse.transparent-accent-gradient-hover": [
        "#CCCCCCFF"
    ],
    "dark.outline.inverse.transparent-accent-gradient-active": [
        "#E6E6E6FF"
    ],
    "dark.outline.inverse.promo-gradient": [
        "#FFFFFF"
    ],
    "dark.outline.inverse.promo-gradient-hover": [
        "#CCCCCCFF"
    ],
    "dark.outline.inverse.promo-gradient-active": [
        "#E6E6E6FF"
    ],
    "dark.outline.inverse.promo-minor-gradient": [
        "#FFFFFF"
    ],
    "dark.outline.inverse.promo-minor-gradient-hover": [
        "#CCCCCCFF"
    ],
    "dark.outline.inverse.promo-minor-gradient-active": [
        "#E6E6E6FF"
    ],
    "dark.data.default.positive-gradient": [
        "radial-gradient(74.00% 74.00% at 50% 50%, #1A9E32FF 0.302%, #00AC7BAD 30.285%, #007D8052 54.577%, #060A0C00 74.407%)"
    ],
    "dark.data.default.positive-gradient-hover": [
        "#FFFFFF"
    ],
    "dark.data.default.positive-gradient-active": [
        "#FFFFFF"
    ],
    "dark.data.default.warning-gradient": [
        "radial-gradient(74.00% 74.00% at 50% 50%, #FF7024FF 0%, #FF7024AD 30.401%, #85380C52 54.577%, #060A0C00 73.282%)"
    ],
    "dark.data.default.warning-gradient-hover": [
        "#FFFFFF"
    ],
    "dark.data.default.warning-gradient-active": [
        "#FFFFFF"
    ],
    "dark.data.default.negative-gradient": [
        "radial-gradient(74.00% 74.00% at 50% 50%, #FF293EFF 0%, #FF3D51AD 30.401%, #9C142252 54.577%, #060A0C00 73.282%)"
    ],
    "dark.data.default.negative-gradient-hover": [
        "#FFFFFF"
    ],
    "dark.data.default.negative-gradient-active": [
        "#FFFFFF"
    ],
    "dark.data.default.info-gradient": [
        "radial-gradient(74.00% 74.00% at 50% 50%, #118CDFFF 0%, #528EFFAD 30.401%, #0C72B652 54.577%, #060A0C00 73.282%)"
    ],
    "dark.data.default.info-gradient-hover": [
        "#FFFFFF"
    ],
    "dark.data.default.info-gradient-active": [
        "#FFFFFF"
    ],
    "dark.data.on-dark.positive-gradient": [
        "radial-gradient(74.00% 74.00% at 50% 50%, #1A9E32FF 0.302%, #00AC7BAD 30.285%, #007D8052 54.577%, #060A0C00 74.407%)"
    ],
    "dark.data.on-dark.positive-gradient-hover": [
        "#FFFFFF"
    ],
    "dark.data.on-dark.positive-gradient-active": [
        "#FFFFFF"
    ],
    "dark.data.on-dark.warning-gradient": [
        "radial-gradient(74.00% 74.00% at 50% 50%, #FF7024FF 0%, #FF7024AD 30.401%, #85380C52 54.577%, #060A0C00 73.282%)"
    ],
    "dark.data.on-dark.warning-gradient-hover": [
        "#FFFFFF"
    ],
    "dark.data.on-dark.warning-gradient-active": [
        "#FFFFFF"
    ],
    "dark.data.on-dark.negative-gradient": [
        "radial-gradient(74.00% 74.00% at 50% 50%, #FF293EFF 0%, #FF3D51AD 30.401%, #9C142252 54.577%, #060A0C00 73.282%)"
    ],
    "dark.data.on-dark.negative-gradient-hover": [
        "#FFFFFF"
    ],
    "dark.data.on-dark.negative-gradient-active": [
        "#FFFFFF"
    ],
    "dark.data.on-dark.info-gradient": [
        "radial-gradient(74.00% 74.00% at 50% 50%, #118CDFFF 0%, #528EFFAD 30.401%, #0C72B652 54.577%, #060A0C00 73.282%)"
    ],
    "dark.data.on-dark.info-gradient-hover": [
        "#FFFFFF"
    ],
    "dark.data.on-dark.info-gradient-active": [
        "#FFFFFF"
    ],
    "dark.data.on-light.positive-gradient": [
        "radial-gradient(74.00% 74.00% at 50% 50%, #1A9E32FF 0%, #00AC7BAD 30.401%, #EDF8FF52 54.577%, #FFFFFF00 73.282%)"
    ],
    "dark.data.on-light.positive-gradient-hover": [
        "#FFFFFF"
    ],
    "dark.data.on-light.positive-gradient-active": [
        "#FFFFFF"
    ],
    "dark.data.on-light.warning-gradient": [
        "radial-gradient(74.00% 74.00% at 50% 50%, #FA5F05FF 0%, #FD9C68AD 30.401%, #FFF6E552 54.577%, #FFFFFF00 73.282%)"
    ],
    "dark.data.on-light.warning-gradient-hover": [
        "#FFFFFF"
    ],
    "dark.data.on-light.warning-gradient-active": [
        "#FFFFFF"
    ],
    "dark.data.on-light.negative-gradient": [
        "radial-gradient(74.00% 74.00% at 50% 50%, #FF293EFF 0%, #FF8F9AAD 30.401%, #FEE2D252 54.577%, #FFFFFF00 73.282%)"
    ],
    "dark.data.on-light.negative-gradient-hover": [
        "#FFFFFF"
    ],
    "dark.data.on-light.negative-gradient-active": [
        "#FFFFFF"
    ],
    "dark.data.on-light.info-gradient": [
        "radial-gradient(74.00% 74.00% at 50% 50%, #118CDFFF 0%, #52BAFFAD 30.401%, #CFECFF52 54.577%, #FFFFFF00 73.282%)"
    ],
    "dark.data.on-light.info-gradient-hover": [
        "#FFFFFF"
    ],
    "dark.data.on-light.info-gradient-active": [
        "#FFFFFF"
    ],
    "dark.data.inverse.positive-gradient": [
        "radial-gradient(74.00% 74.00% at 50% 50%, #1A9E32FF 0%, #00AC7BAD 30.401%, #EDF8FF52 54.577%, #FFFFFF00 73.282%)"
    ],
    "dark.data.inverse.positive-gradient-hover": [
        "#FFFFFF"
    ],
    "dark.data.inverse.positive-gradient-active": [
        "#FFFFFF"
    ],
    "dark.data.inverse.warning-gradient": [
        "radial-gradient(74.00% 74.00% at 50% 50%, #FA5F05FF 0%, #FD9C68AD 30.401%, #FFF6E552 54.577%, #FFFFFF00 73.282%)"
    ],
    "dark.data.inverse.warning-gradient-hover": [
        "#FFFFFF"
    ],
    "dark.data.inverse.warning-gradient-active": [
        "#FFFFFF"
    ],
    "dark.data.inverse.negative-gradient": [
        "radial-gradient(74.00% 74.00% at 50% 50%, #FF293EFF 0%, #FF8F9AAD 30.401%, #FEE2D252 54.577%, #FFFFFF00 73.282%)"
    ],
    "dark.data.inverse.negative-gradient-hover": [
        "#FFFFFF"
    ],
    "dark.data.inverse.negative-gradient-active": [
        "#FFFFFF"
    ],
    "dark.data.inverse.info-gradient": [
        "radial-gradient(74.00% 74.00% at 50% 50%, #118CDFFF 0%, #52BAFFAD 30.401%, #CFECFF52 54.577%, #FFFFFF00 73.282%)"
    ],
    "dark.data.inverse.info-gradient-hover": [
        "#FFFFFF"
    ],
    "dark.data.inverse.info-gradient-active": [
        "#FFFFFF"
    ],
    "light.text.default.accent-gradient": [
        "#FFFFFF"
    ],
    "light.text.default.accent-gradient-hover": [
        "#000000FF"
    ],
    "light.text.default.accent-gradient-active": [
        "#CCCCCCFF"
    ],
    "light.text.default.accent-minor-gradient": [
        "#FFFFFF"
    ],
    "light.text.default.accent-minor-gradient-hover": [
        "#000000FF"
    ],
    "light.text.default.accent-minor-gradient-active": [
        "#CCCCCCFF"
    ],
    "light.text.default.promo-gradient": [
        "#FFFFFF"
    ],
    "light.text.default.promo-gradient-hover": [
        "#000000FF"
    ],
    "light.text.default.promo-gradient-active": [
        "#CCCCCCFF"
    ],
    "light.text.default.promo-minor-gradient": [
        "#FFFFFF"
    ],
    "light.text.default.promo-minor-gradient-hover": [
        "#000000FF"
    ],
    "light.text.default.promo-minor-gradient-active": [
        "#CCCCCCFF"
    ],
    "light.text.on-dark.accent-gradient": [
        "#FFFFFF"
    ],
    "light.text.on-dark.accent-gradient-hover": [
        "#000000FF"
    ],
    "light.text.on-dark.accent-gradient-active": [
        "#CCCCCCFF"
    ],
    "light.text.on-dark.accent-minor-gradient": [
        "#FFFFFF"
    ],
    "light.text.on-dark.accent-minor-gradient-hover": [
        "#000000FF"
    ],
    "light.text.on-dark.accent-minor-gradient-active": [
        "#CCCCCCFF"
    ],
    "light.text.on-dark.promo-gradient": [
        "#FFFFFF"
    ],
    "light.text.on-dark.promo-gradient-hover": [
        "#000000FF"
    ],
    "light.text.on-dark.promo-gradient-active": [
        "#CCCCCCFF"
    ],
    "light.text.on-dark.promo-minor-gradient": [
        "#FFFFFF"
    ],
    "light.text.on-dark.promo-minor-gradient-hover": [
        "#000000FF"
    ],
    "light.text.on-dark.promo-minor-gradient-active": [
        "#CCCCCCFF"
    ],
    "light.text.on-light.accent-gradient": [
        "#FFFFFF"
    ],
    "light.text.on-light.accent-gradient-hover": [
        "#000000FF"
    ],
    "light.text.on-light.accent-gradient-active": [
        "#CCCCCCFF"
    ],
    "light.text.on-light.accent-minor-gradient": [
        "#FFFFFF"
    ],
    "light.text.on-light.accent-minor-gradient-hover": [
        "#000000FF"
    ],
    "light.text.on-light.accent-minor-gradient-active": [
        "#CCCCCCFF"
    ],
    "light.text.on-light.promo-gradient": [
        "#FFFFFF"
    ],
    "light.text.on-light.promo-gradient-hover": [
        "#000000FF"
    ],
    "light.text.on-light.promo-gradient-active": [
        "#CCCCCCFF"
    ],
    "light.text.on-light.promo-minor-gradient": [
        "#FFFFFF"
    ],
    "light.text.on-light.promo-minor-gradient-hover": [
        "#000000FF"
    ],
    "light.text.on-light.promo-minor-gradient-active": [
        "#CCCCCCFF"
    ],
    "light.text.inverse.accent-gradient": [
        "#FFFFFF"
    ],
    "light.text.inverse.accent-gradient-hover": [
        "#000000FF"
    ],
    "light.text.inverse.accent-gradient-active": [
        "#CCCCCCFF"
    ],
    "light.text.inverse.accent-minor-gradient": [
        "#FFFFFF"
    ],
    "light.text.inverse.accent-minor-gradient-hover": [
        "#000000FF"
    ],
    "light.text.inverse.accent-minor-gradient-active": [
        "#CCCCCCFF"
    ],
    "light.text.inverse.promo-gradient": [
        "#FFFFFF"
    ],
    "light.text.inverse.promo-gradient-hover": [
        "#000000FF"
    ],
    "light.text.inverse.promo-gradient-active": [
        "#CCCCCCFF"
    ],
    "light.text.inverse.promo-minor-gradient": [
        "#FFFFFF"
    ],
    "light.text.inverse.promo-minor-gradient-hover": [
        "#000000FF"
    ],
    "light.text.inverse.promo-minor-gradient-active": [
        "#CCCCCCFF"
    ],
    "light.surface.default.accent-gradient": [
        "#FFFFFF"
    ],
    "light.surface.default.accent-gradient-hover": [
        "#FFFFFFFF"
    ],
    "light.surface.default.accent-gradient-active": [
        "#FFFFFFFF"
    ],
    "light.surface.default.accent-minor-gradient": [
        "#FFFFFF"
    ],
    "light.surface.default.accent-minor-gradient-hover": [
        "#FFFFFFFF"
    ],
    "light.surface.default.accent-minor-gradient-active": [
        "#FFFFFFFF"
    ],
    "light.surface.default.transparent-accent-gradient": [
        "#FFFFFF"
    ],
    "light.surface.default.transparent-accent-gradient-hover": [
        "#FFFFFFFF"
    ],
    "light.surface.default.transparent-accent-gradient-active": [
        "#FFFFFFFF"
    ],
    "light.surface.default.promo-gradient": [
        "#FFFFFF"
    ],
    "light.surface.default.promo-gradient-hover": [
        "#FFFFFFFF"
    ],
    "light.surface.default.promo-gradient-active": [
        "#FFFFFFFF"
    ],
    "light.surface.default.promo-minor-gradient": [
        "#FFFFFF"
    ],
    "light.surface.default.promo-minor-gradient-hover": [
        "#FFFFFFFF"
    ],
    "light.surface.default.promo-minor-gradient-active": [
        "#FFFFFFFF"
    ],
    "light.surface.default.transparent-promo-gradient": [
        "#FFFFFF"
    ],
    "light.surface.default.transparent-promo-gradient-hover": [
        "#FFFFFFFF"
    ],
    "light.surface.default.transparent-promo-gradient-active": [
        "#FFFFFFFF"
    ],
    "light.surface.default.skeleton-gradient": [
        "linear-gradient(90deg, #08080817 0%, #08080814 6.25%, #0808080D 12.5%, #08080803 25%, #0808080D 37.5%, #08080814 43.75%, #08080817 50%, #08080814 56.25%, #0808080D 62.5%, #08080803 75%, #0808080D 87.5%, #08080814 93.75%, #08080817 100%)"
    ],
    "light.surface.default.skeleton-gradient-hover": [
        "#FFFFFFFF"
    ],
    "light.surface.default.skeleton-gradient-active": [
        "#FFFFFFFF"
    ],
    "light.surface.default.skeleton-deep-gradient": [
        "linear-gradient(90deg, #0808085C 0%, #08080852 6.25%, #08080833 12.5%, #0808080A 25%, #08080833 37.5%, #08080852 43.75%, #0808085C 50%, #08080814 56.25%, #08080833 62.5%, #0808080A 75%, #08080833 87.5%, #08080852 93.75%, #0808085C 100%)"
    ],
    "light.surface.default.skeleton-deep-gradient-hover": [
        "#FFFFFFFF"
    ],
    "light.surface.default.skeleton-deep-gradient-active": [
        "#FFFFFFFF"
    ],
    "light.surface.on-dark.accent-gradient": [
        "#FFFFFF"
    ],
    "light.surface.on-dark.accent-gradient-hover": [
        "#FFFFFFFF"
    ],
    "light.surface.on-dark.accent-gradient-active": [
        "#FFFFFFFF"
    ],
    "light.surface.on-dark.accent-minor-gradient": [
        "#FFFFFF"
    ],
    "light.surface.on-dark.accent-minor-gradient-hover": [
        "#FFFFFFFF"
    ],
    "light.surface.on-dark.accent-minor-gradient-active": [
        "#FFFFFFFF"
    ],
    "light.surface.on-dark.transparent-accent-gradient": [
        "#FFFFFF"
    ],
    "light.surface.on-dark.transparent-accent-gradient-hover": [
        "#FFFFFFFF"
    ],
    "light.surface.on-dark.transparent-accent-gradient-active": [
        "#FFFFFFFF"
    ],
    "light.surface.on-dark.promo-gradient": [
        "#FFFFFF"
    ],
    "light.surface.on-dark.promo-gradient-hover": [
        "#FFFFFFFF"
    ],
    "light.surface.on-dark.promo-gradient-active": [
        "#FFFFFFFF"
    ],
    "light.surface.on-dark.promo-minor-gradient": [
        "#FFFFFF"
    ],
    "light.surface.on-dark.promo-minor-gradient-hover": [
        "#FFFFFFFF"
    ],
    "light.surface.on-dark.promo-minor-gradient-active": [
        "#FFFFFFFF"
    ],
    "light.surface.on-dark.transparent-promo-gradient": [
        "#FFFFFF"
    ],
    "light.surface.on-dark.transparent-promo-gradient-hover": [
        "#FFFFFFFF"
    ],
    "light.surface.on-dark.transparent-promo-gradient-active": [
        "#FFFFFFFF"
    ],
    "light.surface.on-dark.skeleton-gradient": [
        "linear-gradient(90deg, #FFFFFF17 0%, #FFFFFF14 6.25%, #FFFFFF0D 12.5%, #FFFFFF03 25%, #FFFFFF0D 37.5%, #FFFFFF14 43.75%, #FFFFFF17 50%, #FFFFFF14 56.25%, #FFFFFF0D 62.5%, #FFFFFF03 75%, #FFFFFF0D 87.5%, #FFFFFF14 93.75%, #FFFFFF17 100%)"
    ],
    "light.surface.on-dark.skeleton-gradient-hover": [
        "#FFFFFFFF"
    ],
    "light.surface.on-dark.skeleton-gradient-active": [
        "#FFFFFFFF"
    ],
    "light.surface.on-dark.skeleton-deep-gradient": [
        "linear-gradient(90deg, #FFFFFF5C 0%, #FFFFFF52 6.25%, #FFFFFF33 12.5%, #FFFFFF0A 25%, #FFFFFF33 37.5%, #FFFFFF52 43.75%, #FFFFFF5C 50%, #FFFFFF14 56.25%, #FFFFFF33 62.5%, #FFFFFF0A 75%, #FFFFFF33 87.5%, #FFFFFF52 93.75%, #FFFFFF5C 100%)"
    ],
    "light.surface.on-dark.skeleton-deep-gradient-hover": [
        "#FFFFFFFF"
    ],
    "light.surface.on-dark.skeleton-deep-gradient-active": [
        "#FFFFFFFF"
    ],
    "light.surface.on-light.accent-gradient": [
        "#FFFFFF"
    ],
    "light.surface.on-light.accent-gradient-hover": [
        "#FFFFFFFF"
    ],
    "light.surface.on-light.accent-gradient-active": [
        "#FFFFFFFF"
    ],
    "light.surface.on-light.accent-minor-gradient": [
        "#FFFFFF"
    ],
    "light.surface.on-light.accent-minor-gradient-hover": [
        "#FFFFFFFF"
    ],
    "light.surface.on-light.accent-minor-gradient-active": [
        "#FFFFFFFF"
    ],
    "light.surface.on-light.transparent-accent-gradient": [
        "#FFFFFF"
    ],
    "light.surface.on-light.transparent-accent-gradient-hover": [
        "#FFFFFFFF"
    ],
    "light.surface.on-light.transparent-accent-gradient-active": [
        "#FFFFFFFF"
    ],
    "light.surface.on-light.promo-gradient": [
        "#FFFFFF"
    ],
    "light.surface.on-light.promo-gradient-hover": [
        "#FFFFFFFF"
    ],
    "light.surface.on-light.promo-gradient-active": [
        "#FFFFFFFF"
    ],
    "light.surface.on-light.promo-minor-gradient": [
        "#FFFFFF"
    ],
    "light.surface.on-light.promo-minor-gradient-hover": [
        "#FFFFFFFF"
    ],
    "light.surface.on-light.promo-minor-gradient-active": [
        "#FFFFFFFF"
    ],
    "light.surface.on-light.transparent-promo-gradient": [
        "#FFFFFF"
    ],
    "light.surface.on-light.transparent-promo-gradient-hover": [
        "#FFFFFFFF"
    ],
    "light.surface.on-light.transparent-promo-gradient-active": [
        "#FFFFFFFF"
    ],
    "light.surface.on-light.skeleton-gradient": [
        "linear-gradient(90deg, #08080817 0%, #08080814 6.25%, #0808080D 12.5%, #08080803 25%, #0808080D 37.5%, #08080814 43.75%, #08080817 50%, #08080814 56.25%, #0808080D 62.5%, #08080803 75%, #0808080D 87.5%, #08080814 93.75%, #08080817 100%)"
    ],
    "light.surface.on-light.skeleton-gradient-hover": [
        "#FFFFFFFF"
    ],
    "light.surface.on-light.skeleton-gradient-active": [
        "#FFFFFFFF"
    ],
    "light.surface.on-light.skeleton-deep-gradient": [
        "linear-gradient(90deg, #0808085C 0%, #08080852 6.25%, #08080833 12.5%, #0808080A 25%, #08080833 37.5%, #08080852 43.75%, #0808085C 50%, #08080814 56.25%, #08080833 62.5%, #0808080A 75%, #08080833 87.5%, #08080852 93.75%, #0808085C 100%)"
    ],
    "light.surface.on-light.skeleton-deep-gradient-hover": [
        "#FFFFFFFF"
    ],
    "light.surface.on-light.skeleton-deep-gradient-active": [
        "#FFFFFFFF"
    ],
    "light.surface.inverse.accent-gradient": [
        "#FFFFFF"
    ],
    "light.surface.inverse.accent-gradient-hover": [
        "#FFFFFFFF"
    ],
    "light.surface.inverse.accent-gradient-active": [
        "#FFFFFFFF"
    ],
    "light.surface.inverse.accent-minor-gradient": [
        "#FFFFFF"
    ],
    "light.surface.inverse.accent-minor-gradient-hover": [
        "#FFFFFFFF"
    ],
    "light.surface.inverse.accent-minor-gradient-active": [
        "#FFFFFFFF"
    ],
    "light.surface.inverse.transparent-accent-gradient": [
        "#FFFFFF"
    ],
    "light.surface.inverse.transparent-accent-gradient-hover": [
        "#FFFFFFFF"
    ],
    "light.surface.inverse.transparent-accent-gradient-active": [
        "#FFFFFFFF"
    ],
    "light.surface.inverse.promo-gradient": [
        "#FFFFFF"
    ],
    "light.surface.inverse.promo-gradient-hover": [
        "#FFFFFFFF"
    ],
    "light.surface.inverse.promo-gradient-active": [
        "#FFFFFFFF"
    ],
    "light.surface.inverse.promo-minor-gradient": [
        "#FFFFFF"
    ],
    "light.surface.inverse.promo-minor-gradient-hover": [
        "#FFFFFFFF"
    ],
    "light.surface.inverse.promo-minor-gradient-active": [
        "#FFFFFFFF"
    ],
    "light.surface.inverse.transparent-promo-gradient": [
        "#FFFFFF"
    ],
    "light.surface.inverse.transparent-promo-gradient-hover": [
        "#FFFFFFFF"
    ],
    "light.surface.inverse.transparent-promo-gradient-active": [
        "#FFFFFFFF"
    ],
    "light.surface.inverse.skeleton-gradient": [
        "linear-gradient(90deg, #FFFFFF17 0%, #FFFFFF14 6.25%, #FFFFFF0D 12.5%, #FFFFFF03 25%, #FFFFFF0D 37.5%, #FFFFFF14 43.75%, #FFFFFF17 50%, #FFFFFF14 56.25%, #FFFFFF0D 62.5%, #FFFFFF03 75%, #FFFFFF0D 87.5%, #FFFFFF14 93.75%, #FFFFFF17 100%)"
    ],
    "light.surface.inverse.skeleton-gradient-hover": [
        "#FFFFFFFF"
    ],
    "light.surface.inverse.skeleton-gradient-active": [
        "#FFFFFFFF"
    ],
    "light.surface.inverse.skeleton-deep-gradient": [
        "linear-gradient(90deg, #FFFFFF5C 0%, #FFFFFF52 6.25%, #FFFFFF33 12.5%, #FFFFFF0A 25%, #FFFFFF33 37.5%, #FFFFFF52 43.75%, #FFFFFF5C 50%, #FFFFFF14 56.25%, #FFFFFF33 62.5%, #FFFFFF0A 75%, #FFFFFF33 87.5%, #FFFFFF52 93.75%, #FFFFFF5C 100%)"
    ],
    "light.surface.inverse.skeleton-deep-gradient-hover": [
        "#FFFFFFFF"
    ],
    "light.surface.inverse.skeleton-deep-gradient-active": [
        "#FFFFFFFF"
    ],
    "light.outline.default.accent-gradient": [
        "#FFFFFF"
    ],
    "light.outline.default.accent-gradient-hover": [
        "#000000FF"
    ],
    "light.outline.default.accent-gradient-active": [
        "#CCCCCCFF"
    ],
    "light.outline.default.accent-minor-gradient": [
        "#FFFFFF"
    ],
    "light.outline.default.accent-minor-gradient-hover": [
        "#000000FF"
    ],
    "light.outline.default.accent-minor-gradient-active": [
        "#CCCCCCFF"
    ],
    "light.outline.default.transparent-accent-gradient": [
        "#FFFFFF"
    ],
    "light.outline.default.transparent-accent-gradient-hover": [
        "#000000FF"
    ],
    "light.outline.default.transparent-accent-gradient-active": [
        "#CCCCCCFF"
    ],
    "light.outline.default.promo-gradient": [
        "#FFFFFF"
    ],
    "light.outline.default.promo-gradient-hover": [
        "#000000FF"
    ],
    "light.outline.default.promo-gradient-active": [
        "#CCCCCCFF"
    ],
    "light.outline.default.promo-minor-gradient": [
        "#FFFFFF"
    ],
    "light.outline.default.promo-minor-gradient-hover": [
        "#CCCCCCFF"
    ],
    "light.outline.default.promo-minor-gradient-active": [
        "#E6E6E6FF"
    ],
    "light.outline.on-dark.accent-gradient": [
        "#FFFFFF"
    ],
    "light.outline.on-dark.accent-gradient-hover": [
        "#000000FF"
    ],
    "light.outline.on-dark.accent-gradient-active": [
        "#CCCCCCFF"
    ],
    "light.outline.on-dark.accent-minor-gradient": [
        "#FFFFFF"
    ],
    "light.outline.on-dark.accent-minor-gradient-hover": [
        "#000000FF"
    ],
    "light.outline.on-dark.accent-minor-gradient-active": [
        "#CCCCCCFF"
    ],
    "light.outline.on-dark.transparent-accent-gradient": [
        "#FFFFFF"
    ],
    "light.outline.on-dark.transparent-accent-gradient-hover": [
        "#000000FF"
    ],
    "light.outline.on-dark.transparent-accent-gradient-active": [
        "#CCCCCCFF"
    ],
    "light.outline.on-dark.promo-gradient": [
        "#FFFFFF"
    ],
    "light.outline.on-dark.promo-gradient-hover": [
        "#000000FF"
    ],
    "light.outline.on-dark.promo-gradient-active": [
        "#CCCCCCFF"
    ],
    "light.outline.on-dark.promo-minor-gradient": [
        "#FFFFFF"
    ],
    "light.outline.on-dark.promo-minor-gradient-hover": [
        "#CCCCCCFF"
    ],
    "light.outline.on-dark.promo-minor-gradient-active": [
        "#E6E6E6FF"
    ],
    "light.outline.on-light.accent-gradient": [
        "#FFFFFF"
    ],
    "light.outline.on-light.accent-gradient-hover": [
        "#000000FF"
    ],
    "light.outline.on-light.accent-gradient-active": [
        "#CCCCCCFF"
    ],
    "light.outline.on-light.accent-minor-gradient": [
        "#FFFFFF"
    ],
    "light.outline.on-light.accent-minor-gradient-hover": [
        "#000000FF"
    ],
    "light.outline.on-light.accent-minor-gradient-active": [
        "#CCCCCCFF"
    ],
    "light.outline.on-light.transparent-accent-gradient": [
        "#FFFFFF"
    ],
    "light.outline.on-light.transparent-accent-gradient-hover": [
        "#000000FF"
    ],
    "light.outline.on-light.transparent-accent-gradient-active": [
        "#CCCCCCFF"
    ],
    "light.outline.on-light.promo-gradient": [
        "#FFFFFF"
    ],
    "light.outline.on-light.promo-gradient-hover": [
        "#000000FF"
    ],
    "light.outline.on-light.promo-gradient-active": [
        "#CCCCCCFF"
    ],
    "light.outline.on-light.promo-minor-gradient": [
        "#FFFFFF"
    ],
    "light.outline.on-light.promo-minor-gradient-hover": [
        "#CCCCCCFF"
    ],
    "light.outline.on-light.promo-minor-gradient-active": [
        "#E6E6E6FF"
    ],
    "light.outline.inverse.accent-gradient": [
        "#FFFFFF"
    ],
    "light.outline.inverse.accent-gradient-hover": [
        "#000000FF"
    ],
    "light.outline.inverse.accent-gradient-active": [
        "#CCCCCCFF"
    ],
    "light.outline.inverse.accent-minor-gradient": [
        "#FFFFFF"
    ],
    "light.outline.inverse.accent-minor-gradient-hover": [
        "#000000FF"
    ],
    "light.outline.inverse.accent-minor-gradient-active": [
        "#CCCCCCFF"
    ],
    "light.outline.inverse.transparent-accent-gradient": [
        "#FFFFFF"
    ],
    "light.outline.inverse.transparent-accent-gradient-hover": [
        "#000000FF"
    ],
    "light.outline.inverse.transparent-accent-gradient-active": [
        "#CCCCCCFF"
    ],
    "light.outline.inverse.promo-gradient": [
        "#FFFFFF"
    ],
    "light.outline.inverse.promo-gradient-hover": [
        "#000000FF"
    ],
    "light.outline.inverse.promo-gradient-active": [
        "#CCCCCCFF"
    ],
    "light.outline.inverse.promo-minor-gradient": [
        "#FFFFFF"
    ],
    "light.outline.inverse.promo-minor-gradient-hover": [
        "#CCCCCCFF"
    ],
    "light.outline.inverse.promo-minor-gradient-active": [
        "#E6E6E6FF"
    ],
    "light.data.default.positive-gradient": [
        "radial-gradient(74.00% 74.00% at 50% 50%, #1A9E32FF 0%, #00AC7BAD 30.401%, #EDF8FF52 54.577%, #FFFFFF00 73.282%)"
    ],
    "light.data.default.positive-gradient-hover": [
        "#FFFFFF"
    ],
    "light.data.default.positive-gradient-active": [
        "#FFFFFF"
    ],
    "light.data.default.warning-gradient": [
        "radial-gradient(74.00% 74.00% at 50% 50%, #FA5F05FF 0%, #FD9C68AD 30.401%, #FFF6E552 54.577%, #FFFFFF00 73.282%)"
    ],
    "light.data.default.warning-gradient-hover": [
        "#FFFFFF"
    ],
    "light.data.default.warning-gradient-active": [
        "#FFFFFF"
    ],
    "light.data.default.negative-gradient": [
        "radial-gradient(74.00% 74.00% at 50% 50%, #FF293EFF 0%, #FF8F9AAD 30.401%, #FEE2D252 54.577%, #FFFFFF00 73.282%)"
    ],
    "light.data.default.negative-gradient-hover": [
        "#FFFFFF"
    ],
    "light.data.default.negative-gradient-active": [
        "#FFFFFF"
    ],
    "light.data.default.info-gradient": [
        "radial-gradient(74.00% 74.00% at 50% 50%, #118CDFFF 0%, #52BAFFAD 30.401%, #CFECFF52 54.577%, #FFFFFF00 73.282%)"
    ],
    "light.data.default.info-gradient-hover": [
        "#FFFFFF"
    ],
    "light.data.default.info-gradient-active": [
        "#FFFFFF"
    ],
    "light.data.on-dark.positive-gradient": [
        "radial-gradient(74.00% 74.00% at 50% 50%, #1A9E32FF 0.302%, #00AC7BAD 30.285%, #007D8052 54.577%, #060A0C00 74.407%)"
    ],
    "light.data.on-dark.positive-gradient-hover": [
        "#FFFFFF"
    ],
    "light.data.on-dark.positive-gradient-active": [
        "#FFFFFF"
    ],
    "light.data.on-dark.warning-gradient": [
        "radial-gradient(74.00% 74.00% at 50% 50%, #FF7024FF 0%, #FF7024AD 30.401%, #85380C52 54.577%, #060A0C00 73.282%)"
    ],
    "light.data.on-dark.warning-gradient-hover": [
        "#FFFFFF"
    ],
    "light.data.on-dark.warning-gradient-active": [
        "#FFFFFF"
    ],
    "light.data.on-dark.negative-gradient": [
        "radial-gradient(74.00% 74.00% at 50% 50%, #FF293EFF 0%, #FF3D51AD 30.401%, #9C142252 54.577%, #060A0C00 73.282%)"
    ],
    "light.data.on-dark.negative-gradient-hover": [
        "#FFFFFF"
    ],
    "light.data.on-dark.negative-gradient-active": [
        "#FFFFFF"
    ],
    "light.data.on-dark.info-gradient": [
        "radial-gradient(74.00% 74.00% at 50% 50%, #118CDFFF 0%, #528EFFAD 30.401%, #0C72B652 54.577%, #060A0C00 73.282%)"
    ],
    "light.data.on-dark.info-gradient-hover": [
        "#FFFFFF"
    ],
    "light.data.on-dark.info-gradient-active": [
        "#FFFFFF"
    ],
    "light.data.on-light.positive-gradient": [
        "radial-gradient(74.00% 74.00% at 50% 50%, #1A9E32FF 0%, #00AC7BAD 30.401%, #EDF8FF52 54.577%, #FFFFFF00 73.282%)"
    ],
    "light.data.on-light.positive-gradient-hover": [
        "#FFFFFF"
    ],
    "light.data.on-light.positive-gradient-active": [
        "#FFFFFF"
    ],
    "light.data.on-light.warning-gradient": [
        "radial-gradient(74.00% 74.00% at 50% 50%, #FA5F05FF 0%, #FD9C68AD 30.401%, #FFF6E552 54.577%, #FFFFFF00 73.282%)"
    ],
    "light.data.on-light.warning-gradient-hover": [
        "#FFFFFF"
    ],
    "light.data.on-light.warning-gradient-active": [
        "#FFFFFF"
    ],
    "light.data.on-light.negative-gradient": [
        "radial-gradient(74.00% 74.00% at 50% 50%, #FF293EFF 0%, #FF8F9AAD 30.401%, #FEE2D252 54.577%, #FFFFFF00 73.282%)"
    ],
    "light.data.on-light.negative-gradient-hover": [
        "#FFFFFF"
    ],
    "light.data.on-light.negative-gradient-active": [
        "#FFFFFF"
    ],
    "light.data.on-light.info-gradient": [
        "radial-gradient(74.00% 74.00% at 50% 50%, #118CDFFF 0%, #52BAFFAD 30.401%, #CFECFF52 54.577%, #FFFFFF00 73.282%)"
    ],
    "light.data.on-light.info-gradient-hover": [
        "#FFFFFF"
    ],
    "light.data.on-light.info-gradient-active": [
        "#FFFFFF"
    ],
    "light.data.inverse.positive-gradient": [
        "radial-gradient(74.00% 74.00% at 50% 50%, #1A9E32FF 0.302%, #00AC7BAD 30.285%, #007D8052 54.577%, #060A0C00 74.407%)"
    ],
    "light.data.inverse.positive-gradient-hover": [
        "#FFFFFF"
    ],
    "light.data.inverse.positive-gradient-active": [
        "#FFFFFF"
    ],
    "light.data.inverse.warning-gradient": [
        "radial-gradient(74.00% 74.00% at 50% 50%, #FF7024FF 0%, #FF7024AD 30.401%, #85380C52 54.577%, #060A0C00 73.282%)"
    ],
    "light.data.inverse.warning-gradient-hover": [
        "#FFFFFF"
    ],
    "light.data.inverse.warning-gradient-active": [
        "#FFFFFF"
    ],
    "light.data.inverse.negative-gradient": [
        "radial-gradient(74.00% 74.00% at 50% 50%, #FF293EFF 0%, #FF3D51AD 30.401%, #9C142252 54.577%, #060A0C00 73.282%)"
    ],
    "light.data.inverse.negative-gradient-hover": [
        "#FFFFFF"
    ],
    "light.data.inverse.negative-gradient-active": [
        "#FFFFFF"
    ],
    "light.data.inverse.info-gradient": [
        "radial-gradient(74.00% 74.00% at 50% 50%, #118CDFFF 0%, #528EFFAD 30.401%, #0C72B652 54.577%, #060A0C00 73.282%)"
    ],
    "light.data.inverse.info-gradient-hover": [
        "#FFFFFF"
    ],
    "light.data.inverse.info-gradient-active": [
        "#FFFFFF"
    ]
}