{
    "view": {},
    "props": {
        "topShape": {
            "type": "shape",
            "value": "round.l",
            "adjustment": 2
        },
        "bottomShape": {
            "type": "shape",
            "value": "round.l",
            "adjustment": 2
        },
        "paddingStart": {
            "type": "dimension",
            "value": 8
        },
        "paddingEnd": {
            "type": "dimension",
            "value": 8
        },
        "contentPaddingStart": {
            "type": "dimension",
            "value": 2
        },
        "contentPaddingEnd": {
            "type": "dimension",
            "value": 2
        },
        "contentPaddingTop": {
            "type": "dimension",
            "value": 2
        },
        "contentPaddingBottom": {
            "type": "dimension",
            "value": 2
        },
        "itemSpacing": {
            "type": "dimension",
            "value": 2
        },
        "backgroundColor": {
            "type": "color",
            "default": "surface.default.solid-card"
        }
    },
    "variations": [
        {
            "id": "m",
            "parent": null,
            "view": {
                "default": {
                    "props": {
                        "tabBarItemStyle": {
                            "type": "component_style",
                            "value": "tab-bar-item-clear.m.label.default"
                        }
                    }
                },
                "secondary": {
                    "props": {
                        "tabBarItemStyle": {
                            "type": "component_style",
                            "value": "tab-bar-item-clear.m.label.secondary"
                        }
                    }
                },
                "accent": {
                    "props": {
                        "tabBarItemStyle": {
                            "type": "component_style",
                            "value": "tab-bar-item-clear.m.label.accent"
                        }
                    }
                }
            }
        },
        {
            "id": "m.shadow",
            "parent": "m",
            "props": {
                "shadow": {
                    "type": "shadow",
                    "value": "down.soft.m"
                }
            }
        },
        {
            "id": "l",
            "parent": null,
            "view": {
                "default": {
                    "props": {
                        "tabBarItemStyle": {
                            "type": "component_style",
                            "value": "tab-bar-item-clear.l.label.default"
                        }
                    }
                },
                "secondary": {
                    "props": {
                        "tabBarItemStyle": {
                            "type": "component_style",
                            "value": "tab-bar-item-clear.l.label.secondary"
                        }
                    }
                },
                "accent": {
                    "props": {
                        "tabBarItemStyle": {
                            "type": "component_style",
                            "value": "tab-bar-item-clear.l.label.accent"
                        }
                    }
                }
            }
        },
        {
            "id": "l.shadow",
            "parent": "l",
            "props": {
                "shadow": {
                    "type": "shadow",
                    "value": "down.soft.m"
                }
            }
        }
    ]
}