{
    "down.soft.s": [
        {
            "color": "#0000007A",
            "offsetX": 0,
            "offsetY": 4,
            "spreadRadius": -4,
            "blurRadius": 14,
            "fallbackElevation": 8
        }
    ],
    "down.soft.m": [
        {
            "color": "#000000A3",
            "offsetX": 0,
            "offsetY": 4,
            "spreadRadius": -4,
            "blurRadius": 14,
            "fallbackElevation": 24
        }
    ],
    "down.soft.l": [
        {
            "color": "#000000F5",
            "offsetX": 0,
            "offsetY": 4,
            "spreadRadius": -4,
            "blurRadius": 14,
            "fallbackElevation": 40
        }
    ],
    "down.hard.s": [
        {
            "color": "#000000CC",
            "offsetX": 0,
            "offsetY": 4,
            "spreadRadius": -4,
            "blurRadius": 14,
            "fallbackElevation": 16
        }
    ],
    "down.hard.m": [
        {
            "color": "#000000F5",
            "offsetX": 0,
            "offsetY": 4,
            "spreadRadius": -4,
            "blurRadius": 14,
            "fallbackElevation": 32
        }
    ],
    "down.hard.l": [
        {
            "color": "#000000FF",
            "offsetX": 0,
            "offsetY": 4,
            "spreadRadius": -4,
            "blurRadius": 14,
            "fallbackElevation": 48
        }
    ]
}