{
    "name": "plasma_homeds",
    "version": "0.1.0-rc",
    "components": [
        {
            "componentName": "avatar",
            "styleName": "avatar",
            "config": "avatar_config.json"
        },
        {
            "componentName": "avatar-group",
            "styleName": "avatar-group",
            "config": "avatar_group_config.json"
        },
        {
            "componentName": "badge",
            "styleName": "badge-clear",
            "config": "badge_clear_config.json"
        },
        {
            "componentName": "badge",
            "styleName": "badge-solid",
            "config": "badge_solid_config.json"
        },
        {
            "componentName": "badge",
            "styleName": "badge-transparent",
            "config": "badge_transparent_config.json"
        },
        {
            "componentName": "icon-badge",
            "styleName": "icon-badge-clear",
            "config": "icon_badge_clear_config.json"
        },
        {
            "componentName": "icon-badge",
            "styleName": "icon-badge-solid",
            "config": "icon_badge_solid_config.json"
        },
        {
            "componentName": "icon-badge",
            "styleName": "icon-badge-transparent",
            "config": "icon_badge_transparent_config.json"
        },
        {
            "componentName": "check-box",
            "styleName": "check-box",
            "config": "checkbox_config.json"
        },
        {
            "componentName": "check-box-group",
            "styleName": "check-box-group",
            "config": "checkbox_group_config.json"
        },
        {
            "componentName": "radio-box",
            "styleName": "radio-box",
            "config": "radiobox_config.json"
        },
        {
            "componentName": "radio-box-group",
            "styleName": "radio-box-group",
            "config": "radiobox_group_config.json"
        },
        {
            "componentName": "switch",
            "styleName": "switch",
            "config": "switch_config.json"
        },
        {
            "componentName": "tab-bar",
            "styleName": "tab-bar",
            "config": "tab_bar_config.json"
        },
        {
            "componentName": "tab-bar-item",
            "styleName": "tab-bar-item",
            "config": "tab_bar_item_config.json"
        },
        {
            "componentName": "navigation-bar",
            "styleName": "navigation-bar-main-page",
            "config": "navigation_bar_main_page_config.json"
        },
        {
            "componentName": "navigation-bar",
            "styleName": "navigation-bar-internal-page",
            "config": "navigation_bar_internal_page_config.json"
        },
        {
            "componentName": "collapsing-navigation-bar",
            "styleName": "collapsing-navigation-bar-main-page",
            "config": "collapsing_navigation_bar_main_page_config.json"
        },
        {
            "componentName": "collapsing-navigation-bar",
            "styleName": "collapsing-navigation-bar-internal-page",
            "config": "collapsing_navigation_bar_internal_page_config.json"
        },
        {
            "componentName": "basic-button",
            "styleName": "basic-button",
            "config": "basic_button_config.json"
        },
        {
            "componentName": "icon-button",
            "styleName": "icon-button",
            "config": "icon_button_config.json"
        },
        {
            "componentName": "button-group",
            "styleName": "basic-button-group",
            "config": "basic_button_group_config.json"
        },
        {
            "componentName": "button-group",
            "styleName": "icon-button-group",
            "config": "icon_button_group_config.json"
        },
        {
            "componentName": "card",
            "styleName": "card",
            "config": "card_config.json"
        },
        {
            "componentName": "cell",
            "styleName": "cell",
            "config": "cell_config.json"
        },
        {
            "componentName": "circular-progress-bar",
            "styleName": "circular-progress-bar",
            "config": "circular_progress_bar_config.json"
        },
        {
            "componentName": "chip",
            "styleName": "chip",
            "config": "chip_config.json"
        },
        {
            "componentName": "chip-group",
            "styleName": "chip-group-dense",
            "config": "chip_group_dense_config.json"
        },
        {
            "componentName": "chip-group",
            "styleName": "chip-group-wide",
            "config": "chip_group_wide_config.json"
        },
        {
            "componentName": "counter",
            "styleName": "counter",
            "config": "counter_config.json"
        },
        {
            "componentName": "divider",
            "styleName": "divider",
            "config": "divider_config.json"
        },
        {
            "componentName": "indicator",
            "styleName": "indicator",
            "config": "indicator_config.json"
        },
        {
            "componentName": "image",
            "styleName": "image",
            "config": "image_config.json"
        },
        {
            "componentName": "list",
            "styleName": "list",
            "config": "list_config.json"
        },
        {
            "componentName": "list-item",
            "styleName": "list-item",
            "config": "list_item_config.json"
        },
        {
            "componentName": "loader",
            "styleName": "loader",
            "config": "loader_config.json"
        },
        {
            "componentName": "spinner",
            "styleName": "spinner",
            "config": "spinner_config.json"
        },
        {
            "componentName": "text-field",
            "styleName": "text-field",
            "config": "text_field_config.json"
        },
        {
            "componentName": "tooltip",
            "styleName": "tooltip",
            "config": "tooltip_config.json"
        },
        {
            "componentName": "wheel",
            "styleName": "wheel",
            "config": "wheel_config.json"
        },
        {
            "componentName": "note",
            "styleName": "note",
            "config": "note_config.json"
        },
        {
            "componentName": "note-compact",
            "styleName": "note-compact",
            "config": "note_compact_config.json"
        },
        {
            "componentName": "toast",
            "styleName": "toast",
            "config": "toast_config.json"
        },
        {
            "componentName": "list",
            "styleName": "list-numbered",
            "config": "list_numbered_config.json"
        },
        {
            "componentName": "list-item",
            "styleName": "list-numbered-item",
            "config": "list_numbered_item_config.json"
        },
        {
            "componentName": "link-button",
            "styleName": "link-button",
            "config": "link_button_config.json"
        },
        {
            "componentName": "bottom-sheet",
            "styleName": "modal-bottom-sheet",
            "config": "bottom_sheet_config.json"
        },
        {
            "componentName": "rect-skeleton",
            "styleName": "rect-skeleton",
            "config": "rect_skeleton_config.json"
        },
        {
            "componentName": "text-skeleton",
            "styleName": "text-skeleton-body",
            "config": "text_skeleton_body_config.json"
        },
        {
            "componentName": "text-skeleton",
            "styleName": "text-skeleton-display",
            "config": "text_skeleton_display_config.json"
        },
        {
            "componentName": "text-skeleton",
            "styleName": "text-skeleton-header",
            "config": "text_skeleton_header_config.json"
        },
        {
            "componentName": "text-skeleton",
            "styleName": "text-skeleton-text",
            "config": "text_skeleton_text_config.json"
        }
    ]
}