{
    "view": {},
    "props": {
        "backIcon": {
            "type": "icon",
            "value": "disclosure.left.outline.24"
        },
        "backIconMargin": {
            "type": "dimension",
            "value": 4.0
        },
        "backIconColor": {
            "type": "color",
            "default": "text.default.primary"
        },
        "actionButtonStyle": {
            "type": "component_style",
            "value": "icon-button.s.secondary"
        },
        "textStyle": {
            "type": "typography",
            "value": "header.h5.normal"
        },
        "titleStyle": {
            "type": "typography",
            "value": "header.h2.normal",
            "states": [
                {
                    "state": [
                        "text-inlined"
                    ],
                    "value": "body.m.normal"
                }
            ]
        },
        "descriptionStyle": {
            "type": "typography",
            "value": "body.m.normal",
            "states": [
                {
                    "state": [
                        "text-inlined"
                    ],
                    "value": "body.xs.normal"
                }
            ]
        },
        "actionStartColor": {
            "type": "color",
            "default": "text.default.primary"
        },
        "actionEndColor": {
            "type": "color",
            "default": "text.default.primary"
        },
        "textColor": {
            "type": "color",
            "default": "text.default.primary"
        },
        "titleColor": {
            "type": "color",
            "default": "text.default.primary"
        },
        "descriptionColor": {
            "type": "color",
            "default": "text.default.secondary"
        },
        "descriptionPadding": {
            "type": "dimension",
            "value": 12.0,
            "states": [
                {
                    "state": [
                        "text-inlined"
                    ],
                    "value": 4.0
                }
            ]
        },
        "paddingStart": {
            "type": "dimension",
            "value": 16.0
        },
        "paddingEnd": {
            "type": "dimension",
            "value": 16.0
        },
        "paddingTop": {
            "type": "dimension",
            "value": 8.0
        },
        "paddingBottom": {
            "type": "dimension",
            "value": 8.0
        },
        "horizontalSpacing": {
            "type": "dimension",
            "value": 8.0
        },
        "textBlockTopMargin": {
            "type": "dimension",
            "value": 16.0
        },
        "backgroundColor": {
            "type": "color",
            "default": "surface.default.clear"
        }
    },
    "variations": []
}