{
    "props": {
        "backgroundColor": {
            "type": "color",
            "default": "surface.default.clear"
        },
        "angle": {
            "type": "float",
            "value": 360
        },
        "strokeCap": {
            "type": "value",
            "value": "round"
        }
    },
    "view": {
        "default": {
            "props": {
                "startColor": {
                    "type": "color",
                    "default": "surface.default.solid-default"
                },
                "endColor": {
                    "type": "color",
                    "default": "surface.default.transparent-primary"
                }
            }
        },
        "secondary": {
            "props": {
                "startColor": {
                    "type": "color",
                    "default": "surface.default.solid-default",
                    "alpha": 0.32
                },
                "endColor": {
                    "type": "color",
                    "default": "surface.default.transparent-primary",
                    "alpha": 0.32
                }
            }
        },
        "accent": {
            "props": {
                "startColor": {
                    "type": "color",
                    "default": "surface.default.accent"
                },
                "endColor": {
                    "type": "color",
                    "default": "surface.default.transparent-accent"
                }
            }
        },
        "positive": {
            "props": {
                "startColor": {
                    "type": "color",
                    "default": "surface.default.positive"
                },
                "endColor": {
                    "type": "color",
                    "default": "surface.default.transparent-positive"
                }
            }
        },
        "negative": {
            "props": {
                "startColor": {
                    "type": "color",
                    "default": "surface.default.negative"
                },
                "endColor": {
                    "type": "color",
                    "default": "surface.default.transparent-negative"
                }
            }
        },
        "warning": {
            "props": {
                "startColor": {
                    "type": "color",
                    "default": "surface.default.warning"
                },
                "endColor": {
                    "type": "color",
                    "default": "surface.default.transparent-warning"
                }
            }
        },
        "info": {
            "props": {
                "startColor": {
                    "type": "color",
                    "default": "surface.default.info"
                },
                "endColor": {
                    "type": "color",
                    "default": "surface.default.transparent-info"
                }
            }
        }
    },
    "variations": [
        {
            "id": "m",
            "parent": null,
            "props": {
                "size": {
                    "type": "dimension",
                    "value": 48
                },
                "padding": {
                    "type": "dimension",
                    "value": 4
                }
            }
        },
        {
            "id": "s",
            "parent": null,
            "props": {
                "size": {
                    "type": "dimension",
                    "value": 36
                },
                "padding": {
                    "type": "dimension",
                    "value": 3
                }
            }
        },
        {
            "id": "xs",
            "parent": null,
            "props": {
                "size": {
                    "type": "dimension",
                    "value": 24
                },
                "padding": {
                    "type": "dimension",
                    "value": 2
                }
            }
        },
        {
            "id": "xxs",
            "parent": null,
            "props": {
                "size": {
                    "type": "dimension",
                    "value": 16
                },
                "padding": {
                    "type": "dimension",
                    "value": 1
                }
            }
        },
        {
            "id": "scalable",
            "parent": null,
            "props": {
                "size": {
                    "type": "dimension",
                    "value": 16
                },
                "padding": {
                    "type": "dimension",
                    "value": 0
                }
            }
        }
    ]
}