{
    "view": {},
    "variations": [],
    "props": {
        "backgroundColor": {
            "type": "color",
            "default": "surface.default.clear"
        },
        "labelColor": {
            "type": "color",
            "default": "text.default.secondary",
            "states": [
                {
                    "state": [
                        "selected"
                    ],
                    "value": "text.default.primary"
                }
            ]
        },
        "iconColor": {
            "type": "color",
            "default": "text.default.secondary",
            "states": [
                {
                    "state": [
                        "selected"
                    ],
                    "value": "text.default.primary"
                }
            ]
        },
        "labelStyle": {
            "type": "typography",
            "value": "body.xxs.bold"
        },
        "labelPlacement": {
            "type": "value",
            "value": "bottom"
        },
        "labelPadding": {
            "type": "dimension",
            "value": 2
        },
        "paddingTop": {
            "type": "dimension",
            "value": 11
        },
        "paddingBottom": {
            "type": "dimension",
            "value": 11
        },
        "minHeight": {
            "type": "dimension",
            "value": 60
        },
        "iconSize": {
            "type": "dimension",
            "value": "24"
        },
        "counterStyle": {
            "type": "component_style",
            "value": "counter.xs.negative"
        },
        "indicatorStyle": {
            "type": "component_style",
            "value": "indicator.m.negative"
        }
    }
}