{
    "view": {},
    "variations": [],
    "props": {
        "shape": {
            "type": "shape",
            "value": "round.xl"
        },
        "shadow": {
            "type": "shadow",
            "value": "down.soft.l"
        },
        "backgroundColor": {
            "type": "color",
            "default": "surface.default.solid-card"
        },
        "closeColor": {
            "type": "color",
            "default": "text.default.secondary"
        },
        "closeSize": {
            "type": "dimension",
            "value": 24
        },
        "paddingStart": {
            "type": "dimension",
            "value": 32
        },
        "paddingEnd": {
            "type": "dimension",
            "value": 32
        },
        "paddingTop": {
            "type": "dimension",
            "value": 32
        },
        "paddingBottom": {
            "type": "dimension",
            "value": 32 
        },
        "overlayStyle": {
            "type": "component_style",
            "value": "overlay"
        }
    }
}