{
    "view": {},
    "props": {},
    "variations": [
        {
            "id": "xl",
            "parent": null,
            "props": {
                "dropdownStyle": {
                    "type": "component_style",
                    "value": "dropdown-menu-tight.xl"
                },
                "textFieldStyle": {
                    "type": "component_style",
                    "value": "text-field.xl.default"
                },
                "buttonStyle": {
                    "type": "component_style",
                    "value": "basic-button.xl.secondary"
                },
                "selectItemStyle": {
                    "type": "component_style",
                    "value": "select-item-multiple-tight.xl"
                }
            }
        },
        {
            "id": "l",
            "parent": null,
            "props": {
                "dropdownStyle": {
                    "type": "component_style",
                    "value": "dropdown-menu-tight.l"
                },
                "textFieldStyle": {
                    "type": "component_style",
                    "value": "text-field.l.default"
                },
                "buttonStyle": {
                    "type": "component_style",
                    "value": "basic-button.l.secondary"
                },
                "selectItemStyle": {
                    "type": "component_style",
                    "value": "select-item-multiple-tight.l"
                }
            }
        },
        {
            "id": "m",
            "parent": null,
            "props": {
                "dropdownStyle": {
                    "type": "component_style",
                    "value": "dropdown-menu-tight.m"
                },
                "textFieldStyle": {
                    "type": "component_style",
                    "value": "text-field.m.default"
                },
                "buttonStyle": {
                    "type": "component_style",
                    "value": "basic-button.m.secondary"
                },
                "selectItemStyle": {
                    "type": "component_style",
                    "value": "select-item-multiple-tight.m"
                }
            }
        },
        {
            "id": "s",
            "parent": null,
            "props": {
                "dropdownStyle": {
                    "type": "component_style",
                    "value": "dropdown-menu-tight.s"
                },
                "textFieldStyle": {
                    "type": "component_style",
                    "value": "text-field.s.default"
                },
                "buttonStyle": {
                    "type": "component_style",
                    "value": "basic-button.s.secondary"
                },
                "selectItemStyle": {
                    "type": "component_style",
                    "value": "select-item-multiple-tight.s"
                }
            }
        },
        {
            "id": "xs",
            "parent": null,
            "props": {
                "dropdownStyle": {
                    "type": "component_style",
                    "value": "dropdown-menu-tight.xs"
                },
                "textFieldStyle": {
                    "type": "component_style",
                    "value": "text-field.xs.default"
                },
                "buttonStyle": {
                    "type": "component_style",
                    "value": "basic-button.xs.secondary"
                },
                "selectItemStyle": {
                    "type": "component_style",
                    "value": "select-item-multiple-tight.xs"
                }
            }
        }
    ]
}