{
    "view": {},
    "props": {
        "itemType": {
            "type": "value",
            "value": "single"
        },
        "iconColor": {
            "type": "color",
            "default": "text.default.accent"
        }
    },
    "variations": [
        {
            "id": "xl",
            "parent": null,
            "props": {
                "cellStyle": {
                    "type": "component_style",
                    "value": "cell.l"
                },
                "paddingStart": {
                    "type": "dimension",
                    "value": 16.0
                },
                "paddingEnd": {
                    "type": "dimension",
                    "value": 18.0
                },
                "paddingTop": {
                    "type": "dimension",
                    "value": 20.0
                },
                "paddingBottom": {
                    "type": "dimension",
                    "value": 20.0
                },
                "controlMargin": {
                    "type": "dimension",
                    "value": 8.0
                },
                "controlSize": {
                    "type": "dimension",
                    "value": 24.0
                },
                "icon": {
                    "type": "icon",
                    "value": "done.24"
                }
            }
        },
        {
            "id": "l",
            "parent": null,
            "props": {
                "cellStyle": {
                    "type": "component_style",
                    "value": "cell.l"
                },
                "paddingStart": {
                    "type": "dimension",
                    "value": 14.0
                },
                "paddingEnd": {
                    "type": "dimension",
                    "value": 16.0
                },
                "paddingTop": {
                    "type": "dimension",
                    "value": 16.0
                },
                "paddingBottom": {
                    "type": "dimension",
                    "value": 16.0
                },
                "controlMargin": {
                    "type": "dimension",
                    "value": 6.0
                },
                "controlSize": {
                    "type": "dimension",
                    "value": 24.0
                },
                "icon": {
                    "type": "icon",
                    "value": "done.24"
                }
            }
        },
        {
            "id": "m",
            "parent": null,
            "props": {
                "cellStyle": {
                    "type": "component_style",
                    "value": "cell.m"
                },
                "paddingStart": {
                    "type": "dimension",
                    "value": 12.0
                },
                "paddingEnd": {
                    "type": "dimension",
                    "value": 14.0
                },
                "paddingTop": {
                    "type": "dimension",
                    "value": 12.0
                },
                "paddingBottom": {
                    "type": "dimension",
                    "value": 12.0
                },
                "controlMargin": {
                    "type": "dimension",
                    "value": 6.0
                },
                "controlSize": {
                    "type": "dimension",
                    "value": 24.0
                },
                "icon": {
                    "type": "icon",
                    "value": "done.24"
                }
            }
        },
        {
            "id": "s",
            "parent": null,
            "props": {
                "cellStyle": {
                    "type": "component_style",
                    "value": "cell.s"
                },
                "paddingStart": {
                    "type": "dimension",
                    "value": 10.0
                },
                "paddingEnd": {
                    "type": "dimension",
                    "value": 12.0
                },
                "paddingTop": {
                    "type": "dimension",
                    "value": 8.0
                },
                "paddingBottom": {
                    "type": "dimension",
                    "value": 8.0
                },
                "controlMargin": {
                    "type": "dimension",
                    "value": 6.0
                },
                "controlSize": {
                    "type": "dimension",
                    "value": 24.0
                },
                "icon": {
                    "type": "icon",
                    "value": "done.24"
                }
            }
        },
        {
            "id": "xs",
            "parent": null,
            "props": {
                "cellStyle": {
                    "type": "component_style",
                    "value": "cell.xs"
                },
                "paddingStart": {
                    "type": "dimension",
                    "value": 6.0
                },
                "paddingEnd": {
                    "type": "dimension",
                    "value": 8.0
                },
                "paddingTop": {
                    "type": "dimension",
                    "value": 8.0
                },
                "paddingBottom": {
                    "type": "dimension",
                    "value": 8.0
                },
                "controlMargin": {
                    "type": "dimension",
                    "value": 4.0
                },
                "controlSize": {
                    "type": "dimension",
                    "value": 16.0
                },
                "icon": {
                    "type": "icon",
                    "value": "done.16"
                }
            }
        }
    ]
}