{
    "view": {
        "default": {
            "props": {
                "indicatorColor": {
                    "type": "color",
                    "default": "surface.default.solid-default"
                },
                "thumbStrokeColor": {
                    "type": "color",
                    "default": "outline.default.solid-secondary",
                    "states": [
                        {
                            "state": [
                                "pressed"
                            ],
                            "value": "outline.default.solid-default"
                        }
                    ]
                }
            }
        },
        "accent": {
            "props": {
                "indicatorColor": {
                    "type": "color",
                    "default": "surface.default.accent"
                },
                "thumbStrokeColor": {
                    "type": "color",
                    "default": "outline.default.solid-secondary",
                    "states": [
                        {
                            "state": [
                                "pressed"
                            ],
                            "value": "surface.default.accent"
                        }
                    ]
                }
            }
        },
        "gradient": {
            "props": {
                "indicatorColor": {
                    "type": "gradient",
                    "default": "surface.default.accent-gradient"
                },
                "thumbStrokeColor": {
                    "type": "color",
                    "default": "outline.default.solid-secondary",
                    "states": [
                        {
                            "state": [
                                "pressed"
                            ],
                            "type": "gradient",
                            "value": "surface.default.accent-gradient"
                        }
                    ]
                }
            }
        }
    },
    "props": {
        "trackColor": {
            "type": "color",
            "default": "surface.default.solid-tertiary"
        },
        "thumbColor": {
            "type": "color",
            "default": "surface.on-light.solid-card"
        },
        "iconColor": {
            "type": "color",
            "default": "text.default.primary"
        },
        "titleColor": {
            "type": "color",
            "default": "text.default.primary"
        },
        "limitLabelColor": {
            "type": "color",
            "default": "text.default.secondary"
        },
        "thumbShape": {
            "type": "shape",
            "value": "round.circle"
        },
        "trackShape": {
            "type": "shape",
            "value": "round.circle"
        },
        "indicatorShape": {
            "type": "shape",
            "value": "round.circle"
        },
        "trackThickness": {
            "type": "dimension",
            "value": 4
        },
        "indicatorThickness": {
            "type": "dimension",
            "value": 4
        },
        "thumbStrokeWidth": {
            "type": "dimension",
            "value": 1
        },
        "orientation": {
            "type": "value",
            "value": "horizontal"
        },
        "labelAlignment": {
            "type": "value",
            "value": "center"
        },
         "tooltipStyle": {
            "type": "component_style",
            "value": "tooltip.s"
        },
        "textAlignment": {
            "type": "value",
            "value": "end"
        },
        "slideDirection": {
            "type": "value",
            "value": "default"
        },
        "valuePlacement": {
            "type": "value",
            "value": "top"
        }
    },
    "variations": [
        {
            "id": "l",
            "parent": null,
            "props": {
                "titleStyle": {
                    "type": "typography",
                    "value": "body.l.normal"
                },
                "limitLabelStyle": {
                    "type": "typography",
                    "value": "body.s.normal"
                },
                "iconSize": {
                    "type": "dimension",
                    "value": 24
                },
                "thumbSize": {
                    "type": "dimension",
                    "value": 20
                },
                "labelMargin": {
                    "type": "dimension",
                    "value": 14
                },
                "limitLabelMargin": {
                    "type": "dimension",
                    "value": 12
                },
                "titleMargin": {
                    "type": "dimension",
                    "value": 4
                },
                "limitLabelAlignment": {
                    "type": "value",
                    "value": "end"
                },
                "alignment": {
                    "type": "value",
                    "value": "start"
                }
            }
        },
        {
            "id": "l.limit-label-center",
            "parent": "l",
            "props": {
                "limitLabelAlignment": {
                    "type": "value",
                    "value": "center"
                }
            }
        },
        {
            "id": "l.thumb-s",
            "parent": "l",
            "props": {
                "thumbSize": {
                    "type": "dimension",
                    "value": 16
                }
            }
        },
        {
            "id": "l.limit-label-center.thumb-s",
            "parent": "l.limit-label-center",
            "props": {
                "thumbSize": {
                    "type": "dimension",
                    "value": 16
                }
            }
        },
        {
            "id": "m",
            "parent": null,
            "props": {
                "titleStyle": {
                    "type": "typography",
                    "value": "body.m.normal"
                },
                "limitLabelStyle": {
                    "type": "typography",
                    "value": "body.s.normal"
                },
                "iconSize": {
                    "type": "dimension",
                    "value": 24
                },
                "thumbSize": {
                    "type": "dimension",
                    "value": 20
                },
                "labelMargin": {
                    "type": "dimension",
                    "value": 12
                },
                "limitLabelMargin": {
                    "type": "dimension",
                    "value": 10
                },
                "titleMargin": {
                    "type": "dimension",
                    "value": 4
                },
                "limitLabelAlignment": {
                    "type": "value",
                    "value": "end"
                },
                "alignment": {
                    "type": "value",
                    "value": "start"
                }
            }
        },
        {
            "id": "m.limit-label-center",
            "parent": "m",
            "props": {
                "limitLabelAlignment": {
                    "type": "value",
                    "value": "center"
                }
            }
        },
        {
            "id": "m.thumb-s",
            "parent": "m",
            "props": {
                "thumbSize": {
                    "type": "dimension",
                    "value": 16
                }
            }
        },
        {
            "id": "m.limit-label-center.thumb-s",
            "parent": "m.limit-label-center",
            "props": {
                "thumbSize": {
                    "type": "dimension",
                    "value": 16
                }
            }
        },
        {
            "id": "s",
            "parent": null,
            "props": {
                "titleStyle": {
                    "type": "typography",
                    "value": "body.s.normal"
                },
                "limitLabelStyle": {
                    "type": "typography",
                    "value": "body.xs.normal"
                },
                "iconSize": {
                    "type": "dimension",
                    "value": 16
                },
                "thumbSize": {
                    "type": "dimension",
                    "value": 20
                },
                "labelMargin": {
                    "type": "dimension",
                    "value": 10
                },
                "limitLabelMargin": {
                    "type": "dimension",
                    "value": 8
                },
                "titleMargin": {
                    "type": "dimension",
                    "value": 4
                },
                "limitLabelAlignment": {
                    "type": "value",
                    "value": "end"
                },
                "alignment": {
                    "type": "value",
                    "value": "start"
                }
            }
        },
        {
            "id": "s.limit-label-center",
            "parent": "s",
            "props": {
                "limitLabelAlignment": {
                    "type": "value",
                    "value": "center"
                }
            }
        },
        {
            "id": "s.thumb-s",
            "parent": "s",
            "props": {
                "thumbSize": {
                    "type": "dimension",
                    "value": 16
                }
            }
        },
        {
            "id": "s.limit-label-center.thumb-s",
            "parent": "s.limit-label-center",
            "props": {
                "thumbSize": {
                    "type": "dimension",
                    "value": 16
                }
            }
        }
    ]
}