{
    "view": {},
    "props": {
        "indicatorThickness": {
            "type": "dimension",
            "value": 2
        },
        "dividerEnabled": {
            "type": "boolean",
            "value": false
        },
        "indicatorEnabled": {
            "type": "boolean",
            "value": false
        },
        "disclosureColor": {
            "type": "color",
            "default": "text.default.primary",
            "states": [
                {
                    "state": [
                        "hovered"
                    ],
                    "value": "text.default.primary-hover"
                },
                {
                    "state": [
                        "pressed"
                    ],
                    "value": "text.default.primary-active"
                }
            ]
        },
        "indicatorColor": {
            "type": "color",
            "default": "surface.default.solid-default"
        },
        "dividerStyle": {
            "type": "component_style",
            "value": "divider"
        },
        "overflowNextIcon": {
            "type": "icon",
            "value": "disclosure.right.outline.24"
        },
        "overflowNextIconColor": {
            "type": "color",
            "default": "text.default.secondary"
        },
        "overflowPrevIcon": {
            "type": "icon",
            "value": "disclosure.left.outline.24"
        },
        "overflowPrevIconColor": {
            "type": "color",
            "default": "text.default.secondary"
        },
        "orientation": {
            "type": "value",
            "value": "horizontal"
        }
    },
    "variations": [
        {
            "id": "h1",
            "parent": null,
            "props": {
                "tabItemStyle": {
                    "type": "component_style",
                    "value": "tab-item-header.h1"
                },
                "disclosureTextStyle": {
                    "type": "typography",
                    "value": "header.h1.bold"
                },
                "dropdownMenuStyle": {
                    "type": "component_style",
                    "value": "dropdown-menu-normal.l"
                },
                "minSpacing": {
                    "type": "dimension",
                    "value": 56
                }
            }
        },
        {
            "id": "h2",
            "parent": null,
            "props": {
                "tabItemStyle": {
                    "type": "component_style",
                    "value": "tab-item-header.h2"
                },
                "disclosureTextStyle": {
                    "type": "typography",
                    "value": "header.h2.bold"
                },
                "dropdownMenuStyle": {
                    "type": "component_style",
                    "value": "dropdown-menu-normal.m"
                },
                "minSpacing": {
                    "type": "dimension",
                    "value": 40
                }
            }
        },
        {
            "id": "h3",
            "parent": null,
            "props": {
                "tabItemStyle": {
                    "type": "component_style",
                    "value": "tab-item-header.h3"
                },
                "disclosureTextStyle": {
                    "type": "typography",
                    "value": "header.h3.bold"
                },
                "dropdownMenuStyle": {
                    "type": "component_style",
                    "value": "dropdown-menu-normal.s"
                },
                "minSpacing": {
                    "type": "dimension",
                    "value": 36
                }
            }
        },
        {
            "id": "h4",
            "parent": null,
            "props": {
                "tabItemStyle": {
                    "type": "component_style",
                    "value": "tab-item-header.h4"
                },
                "disclosureTextStyle": {
                    "type": "typography",
                    "value": "header.h4.bold"
                },
                "dropdownMenuStyle": {
                    "type": "component_style",
                    "value": "dropdown-menu-normal.xs"
                },
                "minSpacing": {
                    "type": "dimension",
                    "value": 32
                }
            }
        },
        {
            "id": "h5",
            "parent": null,
            "props": {
                "tabItemStyle": {
                    "type": "component_style",
                    "value": "tab-item-header.h5"
                },
                "disclosureTextStyle": {
                    "type": "typography",
                    "value": "header.h5.bold"
                },
                "dropdownMenuStyle": {
                    "type": "component_style",
                    "value": "dropdown-menu-normal.xs"
                },
                "minSpacing": {
                    "type": "dimension",
                    "value": 28
                }
            }
        }
    ]
}