{
    "view": {},
    "variations": [
        {
            "id": "no-shadow",
            "parent": null,
            "props": {}
        },
        {
            "id": "has-shadow",
            "parent": null,
            "props": {
                "shadow": {
                    "type": "shadow",
                    "value": "down.soft.l"
                }
            }
        }
    ],
    "props": {
        "closeIcon": {
            "type": "icon",
            "value": "close.24"
        },
        "backgroundColor": {
            "type": "color",
            "default": "surface.default.solid-card"
        },
        "closeColor": {
            "type": "color",
            "default": "text.default.secondary"
        },
        "paddingStart": {
            "type": "dimension",
            "value": 24
        },
        "paddingEnd": {
            "type": "dimension",
            "value": 24
        },
        "paddingTop": {
            "type": "dimension",
            "value": 24
        },
        "paddingBottom": {
            "type": "dimension",
            "value": 24
        },
        "closeIconPadding": {
            "type": "dimension",
            "value": 8
        }
    }
}