{
    "view": {},
    "props": {
        "disableAlpha": {
            "type": "float",
            "value": 0.4
        },
        "startContentColor": {
            "type": "color",
            "default": "text.default.secondary",
            "states": [
                {
                    "state": [
                        "selected",
                        "pressed"
                    ],
                    "value": "text.default.primary-active"
                },
                {
                    "state": [
                        "selected",
                        "hovered"
                    ],
                    "value": "text.default.primary-hover"
                },
                {
                    "state": [
                        "hovered"
                    ],
                    "value": "text.default.secondary-hover"
                },
                {
                    "state": [
                        "pressed"
                    ],
                    "value": "text.default.secondary-active"
                },
                {
                    "state": [
                        "selected"
                    ],
                    "value": "text.default.primary"
                }
            ]
        },
        "endContentColor": {
            "type": "color",
            "default": "text.default.secondary",
            "states": [
                {
                    "state": [
                        "selected",
                        "pressed"
                    ],
                    "value": "text.default.primary-active"
                },
                {
                    "state": [
                        "selected",
                        "hovered"
                    ],
                    "value": "text.default.primary-hover"
                },
                {
                    "state": [
                        "hovered"
                    ],
                    "value": "text.default.secondary-hover"
                },
                {
                    "state": [
                        "pressed"
                    ],
                    "value": "text.default.secondary-active"
                },
                {
                    "state": [
                        "selected"
                    ],
                    "value": "text.default.primary"
                }
            ]
        },
        "actionColor": {
            "type": "color",
            "default": "text.default.secondary",
            "states": [
                {
                    "state": [
                        "hovered"
                    ],
                    "value": "text.default.secondary-hover"
                },
                {
                    "state": [
                        "pressed"
                    ],
                    "value": "text.default.secondary-active"
                }
            ]
        },
        "counterPadding": {
            "type": "dimension",
            "value": 0
        }
    },
    "variations": [
        {
            "id": "l",
            "parent": null,
            "props": {
                "minHeight": {
                    "type": "dimension",
                    "value": 56
                },
                "startContentSize": {
                    "type": "dimension",
                    "value": 24
                },
                "endContentSize": {
                    "type": "dimension",
                    "value": 24
                },
                "actionPadding": {
                    "type": "dimension",
                    "value": 10
                },
                "paddingStart": {
                    "type": "dimension",
                    "value": 18
                },
                "paddingEnd": {
                    "type": "dimension",
                    "value": 18
                },
                "actionIcon": {
                    "type": "icon",
                    "value": "close.24"
                },
                "counterStyle": {
                    "type": "component_style",
                    "value": "counter.xs.negative"
                },
                "counterOffsetX": {
                    "type": "dimension",
                    "value": 8
                },
                "counterOffsetY": {
                    "type": "dimension",
                    "value": 8
                }
            }
        },
        {
            "id": "m",
            "parent": null,
            "props": {
                "minHeight": {
                    "type": "dimension",
                    "value": 48
                },
                "startContentSize": {
                    "type": "dimension",
                    "value": 24
                },
                "endContentSize": {
                    "type": "dimension",
                    "value": 24
                },
                "actionPadding": {
                    "type": "dimension",
                    "value": 8
                },
                "paddingStart": {
                    "type": "dimension",
                    "value": 14
                },
                "paddingEnd": {
                    "type": "dimension",
                    "value": 14
                },
                "actionIcon": {
                    "type": "icon",
                    "value": "close.24"
                },
                "counterStyle": {
                    "type": "component_style",
                    "value": "counter.xs.negative"
                },
                "counterPadding": {
                    "type": "dimension",
                    "value": 6
                },
                "counterOffsetX": {
                    "type": "dimension",
                    "value": 8
                },
                "counterOffsetY": {
                    "type": "dimension",
                    "value": 8
                }
            }
        },
        {
            "id": "s",
            "parent": null,
            "props": {
                "minHeight": {
                    "type": "dimension",
                    "value": 40
                },
                "startContentSize": {
                    "type": "dimension",
                    "value": 24
                },
                "endContentSize": {
                    "type": "dimension",
                    "value": 24
                },
                "actionPadding": {
                    "type": "dimension",
                    "value": 6
                },
                "paddingStart": {
                    "type": "dimension",
                    "value": 10
                },
                "paddingEnd": {
                    "type": "dimension",
                    "value": 10
                },
                "actionIcon": {
                    "type": "icon",
                    "value": "close.24"
                },
                "counterStyle": {
                    "type": "component_style",
                    "value": "counter.xxs.negative"
                },
                "counterPadding": {
                    "type": "dimension",
                    "value": 4
                },
                "counterOffsetX": {
                    "type": "dimension",
                    "value": 6
                },
                "counterOffsetY": {
                    "type": "dimension",
                    "value": 6
                }
            }
        },
        {
            "id": "xs",
            "parent": null,
            "props": {
                "minHeight": {
                    "type": "dimension",
                    "value": 32
                },
                "startContentSize": {
                    "type": "dimension",
                    "value": 16
                },
                "endContentSize": {
                    "type": "dimension",
                    "value": 16
                },
                "actionPadding": {
                    "type": "dimension",
                    "value": 4
                },
                "paddingStart": {
                    "type": "dimension",
                    "value": 10
                },
                "paddingEnd": {
                    "type": "dimension",
                    "value": 10
                },
                "actionIcon": {
                    "type": "icon",
                    "value": "close.16"
                },
                "counterStyle": {
                    "type": "component_style",
                    "value": "counter.xxs.negative"
                },
                "counterPadding": {
                    "type": "dimension",
                    "value": 4
                },
                "counterOffsetX": {
                    "type": "dimension",
                    "value": 6
                },
                "counterOffsetY": {
                    "type": "dimension",
                    "value": 6
                }
            }
        }
    ]
}