{
    "view": {},
    "props": {
        "backgroundColor": {
            "type": "color",
            "default": "surface.default.solid-card"
        },
        "closeColor": {
            "type": "color",
            "default": "text.default.secondary"
        },
        "closeAlignment": {
            "type": "value",
            "value": "top-end"
        },
        "notificationContentStyle": {
            "type": "component_style",
            "value": "notification-content-compact.no-icon.default"
        }
    },
    "variations": [
        {
            "id": "l",
            "parent": null,
            "props": {
                "shape": {
                    "type": "shape",
                    "value": "round.m"
                },
                "closeSize": {
                    "type": "dimension",
                    "value": 24
                },
                "paddingStart": {
                    "type": "dimension",
                    "value": 8
                },
                "paddingEnd": {
                    "type": "dimension",
                    "value": 8
                },
                "paddingTop": {
                    "type": "dimension",
                    "value": 8
                },
                "paddingBottom": {
                    "type": "dimension",
                    "value": 8
                }
            }
        },
        {
            "id": "m",
            "parent": null,
            "props": {
                "shape": {
                    "type": "shape",
                    "value": "round.m",
                    "adjustment": -2
                },
                "closeSize": {
                    "type": "dimension",
                    "value": 16
                },
                "paddingStart": {
                    "type": "dimension",
                    "value": 6
                },
                "paddingEnd": {
                    "type": "dimension",
                    "value": 6
                },
                "paddingTop": {
                    "type": "dimension",
                    "value": 6
                },
                "paddingBottom": {
                    "type": "dimension",
                    "value": 6
                }
            }
        },
        {
            "id": "s",
            "parent": null,
            "props": {
                "shape": {
                    "type": "shape",
                    "value": "round.s"
                },
                "closeSize": {
                    "type": "dimension",
                    "value": 16
                },
                "paddingStart": {
                    "type": "dimension",
                    "value": 4
                },
                "paddingEnd": {
                    "type": "dimension",
                    "value": 4
                },
                "paddingTop": {
                    "type": "dimension",
                    "value": 4
                },
                "paddingBottom": {
                    "type": "dimension",
                    "value": 4
                }
            }
        }
    ]
}