{
    "view": {},
    "props": {
        "disableAlpha": {
            "type": "float",
            "value": 0.4
        },
        "labelColor": {
            "type": "color",
            "default": "text.default.secondary",
            "states": [
                {
                    "state": [
                        "selected",
                        "pressed"
                    ],
                    "value": "text.default.primary-active"
                },
                {
                    "state": [
                        "selected",
                        "hovered"
                    ],
                    "value": "text.default.primary-hover"
                },
                {
                    "state": [
                        "hovered"
                    ],
                    "value": "text.default.secondary-hover"
                },
                {
                    "state": [
                        "pressed"
                    ],
                    "value": "text.default.secondary-active"
                },
                {
                    "state": [
                        "selected"
                    ],
                    "value": "text.default.primary"
                }
            ]
        },
        "valueColor": {
            "type": "color",
            "default": "text.default.tertiary",
            "states": [
                {
                    "state": [
                        "selected",
                        "pressed"
                    ],
                    "value": "text.default.secondary-active"
                },
                {
                    "state": [
                        "selected",
                        "hovered"
                    ],
                    "value": "text.default.secondary-hover"
                },
                {
                    "state": [
                        "hovered"
                    ],
                    "value": "text.default.tertiary-hover"
                },
                {
                    "state": [
                        "pressed"
                    ],
                    "value": "text.default.tertiary-active"
                },
                {
                    "state": [
                        "selected"
                    ],
                    "value": "text.default.secondary"
                }
            ]
        },
        "actionColor": {
            "type": "color",
            "default": "text.default.secondary",
            "states": [
                {
                    "state": [
                        "hovered"
                    ],
                    "value": "text.default.secondary-hover"
                },
                {
                    "state": [
                        "pressed"
                    ],
                    "value": "text.default.secondary-active"
                }
            ]
        },
        "actionIcon": {
            "type": "icon",
            "value": "close.36"
        },
        "startContentColor": {
            "type": "color",
            "default": "text.default.secondary",
            "states": [
                {
                    "state": [
                        "selected",
                        "pressed"
                    ],
                    "value": "text.default.primary-active"
                },
                {
                    "state": [
                        "selected",
                        "hovered"
                    ],
                    "value": "text.default.primary-hover"
                },
                {
                    "state": [
                        "hovered"
                    ],
                    "value": "text.default.secondary-hover"
                },
                {
                    "state": [
                        "pressed"
                    ],
                    "value": "text.default.secondary-active"
                },
                {
                    "state": [
                        "selected"
                    ],
                    "value": "text.default.primary"
                }
            ]
        },
        "endContentColor": {
            "type": "color",
            "default": "text.default.secondary",
            "states": [
                {
                    "state": [
                        "selected",
                        "pressed"
                    ],
                    "value": "text.default.primary-active"
                },
                {
                    "state": [
                        "selected",
                        "hovered"
                    ],
                    "value": "text.default.primary-hover"
                },
                {
                    "state": [
                        "hovered"
                    ],
                    "value": "text.default.secondary-hover"
                },
                {
                    "state": [
                        "pressed"
                    ],
                    "value": "text.default.secondary-active"
                },
                {
                    "state": [
                        "selected"
                    ],
                    "value": "text.default.primary"
                }
            ]
        }
    },
    "variations": [
        {
            "id": "h1",
            "parent": null,
            "props": {
                "labelStyle": {
                    "type": "typography",
                    "value": "header.h1.normal"
                },
                "valueStyle": {
                    "type": "typography",
                    "value": "header.h1.normal"
                },
                "valuePadding": {
                    "type": "dimension",
                    "value": 16
                },
                "actionPadding": {
                    "type": "dimension",
                    "value": 16
                },
                "paddingStart": {
                    "type": "dimension",
                    "value": 0
                },
                "paddingEnd": {
                    "type": "dimension",
                    "value": 0
                },
                "actionSize": {
                    "type": "dimension",
                    "value": 52
                }
            }
        },
        {
            "id": "h2",
            "parent": null,
            "props": {
                "labelStyle": {
                    "type": "typography",
                    "value": "header.h2.normal"
                },
                "valueStyle": {
                    "type": "typography",
                    "value": "header.h2.normal"
                },
                "valuePadding": {
                    "type": "dimension",
                    "value": 14
                },
                "actionPadding": {
                    "type": "dimension",
                    "value": 12
                },
                "paddingStart": {
                    "type": "dimension",
                    "value": 0
                },
                "paddingEnd": {
                    "type": "dimension",
                    "value": 0
                }
            }
        },
        {
            "id": "h3",
            "parent": null,
            "props": {
                "labelStyle": {
                    "type": "typography",
                    "value": "header.h3.normal"
                },
                "valueStyle": {
                    "type": "typography",
                    "value": "header.h3.normal"
                },
                "valuePadding": {
                    "type": "dimension",
                    "value": 12
                },
                "actionPadding": {
                    "type": "dimension",
                    "value": 10
                },
                "paddingStart": {
                    "type": "dimension",
                    "value": 0
                },
                "paddingEnd": {
                    "type": "dimension",
                    "value": 0
                },
                "actionSize": {
                    "type": "dimension",
                    "value": 30
                }
            }
        },
        {
            "id": "h4",
            "parent": null,
            "props": {
                "labelStyle": {
                    "type": "typography",
                    "value": "header.h4.normal"
                },
                "valueStyle": {
                    "type": "typography",
                    "value": "header.h4.normal"
                },
                "valuePadding": {
                    "type": "dimension",
                    "value": 10
                },
                "actionPadding": {
                    "type": "dimension",
                    "value": 8
                },
                "paddingStart": {
                    "type": "dimension",
                    "value": 0
                },
                "paddingEnd": {
                    "type": "dimension",
                    "value": 0
                },
                "actionSize": {
                    "type": "dimension",
                    "value": 26
                }
            }
        },
        {
            "id": "h5",
            "parent": null,
            "props": {
                "labelStyle": {
                    "type": "typography",
                    "value": "header.h5.normal"
                },
                "valueStyle": {
                    "type": "typography",
                    "value": "header.h5.normal"
                },
                "valuePadding": {
                    "type": "dimension",
                    "value": 10
                },
                "actionPadding": {
                    "type": "dimension",
                    "value": 8
                },
                "paddingStart": {
                    "type": "dimension",
                    "value": 0
                },
                "paddingEnd": {
                    "type": "dimension",
                    "value": 0
                },
                "actionSize": {
                    "type": "dimension",
                    "value": 24
                }
            }
        }
    ]
}