{
    "view": {},
    "props": {
        "disableAlpha": {
            "type": "float",
            "value": 0.4
        },
        "labelColor": {
            "type": "color",
            "default": "text.default.secondary",
            "states": [
                {
                    "state": [
                        "selected",
                        "pressed"
                    ],
                    "value": "text.default.primary-active"
                },
                {
                    "state": [
                        "selected",
                        "hovered"
                    ],
                    "value": "text.default.primary-hover"
                },
                {
                    "state": [
                        "hovered"
                    ],
                    "value": "text.default.secondary-hover"
                },
                {
                    "state": [
                        "pressed"
                    ],
                    "value": "text.default.secondary-active"
                },
                {
                    "state": [
                        "selected"
                    ],
                    "value": "text.default.primary"
                }
            ]
        },
        "valueColor": {
            "type": "color",
            "default": "text.default.tertiary",
            "states": [
                {
                    "state": [
                        "selected",
                        "pressed"
                    ],
                    "value": "text.default.secondary-active"
                },
                {
                    "state": [
                        "selected",
                        "hovered"
                    ],
                    "value": "text.default.secondary-hover"
                },
                {
                    "state": [
                        "hovered"
                    ],
                    "value": "text.default.tertiary-hover"
                },
                {
                    "state": [
                        "pressed"
                    ],
                    "value": "text.default.tertiary-active"
                },
                {
                    "state": [
                        "selected"
                    ],
                    "value": "text.default.secondary"
                }
            ]
        },
        "startContentColor": {
            "type": "color",
            "default": "text.default.secondary",
            "states": [
                {
                    "state": [
                        "selected",
                        "pressed"
                    ],
                    "value": "text.default.primary-active"
                },
                {
                    "state": [
                        "selected",
                        "hovered"
                    ],
                    "value": "text.default.primary-hover"
                },
                {
                    "state": [
                        "hovered"
                    ],
                    "value": "text.default.secondary-hover"
                },
                {
                    "state": [
                        "pressed"
                    ],
                    "value": "text.default.secondary-active"
                },
                {
                    "state": [
                        "selected"
                    ],
                    "value": "text.default.primary"
                }
            ]
        },
        "endContentColor": {
            "type": "color",
            "default": "text.default.secondary",
            "states": [
                {
                    "state": [
                        "selected",
                        "pressed"
                    ],
                    "value": "text.default.primary-active"
                },
                {
                    "state": [
                        "selected",
                        "hovered"
                    ],
                    "value": "text.default.primary-hover"
                },
                {
                    "state": [
                        "hovered"
                    ],
                    "value": "text.default.secondary-hover"
                },
                {
                    "state": [
                        "pressed"
                    ],
                    "value": "text.default.secondary-active"
                },
                {
                    "state": [
                        "selected"
                    ],
                    "value": "text.default.primary"
                }
            ]
        },
        "actionColor": {
            "type": "color",
            "default": "text.default.secondary",
            "states": [
                {
                    "state": [
                        "hovered"
                    ],
                    "value": "text.default.secondary-hover"
                },
                {
                    "state": [
                        "pressed"
                    ],
                    "value": "text.default.secondary-active"
                }
            ]
        }
    },
    "variations": [
        {
            "id": "l",
            "parent": null,
            "props": {
                "labelStyle": {
                    "type": "typography",
                    "value": "body.l.bold"
                },
                "valueStyle": {
                    "type": "typography",
                    "value": "body.l.bold"
                },
                "minHeight": {
                    "type": "dimension",
                    "value": 56
                },
                "startContentSize": {
                    "type": "dimension",
                    "value": 24
                },
                "endContentSize": {
                    "type": "dimension",
                    "value": 24
                },
                "startContentPadding": {
                    "type": "dimension",
                    "value": 8
                },
                "valuePadding": {
                    "type": "dimension",
                    "value": 8
                },
                "counterPadding": {
                    "type": "dimension",
                    "value": 8
                },
                "actionPadding": {
                    "type": "dimension",
                    "value": 10
                },
                "counterStyle": {
                    "type": "component_style",
                    "value": "counter.s.accent"
                },
                "actionIcon": {
                    "type": "icon",
                    "value": "close.24"
                }
            }
        },
        {
            "id": "l.horizontal",
            "parent": "l",
            "props": {
                "paddingStart": {
                    "type": "dimension",
                    "value": 0
                },
                "paddingEnd": {
                    "type": "dimension",
                    "value": 0
                }
            }
        },
        {
            "id": "l.vertical",
            "parent": "l",
            "props": {
                "paddingStart": {
                    "type": "dimension",
                    "value": 22
                },
                "paddingEnd": {
                    "type": "dimension",
                    "value": 14
                }
            }
        },
        {
            "id": "m",
            "parent": null,
            "props": {
                "labelStyle": {
                    "type": "typography",
                    "value": "body.m.bold"
                },
                "valueStyle": {
                    "type": "typography",
                    "value": "body.m.bold"
                },
                "minHeight": {
                    "type": "dimension",
                    "value": 48
                },
                "startContentSize": {
                    "type": "dimension",
                    "value": 24
                },
                "endContentSize": {
                    "type": "dimension",
                    "value": 24
                },
                "iconPadding": {
                    "type": "dimension",
                    "value": 6
                },
                "valuePadding": {
                    "type": "dimension",
                    "value": 6
                },
                "actionPadding": {
                    "type": "dimension",
                    "value": 8
                },
                "counterPadding": {
                    "type": "dimension",
                    "value": 6
                },
                "counterStyle": {
                    "type": "component_style",
                    "value": "counter.xs.accent"
                },
                "actionIcon": {
                    "type": "icon",
                    "value": "close.24"
                }
            }
        },
        {
            "id": "m.horizontal",
            "parent": "m",
            "props": {
                "paddingStart": {
                    "type": "dimension",
                    "value": 0
                },
                "paddingEnd": {
                    "type": "dimension",
                    "value": 0
                }
            }
        },
        {
            "id": "m.vertical",
            "parent": "m",
            "props": {
                "paddingStart": {
                    "type": "dimension",
                    "value": 18
                },
                "paddingEnd": {
                    "type": "dimension",
                    "value": 12
                }
            }
        },
        {
            "id": "s",
            "parent": null,
            "props": {
                "labelStyle": {
                    "type": "typography",
                    "value": "body.s.bold"
                },
                "valueStyle": {
                    "type": "typography",
                    "value": "body.s.bold"
                },
                "minHeight": {
                    "type": "dimension",
                    "value": 40
                },
                "startContentSize": {
                    "type": "dimension",
                    "value": 24
                },
                "endContentSize": {
                    "type": "dimension",
                    "value": 24
                },
                "iconPadding": {
                    "type": "dimension",
                    "value": 4
                },
                "valuePadding": {
                    "type": "dimension",
                    "value": 4
                },
                "actionPadding": {
                    "type": "dimension",
                    "value": 6
                },
                "counterPadding": {
                    "type": "dimension",
                    "value": 4
                },
                "counterStyle": {
                    "type": "component_style",
                    "value": "counter.xs.accent"
                },
                "actionIcon": {
                    "type": "icon",
                    "value": "close.24"
                }
            }
        },
        {
            "id": "s.horizontal",
            "parent": "s",
            "props": {
                "paddingStart": {
                    "type": "dimension",
                    "value": 0
                },
                "paddingEnd": {
                    "type": "dimension",
                    "value": 0
                }
            }
        },
        {
            "id": "s.vertical",
            "parent": "s",
            "props": {
                "paddingStart": {
                    "type": "dimension",
                    "value": 14
                },
                "paddingEnd": {
                    "type": "dimension",
                    "value": 8
                }
            }
        },
        {
            "id": "xs",
            "parent": null,
            "props": {
                "labelStyle": {
                    "type": "typography",
                    "value": "body.xs.bold"
                },
                "valueStyle": {
                    "type": "typography",
                    "value": "body.xs.bold"
                },
                "minHeight": {
                    "type": "dimension",
                    "value": 32
                },
                "startContentSize": {
                    "type": "dimension",
                    "value": 16
                },
                "endContentSize": {
                    "type": "dimension",
                    "value": 16
                },
                "iconPadding": {
                    "type": "dimension",
                    "value": 4
                },
                "valuePadding": {
                    "type": "dimension",
                    "value": 4
                },
                "actionPadding": {
                    "type": "dimension",
                    "value": 4
                },
                "counterPadding": {
                    "type": "dimension",
                    "value": 4
                },
                "counterStyle": {
                    "type": "component_style",
                    "value": "counter.xxs.accent"
                },
                "actionIcon": {
                    "type": "icon",
                    "value": "close.16"
                }
            }
        },
        {
            "id": "xs.horizontal",
            "parent": "xs",
            "props": {
                "paddingStart": {
                    "type": "dimension",
                    "value": 0
                },
                "paddingEnd": {
                    "type": "dimension",
                    "value": 0
                }
            }
        },
        {
            "id": "xs.vertical",
            "parent": "xs",
            "props": {
                "paddingStart": {
                    "type": "dimension",
                    "value": 10
                },
                "paddingEnd": {
                    "type": "dimension",
                    "value": 6
                }
            }
        }
    ]
}