{
    "view": {},
    "props": {
        "indicatorThickness": {
            "type": "dimension",
            "value": 2
        },
        "disclosureColor": {
            "type": "color",
            "default": "text.default.primary",
            "states": [
                {
                    "state": [
                        "hovered"
                    ],
                    "value": "text.default.primary-hover"
                },
                {
                    "state": [
                        "pressed"
                    ],
                    "value": "text.default.primary-active"
                }
            ]
        },
        "indicatorColor": {
            "type": "color",
            "default": "surface.default.solid-default"
        },
        "dividerStyle": {
            "type": "component_style",
            "value": "divider"
        },
        "overflowNextIcon": {
            "type": "icon",
            "value": "disclosure.right.outline.24"
        },
        "overflowNextIconColor": {
            "type": "color",
            "default": "text.default.secondary"
        },
        "overflowPrevIcon": {
            "type": "icon",
            "value": "disclosure.left.outline.24"
        },
        "overflowPrevIconColor": {
            "type": "color",
            "default": "text.default.secondary"
        }
    },
    "variations": [
        {
            "id": "l",
            "parent": null,
            "props": {
                "tabItemStyle": {
                    "type": "component_style",
                    "value": "tab-item-default.l"
                },
                "disclosureTextStyle": {
                    "type": "typography",
                    "value": "body.l.bold"
                },
                "dropdownMenuStyle": {
                    "type": "component_style",
                    "value": "dropdown-menu-normal.l"
                }
            }
        },
        {
            "id": "l.vertical",
            "parent": "l",
            "props": {
                "tabItemStyle": {
                    "type": "component_style",
                    "value": "tab-item-default.l.vertical"
                },
                "minSpacing": {
                    "type": "dimension",
                    "value": 0
                },
                "orientation": {
                    "type": "value",
                    "value": "vertical"
                }
            }
        },
        {
            "id": "l.horizontal",
            "parent": "l",
            "props": {
                "tabItemStyle": {
                    "type": "component_style",
                    "value": "tab-item-default.l.horizontal"
                },
                "minSpacing": {
                    "type": "dimension",
                    "value": 28
                },
                "orientation": {
                    "type": "value",
                    "value": "horizontal"
                }
            }
        },
        {
            "id": "m",
            "parent": null,
            "props": {
                "tabItemStyle": {
                    "type": "component_style",
                    "value": "tab-item-default.m"
                },
                "disclosureTextStyle": {
                    "type": "typography",
                    "value": "body.m.bold"
                },
                "dropdownMenuStyle": {
                    "type": "component_style",
                    "value": "dropdown-menu-normal.m"
                }
            }
        },
        {
            "id": "m.vertical",
            "parent": "m",
            "props": {
                "tabItemStyle": {
                    "type": "component_style",
                    "value": "tab-item-default.m.vertical"
                },
                "minSpacing": {
                    "type": "dimension",
                    "value": 0
                },
                "orientation": {
                    "type": "value",
                    "value": "vertical"
                }
            }
        },
        {
            "id": "m.horizontal",
            "parent": "m",
            "props": {
                "tabItemStyle": {
                    "type": "component_style",
                    "value": "tab-item-default.m.horizontal"
                },
                "minSpacing": {
                    "type": "dimension",
                    "value": 28
                },
                "orientation": {
                    "type": "value",
                    "value": "horizontal"
                }
            }
        },
        {
            "id": "s",
            "parent": null,
            "props": {
                "tabItemStyle": {
                    "type": "component_style",
                    "value": "tab-item-default.m"
                },
                "disclosureTextStyle": {
                    "type": "typography",
                    "value": "body.m.bold"
                },
                "dropdownMenuStyle": {
                    "type": "component_style",
                    "value": "dropdown-menu-normal.m"
                }
            }
        },
        {
            "id": "s.vertical",
            "parent": "s",
            "props": {
                "tabItemStyle": {
                    "type": "component_style",
                    "value": "tab-item-default.s.vertical"
                },
                "minSpacing": {
                    "type": "dimension",
                    "value": 0
                },
                "orientation": {
                    "type": "value",
                    "value": "vertical"
                }
            }
        },
        {
            "id": "s.horizontal",
            "parent": "s",
            "props": {
                "tabItemStyle": {
                    "type": "component_style",
                    "value": "tab-item-default.s.horizontal"
                },
                "minSpacing": {
                    "type": "dimension",
                    "value": 28
                },
                "orientation": {
                    "type": "value",
                    "value": "horizontal"
                }
            }
        },
        {
            "id": "xs",
            "parent": null,
            "props": {
                "tabItemStyle": {
                    "type": "component_style",
                    "value": "tab-item-default.xs"
                },
                "disclosureTextStyle": {
                    "type": "typography",
                    "value": "body.xs.bold"
                },
                "dropdownMenuStyle": {
                    "type": "component_style",
                    "value": "dropdown-menu-normal.xs"
                }
            }
        },
        {
            "id": "xs.vertical",
            "parent": "xs",
            "props": {
                "tabItemStyle": {
                    "type": "component_style",
                    "value": "tab-item-default.xs.vertical"
                },
                "minSpacing": {
                    "type": "dimension",
                    "value": 0
                },
                "orientation": {
                    "type": "value",
                    "value": "vertical"
                }
            }
        },
        {
            "id": "xs.horizontal",
            "parent": "xs",
            "props": {
                "tabItemStyle": {
                    "type": "component_style",
                    "value": "tab-item-default.xs.horizontal"
                },
                "minSpacing": {
                    "type": "dimension",
                    "value": 28
                },
                "orientation": {
                    "type": "value",
                    "value": "horizontal"
                }
            }
        }
    ]
}