{
    "display": {
        "name": "Noto Sans Display",
        "fonts": [
            {
                "src": [
                    "url('https://github.com/salute-developers/theme-converter/raw/main/assets/fonts/Noto_Sans_Display/static/NotoSansDisplay-Light.woff2') format('woff2')",
                    "url('https://github.com/salute-developers/theme-converter/raw/main/assets/fonts/Noto_Sans_Display/static/NotoSansDisplay-Light.woff') format('woff')"
                ],
                "fontWeight": "300",
                "fontStyle": "normal"
            },
            {
                "src": [
                    "url('https://github.com/salute-developers/theme-converter/raw/main/assets/fonts/Noto_Sans_Display/static/NotoSansDisplay-Thin.woff2') format('woff2')",
                    "url('https://github.com/salute-developers/theme-converter/raw/main/assets/fonts/Noto_Sans_Display/static/NotoSansDisplay-Thin.woff') format('woff')"
                ],
                "fontWeight": "100",
                "fontStyle": "normal"
            },
            {
                "src": [
                    "url('https://github.com/salute-developers/theme-converter/raw/main/assets/fonts/Noto_Sans_Display/static/NotoSansDisplay-Bold.woff2') format('woff2')",
                    "url('https://github.com/salute-developers/theme-converter/raw/main/assets/fonts/Noto_Sans_Display/static/NotoSansDisplay-Bold.woff') format('woff')"
                ],
                "fontWeight": "bold",
                "fontStyle": "normal"
            },
            {
                "src": [
                    "url('https://github.com/salute-developers/theme-converter/raw/main/assets/fonts/Noto_Sans_Display/static/NotoSansDisplay-Regular.woff2') format('woff2')",
                    "url('https://github.com/salute-developers/theme-converter/raw/main/assets/fonts/Noto_Sans_Display/static/NotoSansDisplay-Regular.woff') format('woff')"
                ],
                "fontWeight": "normal",
                "fontStyle": "normal"
            },
            {
                "src": [
                    "url('https://github.com/salute-developers/theme-converter/raw/main/assets/fonts/Noto_Sans_Display/static/NotoSansDisplay-SemiBold.woff2') format('woff2')",
                    "url('https://github.com/salute-developers/theme-converter/raw/main/assets/fonts/Noto_Sans_Display/static/NotoSansDisplay-SemiBold.woff') format('woff')"
                ],
                "fontWeight": "600",
                "fontStyle": "normal"
            },
            {
                "src": [
                    "url('https://github.com/salute-developers/theme-converter/raw/main/assets/fonts/Noto_Sans_Display/static/NotoSansDisplay-Medium.woff2') format('woff2')",
                    "url('https://github.com/salute-developers/theme-converter/raw/main/assets/fonts/Noto_Sans_Display/static/NotoSansDisplay-Medium.woff') format('woff')"
                ],
                "fontWeight": "500",
                "fontStyle": "normal"
            }
        ]
    },
    "header": {
        "name": "Noto Sans Display",
        "fonts": [
            {
                "src": [
                    "url('https://github.com/salute-developers/theme-converter/raw/main/assets/fonts/Noto_Sans_Display/static/NotoSansDisplay-Light.woff2') format('woff2')",
                    "url('https://github.com/salute-developers/theme-converter/raw/main/assets/fonts/Noto_Sans_Display/static/NotoSansDisplay-Light.woff') format('woff')"
                ],
                "fontWeight": "300",
                "fontStyle": "normal"
            },
            {
                "src": [
                    "url('https://github.com/salute-developers/theme-converter/raw/main/assets/fonts/Noto_Sans_Display/static/NotoSansDisplay-Thin.woff2') format('woff2')",
                    "url('https://github.com/salute-developers/theme-converter/raw/main/assets/fonts/Noto_Sans_Display/static/NotoSansDisplay-Thin.woff') format('woff')"
                ],
                "fontWeight": "100",
                "fontStyle": "normal"
            },
            {
                "src": [
                    "url('https://github.com/salute-developers/theme-converter/raw/main/assets/fonts/Noto_Sans_Display/static/NotoSansDisplay-Bold.woff2') format('woff2')",
                    "url('https://github.com/salute-developers/theme-converter/raw/main/assets/fonts/Noto_Sans_Display/static/NotoSansDisplay-Bold.woff') format('woff')"
                ],
                "fontWeight": "bold",
                "fontStyle": "normal"
            },
            {
                "src": [
                    "url('https://github.com/salute-developers/theme-converter/raw/main/assets/fonts/Noto_Sans_Display/static/NotoSansDisplay-Regular.woff2') format('woff2')",
                    "url('https://github.com/salute-developers/theme-converter/raw/main/assets/fonts/Noto_Sans_Display/static/NotoSansDisplay-Regular.woff') format('woff')"
                ],
                "fontWeight": "normal",
                "fontStyle": "normal"
            },
            {
                "src": [
                    "url('https://github.com/salute-developers/theme-converter/raw/main/assets/fonts/Noto_Sans_Display/static/NotoSansDisplay-SemiBold.woff2') format('woff2')",
                    "url('https://github.com/salute-developers/theme-converter/raw/main/assets/fonts/Noto_Sans_Display/static/NotoSansDisplay-SemiBold.woff') format('woff')"
                ],
                "fontWeight": "600",
                "fontStyle": "normal"
            },
            {
                "src": [
                    "url('https://github.com/salute-developers/theme-converter/raw/main/assets/fonts/Noto_Sans_Display/static/NotoSansDisplay-Medium.woff2') format('woff2')",
                    "url('https://github.com/salute-developers/theme-converter/raw/main/assets/fonts/Noto_Sans_Display/static/NotoSansDisplay-Medium.woff') format('woff')"
                ],
                "fontWeight": "500",
                "fontStyle": "normal"
            }
        ]
    },
    "text": {
        "name": "Noto Sans Text",
        "fonts": [
            {
                "src": [
                    "url('https://github.com/salute-developers/theme-converter/raw/main/assets/fonts/Noto_Sans/static/NotoSans-Light.woff2') format('woff2')",
                    "url('https://github.com/salute-developers/theme-converter/raw/main/assets/fonts/Noto_Sans/static/NotoSans-Light.woff') format('woff')"
                ],
                "fontWeight": "300",
                "fontStyle": "normal"
            },
            {
                "src": [
                    "url('https://github.com/salute-developers/theme-converter/raw/main/assets/fonts/Noto_Sans/static/NotoSans-Italic.woff2') format('woff2')",
                    "url('https://github.com/salute-developers/theme-converter/raw/main/assets/fonts/Noto_Sans/static/NotoSans-Italic.woff') format('woff')"
                ],
                "fontWeight": "normal",
                "fontStyle": "italic"
            },
            {
                "src": [
                    "url('https://github.com/salute-developers/theme-converter/raw/main/assets/fonts/Noto_Sans/static/NotoSans-SemiBoldItalic.woff2') format('woff2')",
                    "url('https://github.com/salute-developers/theme-converter/raw/main/assets/fonts/Noto_Sans/static/NotoSans-SemiBoldItalic.woff') format('woff')"
                ],
                "fontWeight": "600",
                "fontStyle": "italic"
            },
            {
                "src": [
                    "url('https://github.com/salute-developers/theme-converter/raw/main/assets/fonts/Noto_Sans/static/NotoSans-Thin.woff2') format('woff2')",
                    "url('https://github.com/salute-developers/theme-converter/raw/main/assets/fonts/Noto_Sans/static/NotoSans-Thin.woff') format('woff')"
                ],
                "fontWeight": "100",
                "fontStyle": "normal"
            },
            {
                "src": [
                    "url('https://github.com/salute-developers/theme-converter/raw/main/assets/fonts/Noto_Sans/static/NotoSans-Regular.woff2') format('woff2')",
                    "url('https://github.com/salute-developers/theme-converter/raw/main/assets/fonts/Noto_Sans/static/NotoSans-Regular.woff') format('woff')"
                ],
                "fontWeight": "normal",
                "fontStyle": "normal"
            },
            {
                "src": [
                    "url('https://github.com/salute-developers/theme-converter/raw/main/assets/fonts/Noto_Sans/static/NotoSans-SemiBold.woff2') format('woff2')",
                    "url('https://github.com/salute-developers/theme-converter/raw/main/assets/fonts/Noto_Sans/static/NotoSans-SemiBold.woff') format('woff')"
                ],
                "fontWeight": "600",
                "fontStyle": "normal"
            },
            {
                "src": [
                    "url('https://github.com/salute-developers/theme-converter/raw/main/assets/fonts/Noto_Sans/static/NotoSans-LightItalic.woff2') format('woff2')",
                    "url('https://github.com/salute-developers/theme-converter/raw/main/assets/fonts/Noto_Sans/static/NotoSans-LightItalic.woff') format('woff')"
                ],
                "fontWeight": "300",
                "fontStyle": "italic"
            },
            {
                "src": [
                    "url('https://github.com/salute-developers/theme-converter/raw/main/assets/fonts/Noto_Sans/static/NotoSans-Bold.woff2') format('woff2')",
                    "url('https://github.com/salute-developers/theme-converter/raw/main/assets/fonts/Noto_Sans/static/NotoSans-Bold.woff') format('woff')"
                ],
                "fontWeight": "bold",
                "fontStyle": "normal"
            },
            {
                "src": [
                    "url('https://github.com/salute-developers/theme-converter/raw/main/assets/fonts/Noto_Sans/static/NotoSans-BoldItalic.woff2') format('woff2')",
                    "url('https://github.com/salute-developers/theme-converter/raw/main/assets/fonts/Noto_Sans/static/NotoSans-BoldItalic.woff') format('woff')"
                ],
                "fontWeight": "bold",
                "fontStyle": "italic"
            },
            {
                "src": [
                    "url('https://github.com/salute-developers/theme-converter/raw/main/assets/fonts/Noto_Sans/static/NotoSans-Medium.woff2') format('woff2')",
                    "url('https://github.com/salute-developers/theme-converter/raw/main/assets/fonts/Noto_Sans/static/NotoSans-Medium.woff') format('woff')"
                ],
                "fontWeight": "500",
                "fontStyle": "normal"
            }
        ]
    },
    "body": {
        "name": "Noto Sans Text",
        "fonts": [
            {
                "src": [
                    "url('https://github.com/salute-developers/theme-converter/raw/main/assets/fonts/Noto_Sans/static/NotoSans-Light.woff2') format('woff2')",
                    "url('https://github.com/salute-developers/theme-converter/raw/main/assets/fonts/Noto_Sans/static/NotoSans-Light.woff') format('woff')"
                ],
                "fontWeight": "300",
                "fontStyle": "normal"
            },
            {
                "src": [
                    "url('https://github.com/salute-developers/theme-converter/raw/main/assets/fonts/Noto_Sans/static/NotoSans-Italic.woff2') format('woff2')",
                    "url('https://github.com/salute-developers/theme-converter/raw/main/assets/fonts/Noto_Sans/static/NotoSans-Italic.woff') format('woff')"
                ],
                "fontWeight": "normal",
                "fontStyle": "italic"
            },
            {
                "src": [
                    "url('https://github.com/salute-developers/theme-converter/raw/main/assets/fonts/Noto_Sans/static/NotoSans-SemiBoldItalic.woff2') format('woff2')",
                    "url('https://github.com/salute-developers/theme-converter/raw/main/assets/fonts/Noto_Sans/static/NotoSans-SemiBoldItalic.woff') format('woff')"
                ],
                "fontWeight": "600",
                "fontStyle": "italic"
            },
            {
                "src": [
                    "url('https://github.com/salute-developers/theme-converter/raw/main/assets/fonts/Noto_Sans/static/NotoSans-Thin.woff2') format('woff2')",
                    "url('https://github.com/salute-developers/theme-converter/raw/main/assets/fonts/Noto_Sans/static/NotoSans-Thin.woff') format('woff')"
                ],
                "fontWeight": "100",
                "fontStyle": "normal"
            },
            {
                "src": [
                    "url('https://github.com/salute-developers/theme-converter/raw/main/assets/fonts/Noto_Sans/static/NotoSans-Regular.woff2') format('woff2')",
                    "url('https://github.com/salute-developers/theme-converter/raw/main/assets/fonts/Noto_Sans/static/NotoSans-Regular.woff') format('woff')"
                ],
                "fontWeight": "normal",
                "fontStyle": "normal"
            },
            {
                "src": [
                    "url('https://github.com/salute-developers/theme-converter/raw/main/assets/fonts/Noto_Sans/static/NotoSans-SemiBold.woff2') format('woff2')",
                    "url('https://github.com/salute-developers/theme-converter/raw/main/assets/fonts/Noto_Sans/static/NotoSans-SemiBold.woff') format('woff')"
                ],
                "fontWeight": "600",
                "fontStyle": "normal"
            },
            {
                "src": [
                    "url('https://github.com/salute-developers/theme-converter/raw/main/assets/fonts/Noto_Sans/static/NotoSans-LightItalic.woff2') format('woff2')",
                    "url('https://github.com/salute-developers/theme-converter/raw/main/assets/fonts/Noto_Sans/static/NotoSans-LightItalic.woff') format('woff')"
                ],
                "fontWeight": "300",
                "fontStyle": "italic"
            },
            {
                "src": [
                    "url('https://github.com/salute-developers/theme-converter/raw/main/assets/fonts/Noto_Sans/static/NotoSans-Bold.woff2') format('woff2')",
                    "url('https://github.com/salute-developers/theme-converter/raw/main/assets/fonts/Noto_Sans/static/NotoSans-Bold.woff') format('woff')"
                ],
                "fontWeight": "bold",
                "fontStyle": "normal"
            },
            {
                "src": [
                    "url('https://github.com/salute-developers/theme-converter/raw/main/assets/fonts/Noto_Sans/static/NotoSans-BoldItalic.woff2') format('woff2')",
                    "url('https://github.com/salute-developers/theme-converter/raw/main/assets/fonts/Noto_Sans/static/NotoSans-BoldItalic.woff') format('woff')"
                ],
                "fontWeight": "bold",
                "fontStyle": "italic"
            },
            {
                "src": [
                    "url('https://github.com/salute-developers/theme-converter/raw/main/assets/fonts/Noto_Sans/static/NotoSans-Medium.woff2') format('woff2')",
                    "url('https://github.com/salute-developers/theme-converter/raw/main/assets/fonts/Noto_Sans/static/NotoSans-Medium.woff') format('woff')"
                ],
                "fontWeight": "500",
                "fontStyle": "normal"
            }
        ]
    }
}