{
    "view": {
        "default": {
            "props": {
                "gradient": {
                    "type": "gradient",
                    "default": "surface.default.skeleton-gradient"
                }
            }
        },
        "lighter": {
            "props": {
                "gradient": {
                    "type": "gradient",
                    "default": "surface.default.skeleton-deep-gradient"
                }
            }
        }
    },
    "variations": [],
    "props": {
        "shape": {
            "type": "shape",
            "value": "round.xxs"
        },
        "duration": {
            "type": "float",
            "value": 5000
        }
    }
}