{
    "down.soft.s": {
        "color": "rgba(0, 0, 0, 0.48)",
        "elevation": 8,
        "offsetWidth": 0,
        "offsetHeight": 2,
        "opacity": 0.08,
        "radius": 1.5
    },
    "down.soft.m": {
        "color": "rgba(0, 0, 0, 0.64)",
        "elevation": 24,
        "offsetWidth": 0,
        "offsetHeight": 4,
        "opacity": 0.1,
        "radius": 3
    },
    "down.soft.l": {
        "color": "rgba(0, 0, 0, 0.96)",
        "elevation": 40,
        "offsetWidth": 0,
        "offsetHeight": 7,
        "opacity": 0.16,
        "radius": 7
    },
    "down.hard.s": {
        "color": "rgba(0, 0, 0, 0.8)",
        "elevation": 16,
        "offsetWidth": 0,
        "offsetHeight": 2,
        "opacity": 0.15,
        "radius": 1.5
    },
    "down.hard.m": {
        "color": "rgba(0, 0, 0, 0.96)",
        "elevation": 32,
        "offsetWidth": 0,
        "offsetHeight": 4,
        "opacity": 0.2,
        "radius": 3
    },
    "down.hard.l": {
        "color": "rgba(0, 0, 0, 1)",
        "elevation": 48,
        "offsetWidth": 0,
        "offsetHeight": 7,
        "opacity": 0.24,
        "radius": 7
    }
}