{
    "view": {},
    "props": {
        "backgroundColor": {
            "type": "color",
            "default": "surface.default.transparent-secondary"
        }
    },
    "variations": [
        {
            "id": "l",
            "parent": null,
            "view": {
                "primary": {
                    "props": {
                        "segmentItemStyle": {
                            "type": "component_style",
                            "value": "segment-item.l.primary"
                        }
                    }
                },
                "secondary": {
                    "props": {
                        "segmentItemStyle": {
                            "type": "component_style",
                            "value": "segment-item.l.secondary"
                        }
                    }
                }
            },
            "props": {
                "shape": {
                    "type": "shape",
                    "value": "round.l",
                    "adjustment": -2
                },
                "paddingStart": {
                    "type": "dimension",
                    "value": 2
                },
                "paddingEnd": {
                    "type": "dimension",
                    "value": 2
                },
                "paddingTop": {
                    "type": "dimension",
                    "value": 2
                },
                "paddingBottom": {
                    "type": "dimension",
                    "value": 2
                }
            }
        },
        {
            "id": "l.pilled",
            "parent": "l",
            "view": {
                "primary": {
                    "props": {
                        "segmentItemStyle": {
                            "type": "component_style",
                            "value": "segment-item.l.pilled.primary"
                        }
                    }
                },
                "secondary": {
                    "props": {
                        "segmentItemStyle": {
                            "type": "component_style",
                            "value": "segment-item.l.pilled.secondary"
                        }
                    }
                }
            },
            "props": {
                "shape": {
                    "type": "shape",
                    "value": "round.circle"
                }
            }
        },
        {
            "id": "m",
            "parent": null,
            "view": {
                "primary": {
                    "props": {
                        "segmentItemStyle": {
                            "type": "component_style",
                            "value": "segment-item.m.primary"
                        }
                    }
                },
                "secondary": {
                    "props": {
                        "segmentItemStyle": {
                            "type": "component_style",
                            "value": "segment-item.m.secondary"
                        }
                    }
                }
            },
            "props": {
                "shape": {
                    "type": "shape",
                    "value": "round.m"
                },
                "paddingStart": {
                    "type": "dimension",
                    "value": 2
                },
                "paddingEnd": {
                    "type": "dimension",
                    "value": 2
                },
                "paddingTop": {
                    "type": "dimension",
                    "value": 2
                },
                "paddingBottom": {
                    "type": "dimension",
                    "value": 2
                }
            }
        },
        {
            "id": "m.pilled",
            "parent": "m",
            "view": {
                "primary": {
                    "props": {
                        "segmentItemStyle": {
                            "type": "component_style",
                            "value": "segment-item.m.pilled.primary"
                        }
                    }
                },
                "secondary": {
                    "props": {
                        "segmentItemStyle": {
                            "type": "component_style",
                            "value": "segment-item.m.pilled.secondary"
                        }
                    }
                }
            },
            "props": {
                "shape": {
                    "type": "shape",
                    "value": "round.circle"
                }
            }
        },
        {
            "id": "s",
            "parent": null,
            "view": {
                "primary": {
                    "props": {
                        "segmentItemStyle": {
                            "type": "component_style",
                            "value": "segment-item.s.primary"
                        }
                    }
                },
                "secondary": {
                    "props": {
                        "segmentItemStyle": {
                            "type": "component_style",
                            "value": "segment-item.s.secondary"
                        }
                    }
                }
            },
            "props": {
                "shape": {
                    "type": "shape",
                    "value": "round.m",
                    "adjustment": -2
                },
                "paddingStart": {
                    "type": "dimension",
                    "value": 2
                },
                "paddingEnd": {
                    "type": "dimension",
                    "value": 2
                },
                "paddingTop": {
                    "type": "dimension",
                    "value": 2
                },
                "paddingBottom": {
                    "type": "dimension",
                    "value": 2
                }
            }
        },
        {
            "id": "s.pilled",
            "parent": "s",
            "view": {
                "primary": {
                    "props": {
                        "segmentItemStyle": {
                            "type": "component_style",
                            "value": "segment-item.s.pilled.primary"
                        }
                    }
                },
                "secondary": {
                    "props": {
                        "segmentItemStyle": {
                            "type": "component_style",
                            "value": "segment-item.s.pilled.secondary"
                        }
                    }
                }
            },
            "props": {
                "shape": {
                    "type": "shape",
                    "value": "round.circle"
                }
            }
        },
        {
            "id": "xs",
            "parent": null,
            "view": {
                "primary": {
                    "props": {
                        "segmentItemStyle": {
                            "type": "component_style",
                            "value": "segment-item.xs.primary"
                        }
                    }
                },
                "secondary": {
                    "props": {
                        "segmentItemStyle": {
                            "type": "component_style",
                            "value": "segment-item.xs.secondary"
                        }
                    }
                }
            },
            "props": {
                "shape": {
                    "type": "shape",
                    "value": "round.m"
                },
                "paddingStart": {
                    "type": "dimension",
                    "value": 2
                },
                "paddingEnd": {
                    "type": "dimension",
                    "value": 2
                },
                "paddingTop": {
                    "type": "dimension",
                    "value": 2
                },
                "paddingBottom": {
                    "type": "dimension",
                    "value": 2
                }
            }
        },
        {
            "id": "xs.pilled",
            "parent": "xs",
            "view": {
                "primary": {
                    "props": {
                        "segmentItemStyle": {
                            "type": "component_style",
                            "value": "segment-item.xs.pilled.primary"
                        }
                    }
                },
                "secondary": {
                    "props": {
                        "segmentItemStyle": {
                            "type": "component_style",
                            "value": "segment-item.xs.pilled.secondary"
                        }
                    }
                }
            },
            "props": {
                "shape": {
                    "type": "shape",
                    "value": "round.circle"
                }
            }
        }
    ]
}