{
    "view": {},
    "props": {
        "disableAlpha": {
            "type": "float",
            "value": 0.4
        },
        "gap": {
            "type": "dimension",
            "value": 2
        },
        "lineSpacing": {
            "type": "dimension",
            "value": 2
        }
    },
    "variations": [
        {
            "id": "l",
            "parent": null,
            "view": {
                "default": {
                    "props": {
                        "chipStyle": {
                            "type": "component_style",
                            "value": "embedded-chip.l.default"
                        }
                    }
                },
                "accent": {
                    "props": {
                        "chipStyle": {
                            "type": "component_style",
                            "value": "embedded-chip.l.accent"
                        }
                    }
                },
                "secondary": {
                    "props": {
                        "chipStyle": {
                            "type": "component_style",
                            "value": "embedded-chip.l.secondary"
                        }
                    }
                }
            },
            "props": {}
        },
        {
            "id": "m",
            "parent": null,
            "view": {
                "default": {
                    "props": {
                        "chipStyle": {
                            "type": "component_style",
                            "value": "embedded-chip.m.default"
                        }
                    }
                },
                "accent": {
                    "props": {
                        "chipStyle": {
                            "type": "component_style",
                            "value": "embedded-chip.m.accent"
                        }
                    }
                },
                "secondary": {
                    "props": {
                        "chipStyle": {
                            "type": "component_style",
                            "value": "embedded-chip.m.secondary"
                        }
                    }
                }
            },
            "props": {}
        },
        {
            "id": "s",
            "parent": null,
            "view": {
                "default": {
                    "props": {
                        "chipStyle": {
                            "type": "component_style",
                            "value": "embedded-chip.s.default"
                        }
                    }
                },
                "accent": {
                    "props": {
                        "chipStyle": {
                            "type": "component_style",
                            "value": "embedded-chip.s.accent"
                        }
                    }
                },
                "secondary": {
                    "props": {
                        "chipStyle": {
                            "type": "component_style",
                            "value": "embedded-chip.s.secondary"
                        }
                    }
                }
            },
            "props": {}
        },
        {
            "id": "xs",
            "parent": null,
            "view": {
                "default": {
                    "props": {
                        "chipStyle": {
                            "type": "component_style",
                            "value": "embedded-chip.xs.default"
                        }
                    }
                },
                "accent": {
                    "props": {
                        "chipStyle": {
                            "type": "component_style",
                            "value": "embedded-chip.xs.accent"
                        }
                    }
                },
                "secondary": {
                    "props": {
                        "chipStyle": {
                            "type": "component_style",
                            "value": "embedded-chip.xs.secondary"
                        }
                    }
                }
            },
            "props": {}
        }
    ]
}