{
    "name": "plasma_giga",
    "version": "0.6.0-rc",
    "components": [
        {
            "componentName": "avatar",
            "styleName": "avatar",
            "config": "avatar_config.json"
        },
        {
            "componentName": "avatar-group",
            "styleName": "avatar-group",
            "config": "avatar_group_config.json"
        },
        {
            "componentName": "badge",
            "styleName": "badge-clear",
            "config": "badge_clear_config.json"
        },
        {
            "componentName": "badge",
            "styleName": "badge-solid",
            "config": "badge_solid_config.json"
        },
        {
            "componentName": "badge",
            "styleName": "badge-transparent",
            "config": "badge_transparent_config.json"
        },
        {
            "componentName": "icon-badge",
            "styleName": "icon-badge-clear",
            "config": "icon_badge_clear_config.json"
        },
        {
            "componentName": "icon-badge",
            "styleName": "icon-badge-solid",
            "config": "icon_badge_solid_config.json"
        },
        {
            "componentName": "icon-badge",
            "styleName": "icon-badge-transparent",
            "config": "icon_badge_transparent_config.json"
        },
        {
            "componentName": "basic-button",
            "styleName": "basic-button",
            "config": "basic_button_config.json"
        },
        {
            "componentName": "icon-button",
            "styleName": "icon-button",
            "config": "icon_button_config.json"
        },
        {
            "componentName": "link-button",
            "styleName": "link-button",
            "config": "link_button_config.json"
        },
        {
            "componentName": "bottom-sheet",
            "styleName": "modal-bottom-sheet",
            "config": "bottom_sheet_config.json"
        },
        {
            "componentName": "card",
            "styleName": "card-solid",
            "config": "card_solid_config.json"
        },
        {
            "componentName": "card",
            "styleName": "card-clear",
            "config": "card_clear_config.json"
        },
        {
            "componentName": "cell",
            "styleName": "cell",
            "config": "cell_config.json"
        },
        {
            "componentName": "check-box",
            "styleName": "check-box",
            "config": "checkbox_config.json"
        },
        {
            "componentName": "check-box-group",
            "styleName": "check-box-group",
            "config": "checkbox_group_config.json"
        },
        {
            "componentName": "chip",
            "styleName": "chip",
            "config": "chip_config.json"
        },
        {
            "componentName": "chip",
            "styleName": "embedded-chip",
            "config": "embedded_chip_config.json"
        },
        {
            "componentName": "chip-group",
            "styleName": "chip-group-dense",
            "config": "chip_group_dense_config.json"
        },
        {
            "componentName": "chip-group",
            "styleName": "chip-group-wide",
            "config": "chip_group_wide_config.json"
        },
        {
            "componentName": "chip-group",
            "styleName": "embedded-chip-group-dense",
            "config": "embedded_chip_group_dense_config.json"
        },
        {
            "componentName": "chip-group",
            "styleName": "embedded-chip-group-wide",
            "config": "embedded_chip_group_wide_config.json"
        },
        {
            "componentName": "counter",
            "styleName": "counter",
            "config": "counter_config.json"
        },
        {
            "componentName": "divider",
            "styleName": "divider",
            "config": "divider_config.json"
        },
        {
            "componentName": "indicator",
            "styleName": "indicator",
            "config": "indicator_config.json"
        },
        {
            "componentName": "overlay",
            "styleName": "overlay",
            "config": "overlay_config.json"
        },
        {
            "componentName": "progress-bar",
            "styleName": "progress-bar",
            "config": "progress_bar_config.json"
        },
        {
            "componentName": "circular-progress-bar",
            "styleName": "circular-progress-bar",
            "config": "circular_progress_bar_config.json"
        },
        {
            "componentName": "popover",
            "styleName": "popover",
            "config": "popover_config.json"
        },
        {
            "componentName": "radio-box",
            "styleName": "radio-box",
            "config": "radiobox_config.json"
        },
        {
            "componentName": "radio-box-group",
            "styleName": "radio-box-group",
            "config": "radiobox_group_config.json"
        },
        {
            "componentName": "segment",
            "styleName": "segment",
            "config": "segment_config.json"
        },
        {
            "componentName": "segment-item",
            "styleName": "segment-item",
            "config": "segment_item_config.json"
        },
        {
            "componentName": "switch",
            "styleName": "switch",
            "config": "switch_config.json"
        },
        {
            "componentName": "text-field",
            "styleName": "text-field",
            "config": "text_field_config.json"
        },
        {
            "componentName": "text-field",
            "styleName": "text-field-clear",
            "config": "text_field_clear_config.json",
            "excludePlatforms": [
                "view-system"
            ]
        },
        {
            "componentName": "text-area",
            "styleName": "text-area",
            "config": "text_area_config.json"
        },
        {
            "componentName": "text-area",
            "styleName": "text-area-clear",
            "config": "text_area_clear_config.json",
            "excludePlatforms": [
                "view-system"
            ]
        },
        {
            "componentName": "tooltip",
            "styleName": "tooltip",
            "config": "tooltip_config.json"
        },
        {
            "componentName": "toast",
            "styleName": "toast",
            "config": "toast_config.json"
        },
        {
            "componentName": "modal",
            "styleName": "modal",
            "config": "modal_config.json"
        },
        {
            "componentName": "rect-skeleton",
            "styleName": "rect-skeleton",
            "config": "rect_skeleton_config.json"
        },
        {
            "componentName": "notification",
            "styleName": "notification-compact",
            "config": "notification_compact_config.json"
        },
        {
            "componentName": "notification",
            "styleName": "notification-loose",
            "config": "notification_loose_config.json"
        },
        {
            "componentName": "list",
            "styleName": "list-normal",
            "config": "list_normal_config.json"
        },
        {
            "componentName": "list-item",
            "styleName": "list-item-normal",
            "config": "list_item_normal_config.json"
        },
        {
            "componentName": "list",
            "styleName": "list-tight",
            "config": "list_tight_config.json"
        },
        {
            "componentName": "list-item",
            "styleName": "list-item-tight",
            "config": "list_item_tight_config.json"
        },
        {
            "componentName": "spinner",
            "styleName": "spinner",
            "config": "spinner_config.json"
        },
        {
            "componentName": "text-skeleton",
            "styleName": "text-skeleton",
            "config": "text_skeleton_config.json"
        },
        {
            "componentName": "list",
            "styleName": "dropdown-menu-list-normal",
            "config": "dropdown_menu_list_normal_config.json"
        },
        {
            "componentName": "list-item",
            "styleName": "dropdown-menu-item-normal",
            "config": "dropdown_menu_item_normal_config.json"
        },
        {
            "componentName": "list",
            "styleName": "dropdown-menu-list-tight",
            "config": "dropdown_menu_list_tight_config.json"
        },
        {
            "componentName": "list-item",
            "styleName": "dropdown-menu-item-tight",
            "config": "dropdown_menu_item_tight_config.json"
        },
        {
            "componentName": "loader",
            "styleName": "loader",
            "config": "loader_config.json"
        },
        {
            "componentName": "loader",
            "styleName": "loader",
            "config": "loader_config.json"
        },
        {
            "componentName": "dropdown-menu",
            "styleName": "dropdown-menu-tight",
            "config": "dropdown_menu_tight_config.json"
        },
        {
            "componentName": "dropdown-menu",
            "styleName": "dropdown-menu-normal",
            "config": "dropdown_menu_normal_config.json"
        },
        {
            "componentName": "accordion-item",
            "styleName": "accordion-item-solid-action-start",
            "config": "accordion_item_solid_action_start_config.json"
        },
        {
            "componentName": "accordion-item",
            "styleName": "accordion-item-solid-action-end",
            "config": "accordion_item_solid_action_end_config.json"
        },
        {
            "componentName": "accordion-item",
            "styleName": "accordion-item-clear-action-start",
            "config": "accordion_item_clear_action_start_config.json"
        },
        {
            "componentName": "accordion-item",
            "styleName": "accordion-item-clear-action-end",
            "config": "accordion_item_clear_action_end_config.json"
        },
        {
            "componentName": "accordion",
            "styleName": "accordion-solid-action-start",
            "config": "accordion_solid_action_start_config.json"
        },
        {
            "componentName": "accordion",
            "styleName": "accordion-solid-action-end",
            "config": "accordion_solid_action_end_config.json"
        },
        {
            "componentName": "accordion",
            "styleName": "accordion-clear-action-start",
            "config": "accordion_clear_action_start_config.json"
        },
        {
            "componentName": "accordion",
            "styleName": "accordion-clear-action-end",
            "config": "accordion_clear_action_end_config.json"
        },
        {
            "componentName": "scroll-bar",
            "styleName": "scroll-bar",
            "config": "scroll_bar_config.json"
        },
        {
            "componentName": "image",
            "styleName": "image",
            "config": "image_config.json"
        },
        {
            "componentName": "button-group",
            "styleName": "basic-button-group",
            "config": "basic_button_group_config.json"
        },
        {
            "componentName": "button-group",
            "styleName": "icon-button-group",
            "config": "icon_button_group_config.json"
        },
        {
            "componentName": "tab-bar",
            "styleName": "tab-bar-has-label-clear",
            "config": "tab_bar_has_label_clear_config.json"
        },
        {
            "componentName": "tab-bar",
            "styleName": "tab-bar-has-label-solid",
            "config": "tab_bar_has_label_solid_config.json"
        },
        {
            "componentName": "tab-bar",
            "styleName": "tab-bar-island-has-label-clear",
            "config": "tab_bar_island_has_label_clear_config.json"
        },
        {
            "componentName": "tab-bar",
            "styleName": "tab-bar-island-has-label-solid",
            "config": "tab_bar_island_has_label_solid_config.json"
        },
        {
            "componentName": "tab-bar",
            "styleName": "tab-bar-clear",
            "config": "tab_bar_clear_config.json"
        },
        {
            "componentName": "tab-bar",
            "styleName": "tab-bar-solid",
            "config": "tab_bar_solid_config.json"
        },
        {
            "componentName": "tab-bar",
            "styleName": "tab-bar-island-clear",
            "config": "tab_bar_island_clear_config.json"
        },
        {
            "componentName": "tab-bar",
            "styleName": "tab-bar-island-solid",
            "config": "tab_bar_island_solid_config.json"
        },
        {
            "componentName": "tab-bar-item",
            "styleName": "tab-bar-item-clear",
            "config": "tab_bar_item_clear_config.json"
        },
        {
            "componentName": "tab-bar-item",
            "styleName": "tab-bar-item-solid",
            "config": "tab_bar_item_solid_config.json"
        },
        {
            "componentName": "code-field",
            "styleName": "code-field",
            "config": "code_field_config.json"
        },
        {
            "componentName": "code-input",
            "styleName": "code-input",
            "config": "code_input_config.json"
        },
        {
            "componentName": "drawer",
            "styleName": "drawer",
            "config": "drawer_config.json"
        }
    ]
}
