{
    "down.soft.s": {
        "color": "#0000007A",
        "elevation": 8,
        "offsetWidth": 0,
        "offsetHeight": 2,
        "opacity": 0.08,
        "radius": 1.5
    },
    "down.soft.m": {
        "color": "#000000A3",
        "elevation": 24,
        "offsetWidth": 0,
        "offsetHeight": 4,
        "opacity": 0.1,
        "radius": 3
    },
    "down.soft.l": {
        "color": "#000000F5",
        "elevation": 40,
        "offsetWidth": 0,
        "offsetHeight": 7,
        "opacity": 0.16,
        "radius": 7
    },
    "down.hard.s": {
        "color": "#000000CC",
        "elevation": 16,
        "offsetWidth": 0,
        "offsetHeight": 2,
        "opacity": 0.15,
        "radius": 1.5
    },
    "down.hard.m": {
        "color": "#000000F5",
        "elevation": 32,
        "offsetWidth": 0,
        "offsetHeight": 4,
        "opacity": 0.2,
        "radius": 3
    },
    "down.hard.l": {
        "color": "#000000FF",
        "elevation": 48,
        "offsetWidth": 0,
        "offsetHeight": 7,
        "opacity": 0.24,
        "radius": 7
    }
}