{
    "dark.text.default.accent-gradient": [
        {
            "kind": "linear",
            "locations": [
                0,
                1
            ],
            "colors": [
                "#5E94FFFF",
                "#43DBFAFF"
            ],
            "angle": 89.83
        }
    ],
    "dark.text.default.accent-gradient-hover": [
        {
            "kind": "linear",
            "locations": [
                0,
                1
            ],
            "colors": [
                "#FFFFFF",
                "#000000"
            ],
            "angle": 90
        }
    ],
    "dark.text.default.accent-gradient-active": [
        {
            "kind": "linear",
            "locations": [
                0,
                1
            ],
            "colors": [
                "#FFFFFF",
                "#000000"
            ],
            "angle": 90
        }
    ],
    "dark.text.on-dark.accent-gradient": [
        {
            "kind": "linear",
            "locations": [
                0,
                1
            ],
            "colors": [
                "#5E94FFFF",
                "#43DBFAFF"
            ],
            "angle": 89.83
        }
    ],
    "dark.text.on-dark.accent-gradient-hover": [
        {
            "kind": "linear",
            "locations": [
                0,
                1
            ],
            "colors": [
                "#FFFFFF",
                "#000000"
            ],
            "angle": 90
        }
    ],
    "dark.text.on-dark.accent-gradient-active": [
        {
            "kind": "linear",
            "locations": [
                0,
                1
            ],
            "colors": [
                "#FFFFFF",
                "#000000"
            ],
            "angle": 90
        }
    ],
    "dark.text.on-light.accent-gradient": [
        {
            "kind": "linear",
            "locations": [
                0.0649,
                0.9351
            ],
            "colors": [
                "#3E79F0FF",
                "#27C6E5FF"
            ],
            "angle": 93.97
        }
    ],
    "dark.text.on-light.accent-gradient-hover": [
        {
            "kind": "linear",
            "locations": [
                0,
                1
            ],
            "colors": [
                "#FFFFFF",
                "#000000"
            ],
            "angle": 90
        }
    ],
    "dark.text.on-light.accent-gradient-active": [
        {
            "kind": "linear",
            "locations": [
                0,
                1
            ],
            "colors": [
                "#FFFFFF",
                "#000000"
            ],
            "angle": 90
        }
    ],
    "dark.text.inverse.accent-gradient-hover": [
        {
            "kind": "linear",
            "locations": [
                0,
                1
            ],
            "colors": [
                "#FFFFFF",
                "#000000"
            ],
            "angle": 90
        }
    ],
    "dark.text.inverse.accent-gradient-active": [
        {
            "kind": "linear",
            "locations": [
                0,
                1
            ],
            "colors": [
                "#FFFFFF",
                "#000000"
            ],
            "angle": 90
        }
    ],
    "dark.text.inverse.accent-gradient": [
        {
            "kind": "linear",
            "locations": [
                0.06,
                0.94
            ],
            "colors": [
                "#3E79F0FF",
                "#27C6E5FF"
            ],
            "angle": 4.57
        }
    ],
    "dark.surface.default.accent-gradient": [
        {
            "kind": "linear",
            "locations": [
                0.0649,
                0.9351
            ],
            "colors": [
                "#3E79F0FF",
                "#27C6E5FF"
            ],
            "angle": 93.97
        },
        {
            "kind": "linear",
            "locations": [
                0,
                1
            ],
            "colors": [
                "#5E94FFFF",
                "#43DBFAFF"
            ],
            "angle": 89.83
        }
    ],
    "dark.surface.default.accent-gradient-hover": [
        {
            "kind": "linear",
            "locations": [
                0,
                1
            ],
            "colors": [
                "#FFFFFF",
                "#000000"
            ],
            "angle": 90
        }
    ],
    "dark.surface.default.accent-gradient-active": [
        {
            "kind": "linear",
            "locations": [
                0,
                1
            ],
            "colors": [
                "#FFFFFF",
                "#000000"
            ],
            "angle": 90
        }
    ],
    "dark.surface.default.skeleton-gradient": [
        {
            "kind": "linear",
            "locations": [
                0,
                0.0625,
                0.125,
                0.25,
                0.375,
                0.4375,
                0.5,
                0.5625,
                0.625,
                0.75,
                0.875,
                0.9375,
                1
            ],
            "colors": [
                "#FFFFFF17",
                "#FFFFFF14",
                "#FFFFFF0D",
                "#FFFFFF03",
                "#FFFFFF0D",
                "#FFFFFF14",
                "#FFFFFF17",
                "#FFFFFF14",
                "#FFFFFF0D",
                "#FFFFFF03",
                "#FFFFFF0D",
                "#FFFFFF14",
                "#FFFFFF17"
            ],
            "angle": 90
        }
    ],
    "dark.surface.default.skeleton-gradient-hover": [
        {
            "kind": "linear",
            "locations": [
                0,
                1
            ],
            "colors": [
                "#FFFFFF",
                "#000000"
            ],
            "angle": 90
        }
    ],
    "dark.surface.default.skeleton-gradient-active": [
        {
            "kind": "linear",
            "locations": [
                0,
                1
            ],
            "colors": [
                "#FFFFFF",
                "#000000"
            ],
            "angle": 90
        }
    ],
    "dark.surface.default.skeleton-deep-gradient": [
        {
            "kind": "linear",
            "locations": [
                0,
                0.0625,
                0.125,
                0.25,
                0.375,
                0.4375,
                0.5,
                0.5625,
                0.625,
                0.75,
                0.875,
                0.9375,
                1
            ],
            "colors": [
                "#FFFFFF5C",
                "#FFFFFF52",
                "#FFFFFF33",
                "#FFFFFF0A",
                "#FFFFFF33",
                "#FFFFFF52",
                "#FFFFFF5C",
                "#FFFFFF14",
                "#FFFFFF33",
                "#FFFFFF0A",
                "#FFFFFF33",
                "#FFFFFF52",
                "#FFFFFF5C"
            ],
            "angle": 90
        }
    ],
    "dark.surface.default.skeleton-deep-gradient-hover": [
        {
            "kind": "linear",
            "locations": [
                0,
                1
            ],
            "colors": [
                "#FFFFFF",
                "#000000"
            ],
            "angle": 90
        }
    ],
    "dark.surface.default.skeleton-deep-gradient-active": [
        {
            "kind": "linear",
            "locations": [
                0,
                1
            ],
            "colors": [
                "#FFFFFF",
                "#000000"
            ],
            "angle": 90
        }
    ],
    "dark.surface.on-dark.accent-gradient": [
        {
            "kind": "linear",
            "locations": [
                0.0649,
                0.9351
            ],
            "colors": [
                "#3E79F0FF",
                "#27C6E5FF"
            ],
            "angle": 93.97
        }
    ],
    "dark.surface.on-dark.accent-gradient-hover": [
        {
            "kind": "linear",
            "locations": [
                0,
                1
            ],
            "colors": [
                "#FFFFFF",
                "#000000"
            ],
            "angle": 90
        }
    ],
    "dark.surface.on-dark.accent-gradient-active": [
        {
            "kind": "linear",
            "locations": [
                0,
                1
            ],
            "colors": [
                "#FFFFFF",
                "#000000"
            ],
            "angle": 90
        }
    ],
    "dark.surface.on-dark.skeleton-gradient": [
        {
            "kind": "linear",
            "locations": [
                0,
                0.0625,
                0.125,
                0.25,
                0.375,
                0.4375,
                0.5,
                0.5625,
                0.625,
                0.75,
                0.875,
                0.9375,
                1
            ],
            "colors": [
                "#FFFFFF17",
                "#FFFFFF14",
                "#FFFFFF0D",
                "#FFFFFF03",
                "#FFFFFF0D",
                "#FFFFFF14",
                "#FFFFFF17",
                "#FFFFFF14",
                "#FFFFFF0D",
                "#FFFFFF03",
                "#FFFFFF0D",
                "#FFFFFF14",
                "#FFFFFF17"
            ],
            "angle": 90
        }
    ],
    "dark.surface.on-dark.skeleton-gradient-hover": [
        {
            "kind": "linear",
            "locations": [
                0,
                1
            ],
            "colors": [
                "#FFFFFF",
                "#000000"
            ],
            "angle": 90
        }
    ],
    "dark.surface.on-dark.skeleton-gradient-active": [
        {
            "kind": "linear",
            "locations": [
                0,
                1
            ],
            "colors": [
                "#FFFFFF",
                "#000000"
            ],
            "angle": 90
        }
    ],
    "dark.surface.on-dark.skeleton-deep-gradient": [
        {
            "kind": "linear",
            "locations": [
                0,
                0.0625,
                0.125,
                0.25,
                0.375,
                0.4375,
                0.5,
                0.5625,
                0.625,
                0.75,
                0.875,
                0.9375,
                1
            ],
            "colors": [
                "#FFFFFF5C",
                "#FFFFFF52",
                "#FFFFFF33",
                "#FFFFFF0A",
                "#FFFFFF33",
                "#FFFFFF52",
                "#FFFFFF5C",
                "#FFFFFF14",
                "#FFFFFF33",
                "#FFFFFF0A",
                "#FFFFFF33",
                "#FFFFFF52",
                "#FFFFFF5C"
            ],
            "angle": 90
        }
    ],
    "dark.surface.on-dark.skeleton-deep-gradient-hover": [
        {
            "kind": "linear",
            "locations": [
                0,
                1
            ],
            "colors": [
                "#FFFFFF",
                "#000000"
            ],
            "angle": 90
        }
    ],
    "dark.surface.on-dark.skeleton-deep-gradient-active": [
        {
            "kind": "linear",
            "locations": [
                0,
                1
            ],
            "colors": [
                "#FFFFFF",
                "#000000"
            ],
            "angle": 90
        }
    ],
    "dark.surface.on-light.accent-gradient": [
        {
            "kind": "linear",
            "locations": [
                0.0649,
                0.9351
            ],
            "colors": [
                "#3E79F0FF",
                "#27C6E5FF"
            ],
            "angle": 93.97
        }
    ],
    "dark.surface.on-light.accent-gradient-hover": [
        {
            "kind": "linear",
            "locations": [
                0,
                1
            ],
            "colors": [
                "#FFFFFF",
                "#000000"
            ],
            "angle": 90
        }
    ],
    "dark.surface.on-light.accent-gradient-active": [
        {
            "kind": "linear",
            "locations": [
                0,
                1
            ],
            "colors": [
                "#FFFFFF",
                "#000000"
            ],
            "angle": 90
        }
    ],
    "dark.surface.on-light.skeleton-gradient": [
        {
            "kind": "linear",
            "locations": [
                0,
                0.0625,
                0.125,
                0.25,
                0.375,
                0.4375,
                0.5,
                0.5625,
                0.625,
                0.75,
                0.875,
                0.9375,
                1
            ],
            "colors": [
                "#08080817",
                "#08080814",
                "#0808080D",
                "#08080803",
                "#0808080D",
                "#08080814",
                "#08080817",
                "#08080814",
                "#0808080D",
                "#08080803",
                "#0808080D",
                "#08080814",
                "#08080817"
            ],
            "angle": 90
        }
    ],
    "dark.surface.on-light.skeleton-gradient-hover": [
        {
            "kind": "linear",
            "locations": [
                0,
                1
            ],
            "colors": [
                "#FFFFFF",
                "#000000"
            ],
            "angle": 90
        }
    ],
    "dark.surface.on-light.skeleton-gradient-active": [
        {
            "kind": "linear",
            "locations": [
                0,
                1
            ],
            "colors": [
                "#FFFFFF",
                "#000000"
            ],
            "angle": 90
        }
    ],
    "dark.surface.on-light.skeleton-deep-gradient": [
        {
            "kind": "linear",
            "locations": [
                0,
                0.0625,
                0.125,
                0.25,
                0.375,
                0.4375,
                0.5,
                0.5625,
                0.625,
                0.75,
                0.875,
                0.9375,
                1
            ],
            "colors": [
                "#0808085C",
                "#08080852",
                "#08080833",
                "#0808080A",
                "#08080833",
                "#08080852",
                "#0808085C",
                "#08080814",
                "#08080833",
                "#0808080A",
                "#08080833",
                "#08080852",
                "#0808085C"
            ],
            "angle": 90
        }
    ],
    "dark.surface.on-light.skeleton-deep-gradient-hover": [
        {
            "kind": "linear",
            "locations": [
                0,
                1
            ],
            "colors": [
                "#FFFFFF",
                "#000000"
            ],
            "angle": 90
        }
    ],
    "dark.surface.on-light.skeleton-deep-gradient-active": [
        {
            "kind": "linear",
            "locations": [
                0,
                1
            ],
            "colors": [
                "#FFFFFF",
                "#000000"
            ],
            "angle": 90
        }
    ],
    "dark.surface.inverse.accent-gradient-hover": [
        {
            "kind": "linear",
            "locations": [
                0,
                1
            ],
            "colors": [
                "#FFFFFF",
                "#000000"
            ],
            "angle": 90
        }
    ],
    "dark.surface.inverse.accent-gradient-active": [
        {
            "kind": "linear",
            "locations": [
                0,
                1
            ],
            "colors": [
                "#FFFFFF",
                "#000000"
            ],
            "angle": 90
        }
    ],
    "dark.surface.inverse.accent-gradient": [
        {
            "kind": "linear",
            "locations": [
                0.06,
                0.94
            ],
            "colors": [
                "#3E79F0FF",
                "#27C6E5FF"
            ],
            "angle": 4.57
        }
    ],
    "dark.surface.inverse.skeleton-gradient": [
        {
            "kind": "linear",
            "locations": [
                0,
                0.0625,
                0.125,
                0.25,
                0.375,
                0.4375,
                0.5,
                0.5625,
                0.625,
                0.75,
                0.875,
                0.9375,
                1
            ],
            "colors": [
                "#08080817",
                "#08080814",
                "#0808080D",
                "#08080803",
                "#0808080D",
                "#08080814",
                "#08080817",
                "#08080814",
                "#0808080D",
                "#08080803",
                "#0808080D",
                "#08080814",
                "#08080817"
            ],
            "angle": 90
        }
    ],
    "dark.surface.inverse.skeleton-gradient-hover": [
        {
            "kind": "linear",
            "locations": [
                0,
                1
            ],
            "colors": [
                "#FFFFFF",
                "#000000"
            ],
            "angle": 90
        }
    ],
    "dark.surface.inverse.skeleton-gradient-active": [
        {
            "kind": "linear",
            "locations": [
                0,
                1
            ],
            "colors": [
                "#FFFFFF",
                "#000000"
            ],
            "angle": 90
        }
    ],
    "dark.surface.inverse.skeleton-deep-gradient": [
        {
            "kind": "linear",
            "locations": [
                0,
                0.0625,
                0.125,
                0.25,
                0.375,
                0.4375,
                0.5,
                0.5625,
                0.625,
                0.75,
                0.875,
                0.9375,
                1
            ],
            "colors": [
                "#0808085C",
                "#08080852",
                "#08080833",
                "#0808080A",
                "#08080833",
                "#08080852",
                "#0808085C",
                "#08080814",
                "#08080833",
                "#0808080A",
                "#08080833",
                "#08080852",
                "#0808085C"
            ],
            "angle": 90
        }
    ],
    "dark.surface.inverse.skeleton-deep-gradient-hover": [
        {
            "kind": "linear",
            "locations": [
                0,
                1
            ],
            "colors": [
                "#FFFFFF",
                "#000000"
            ],
            "angle": 90
        }
    ],
    "dark.surface.inverse.skeleton-deep-gradient-active": [
        {
            "kind": "linear",
            "locations": [
                0,
                1
            ],
            "colors": [
                "#FFFFFF",
                "#000000"
            ],
            "angle": 90
        }
    ],
    "light.text.default.accent-gradient": [
        {
            "kind": "linear",
            "locations": [
                0.0649,
                0.9351
            ],
            "colors": [
                "#3E79F0FF",
                "#27C6E5FF"
            ],
            "angle": 93.97
        }
    ],
    "light.text.default.accent-gradient-hover": [
        {
            "kind": "linear",
            "locations": [
                0,
                1
            ],
            "colors": [
                "#FFFFFF",
                "#000000"
            ],
            "angle": 90
        }
    ],
    "light.text.default.accent-gradient-active": [
        {
            "kind": "linear",
            "locations": [
                0,
                1
            ],
            "colors": [
                "#FFFFFF",
                "#000000"
            ],
            "angle": 90
        }
    ],
    "light.text.on-dark.accent-gradient": [
        {
            "kind": "linear",
            "locations": [
                0,
                1
            ],
            "colors": [
                "#5E94FFFF",
                "#43DBFAFF"
            ],
            "angle": 89.83
        }
    ],
    "light.text.on-dark.accent-gradient-hover": [
        {
            "kind": "linear",
            "locations": [
                0,
                1
            ],
            "colors": [
                "#FFFFFF",
                "#000000"
            ],
            "angle": 90
        }
    ],
    "light.text.on-dark.accent-gradient-active": [
        {
            "kind": "linear",
            "locations": [
                0,
                1
            ],
            "colors": [
                "#FFFFFF",
                "#000000"
            ],
            "angle": 90
        }
    ],
    "light.text.on-light.accent-gradient": [
        {
            "kind": "linear",
            "locations": [
                0.0649,
                0.9351
            ],
            "colors": [
                "#3E79F0FF",
                "#27C6E5FF"
            ],
            "angle": 93.97
        }
    ],
    "light.text.on-light.accent-gradient-hover": [
        {
            "kind": "linear",
            "locations": [
                0,
                1
            ],
            "colors": [
                "#FFFFFF",
                "#000000"
            ],
            "angle": 90
        }
    ],
    "light.text.on-light.accent-gradient-active": [
        {
            "kind": "linear",
            "locations": [
                0,
                1
            ],
            "colors": [
                "#FFFFFF",
                "#000000"
            ],
            "angle": 90
        }
    ],
    "light.text.inverse.accent-gradient-hover": [
        {
            "kind": "linear",
            "locations": [
                0,
                1
            ],
            "colors": [
                "#FFFFFF",
                "#000000"
            ],
            "angle": 90
        }
    ],
    "light.text.inverse.accent-gradient-active": [
        {
            "kind": "linear",
            "locations": [
                0,
                1
            ],
            "colors": [
                "#FFFFFF",
                "#000000"
            ],
            "angle": 90
        }
    ],
    "light.text.inverse.accent-gradient": [
        {
            "kind": "linear",
            "locations": [
                0,
                1
            ],
            "colors": [
                "#5E94FFFF",
                "#43DBFAFF"
            ],
            "angle": 0
        }
    ],
    "light.surface.default.accent-gradient": [
        {
            "kind": "linear",
            "locations": [
                0.0649,
                0.9351
            ],
            "colors": [
                "#3E79F0FF",
                "#27C6E5FF"
            ],
            "angle": 93.97
        }
    ],
    "light.surface.default.accent-gradient-hover": [
        {
            "kind": "linear",
            "locations": [
                0,
                1
            ],
            "colors": [
                "#FFFFFF",
                "#000000"
            ],
            "angle": 90
        }
    ],
    "light.surface.default.accent-gradient-active": [
        {
            "kind": "linear",
            "locations": [
                0,
                1
            ],
            "colors": [
                "#FFFFFF",
                "#000000"
            ],
            "angle": 90
        }
    ],
    "light.surface.default.skeleton-gradient": [
        {
            "kind": "linear",
            "locations": [
                0,
                0.0625,
                0.125,
                0.25,
                0.375,
                0.4375,
                0.5,
                0.5625,
                0.625,
                0.75,
                0.875,
                0.9375,
                1
            ],
            "colors": [
                "#08080817",
                "#08080814",
                "#0808080D",
                "#08080803",
                "#0808080D",
                "#08080814",
                "#08080817",
                "#08080814",
                "#0808080D",
                "#08080803",
                "#0808080D",
                "#08080814",
                "#08080817"
            ],
            "angle": 90
        }
    ],
    "light.surface.default.skeleton-gradient-hover": [
        {
            "kind": "linear",
            "locations": [
                0,
                1
            ],
            "colors": [
                "#FFFFFF",
                "#000000"
            ],
            "angle": 90
        }
    ],
    "light.surface.default.skeleton-gradient-active": [
        {
            "kind": "linear",
            "locations": [
                0,
                1
            ],
            "colors": [
                "#FFFFFF",
                "#000000"
            ],
            "angle": 90
        }
    ],
    "light.surface.default.skeleton-deep-gradient": [
        {
            "kind": "linear",
            "locations": [
                0,
                0.0625,
                0.125,
                0.25,
                0.375,
                0.4375,
                0.5,
                0.5625,
                0.625,
                0.75,
                0.875,
                0.9375,
                1
            ],
            "colors": [
                "#0808085C",
                "#08080852",
                "#08080833",
                "#0808080A",
                "#08080833",
                "#08080852",
                "#0808085C",
                "#08080814",
                "#08080833",
                "#0808080A",
                "#08080833",
                "#08080852",
                "#0808085C"
            ],
            "angle": 90
        }
    ],
    "light.surface.default.skeleton-deep-gradient-hover": [
        {
            "kind": "linear",
            "locations": [
                0,
                1
            ],
            "colors": [
                "#FFFFFF",
                "#000000"
            ],
            "angle": 90
        }
    ],
    "light.surface.default.skeleton-deep-gradient-active": [
        {
            "kind": "linear",
            "locations": [
                0,
                1
            ],
            "colors": [
                "#FFFFFF",
                "#000000"
            ],
            "angle": 90
        }
    ],
    "light.surface.on-dark.accent-gradient": [
        {
            "kind": "linear",
            "locations": [
                0.0649,
                0.9351
            ],
            "colors": [
                "#3E79F0FF",
                "#27C6E5FF"
            ],
            "angle": 93.97
        }
    ],
    "light.surface.on-dark.accent-gradient-hover": [
        {
            "kind": "linear",
            "locations": [
                0,
                1
            ],
            "colors": [
                "#FFFFFF",
                "#000000"
            ],
            "angle": 90
        }
    ],
    "light.surface.on-dark.accent-gradient-active": [
        {
            "kind": "linear",
            "locations": [
                0,
                1
            ],
            "colors": [
                "#FFFFFF",
                "#000000"
            ],
            "angle": 90
        }
    ],
    "light.surface.on-dark.skeleton-gradient": [
        {
            "kind": "linear",
            "locations": [
                0,
                0.0625,
                0.125,
                0.25,
                0.375,
                0.4375,
                0.5,
                0.5625,
                0.625,
                0.75,
                0.875,
                0.9375,
                1
            ],
            "colors": [
                "#FFFFFF17",
                "#FFFFFF14",
                "#FFFFFF0D",
                "#FFFFFF03",
                "#FFFFFF0D",
                "#FFFFFF14",
                "#FFFFFF17",
                "#FFFFFF14",
                "#FFFFFF0D",
                "#FFFFFF03",
                "#FFFFFF0D",
                "#FFFFFF14",
                "#FFFFFF17"
            ],
            "angle": 90
        }
    ],
    "light.surface.on-dark.skeleton-gradient-hover": [
        {
            "kind": "linear",
            "locations": [
                0,
                1
            ],
            "colors": [
                "#FFFFFF",
                "#000000"
            ],
            "angle": 90
        }
    ],
    "light.surface.on-dark.skeleton-gradient-active": [
        {
            "kind": "linear",
            "locations": [
                0,
                1
            ],
            "colors": [
                "#FFFFFF",
                "#000000"
            ],
            "angle": 90
        }
    ],
    "light.surface.on-dark.skeleton-deep-gradient": [
        {
            "kind": "linear",
            "locations": [
                0,
                0.0625,
                0.125,
                0.25,
                0.375,
                0.4375,
                0.5,
                0.5625,
                0.625,
                0.75,
                0.875,
                0.9375,
                1
            ],
            "colors": [
                "#FFFFFF5C",
                "#FFFFFF52",
                "#FFFFFF33",
                "#FFFFFF0A",
                "#FFFFFF33",
                "#FFFFFF52",
                "#FFFFFF5C",
                "#FFFFFF14",
                "#FFFFFF33",
                "#FFFFFF0A",
                "#FFFFFF33",
                "#FFFFFF52",
                "#FFFFFF5C"
            ],
            "angle": 90
        }
    ],
    "light.surface.on-dark.skeleton-deep-gradient-hover": [
        {
            "kind": "linear",
            "locations": [
                0,
                1
            ],
            "colors": [
                "#FFFFFF",
                "#000000"
            ],
            "angle": 90
        }
    ],
    "light.surface.on-dark.skeleton-deep-gradient-active": [
        {
            "kind": "linear",
            "locations": [
                0,
                1
            ],
            "colors": [
                "#FFFFFF",
                "#000000"
            ],
            "angle": 90
        }
    ],
    "light.surface.on-light.accent-gradient": [
        {
            "kind": "linear",
            "locations": [
                0.0649,
                0.9351
            ],
            "colors": [
                "#3E79F0FF",
                "#27C6E5FF"
            ],
            "angle": 93.97
        }
    ],
    "light.surface.on-light.accent-gradient-hover": [
        {
            "kind": "linear",
            "locations": [
                0,
                1
            ],
            "colors": [
                "#FFFFFF",
                "#000000"
            ],
            "angle": 90
        }
    ],
    "light.surface.on-light.accent-gradient-active": [
        {
            "kind": "linear",
            "locations": [
                0,
                1
            ],
            "colors": [
                "#FFFFFF",
                "#000000"
            ],
            "angle": 90
        }
    ],
    "light.surface.on-light.skeleton-gradient": [
        {
            "kind": "linear",
            "locations": [
                0,
                0.0625,
                0.125,
                0.25,
                0.375,
                0.4375,
                0.5,
                0.5625,
                0.625,
                0.75,
                0.875,
                0.9375,
                1
            ],
            "colors": [
                "#08080817",
                "#08080814",
                "#0808080D",
                "#08080803",
                "#0808080D",
                "#08080814",
                "#08080817",
                "#08080814",
                "#0808080D",
                "#08080803",
                "#0808080D",
                "#08080814",
                "#08080817"
            ],
            "angle": 90
        }
    ],
    "light.surface.on-light.skeleton-gradient-hover": [
        {
            "kind": "linear",
            "locations": [
                0,
                1
            ],
            "colors": [
                "#FFFFFF",
                "#000000"
            ],
            "angle": 90
        }
    ],
    "light.surface.on-light.skeleton-gradient-active": [
        {
            "kind": "linear",
            "locations": [
                0,
                1
            ],
            "colors": [
                "#FFFFFF",
                "#000000"
            ],
            "angle": 90
        }
    ],
    "light.surface.on-light.skeleton-deep-gradient": [
        {
            "kind": "linear",
            "locations": [
                0,
                0.0625,
                0.125,
                0.25,
                0.375,
                0.4375,
                0.5,
                0.5625,
                0.625,
                0.75,
                0.875,
                0.9375,
                1
            ],
            "colors": [
                "#0808085C",
                "#08080852",
                "#08080833",
                "#0808080A",
                "#08080833",
                "#08080852",
                "#0808085C",
                "#08080814",
                "#08080833",
                "#0808080A",
                "#08080833",
                "#08080852",
                "#0808085C"
            ],
            "angle": 90
        }
    ],
    "light.surface.on-light.skeleton-deep-gradient-hover": [
        {
            "kind": "linear",
            "locations": [
                0,
                1
            ],
            "colors": [
                "#FFFFFF",
                "#000000"
            ],
            "angle": 90
        }
    ],
    "light.surface.on-light.skeleton-deep-gradient-active": [
        {
            "kind": "linear",
            "locations": [
                0,
                1
            ],
            "colors": [
                "#FFFFFF",
                "#000000"
            ],
            "angle": 90
        }
    ],
    "light.surface.inverse.accent-gradient": [
        {
            "kind": "linear",
            "locations": [
                0,
                1
            ],
            "colors": [
                "#000000FF",
                "#FFFFFFFF"
            ],
            "angle": 135
        }
    ],
    "light.surface.inverse.accent-gradient-hover": [
        {
            "kind": "linear",
            "locations": [
                0,
                1
            ],
            "colors": [
                "#FFFFFF",
                "#000000"
            ],
            "angle": 90
        }
    ],
    "light.surface.inverse.accent-gradient-active": [
        {
            "kind": "linear",
            "locations": [
                0,
                1
            ],
            "colors": [
                "#FFFFFF",
                "#000000"
            ],
            "angle": 90
        }
    ],
    "light.surface.inverse.skeleton-gradient": [
        {
            "kind": "linear",
            "locations": [
                0,
                0.0625,
                0.125,
                0.25,
                0.375,
                0.4375,
                0.5,
                0.5625,
                0.625,
                0.75,
                0.875,
                0.9375,
                1
            ],
            "colors": [
                "#FFFFFF17",
                "#FFFFFF14",
                "#FFFFFF0D",
                "#FFFFFF03",
                "#FFFFFF0D",
                "#FFFFFF14",
                "#FFFFFF17",
                "#FFFFFF14",
                "#FFFFFF0D",
                "#FFFFFF03",
                "#FFFFFF0D",
                "#FFFFFF14",
                "#FFFFFF17"
            ],
            "angle": 90
        }
    ],
    "light.surface.inverse.skeleton-gradient-hover": [
        {
            "kind": "linear",
            "locations": [
                0,
                1
            ],
            "colors": [
                "#FFFFFF",
                "#000000"
            ],
            "angle": 90
        }
    ],
    "light.surface.inverse.skeleton-gradient-active": [
        {
            "kind": "linear",
            "locations": [
                0,
                1
            ],
            "colors": [
                "#FFFFFF",
                "#000000"
            ],
            "angle": 90
        }
    ],
    "light.surface.inverse.skeleton-deep-gradient": [
        {
            "kind": "linear",
            "locations": [
                0,
                0.0625,
                0.125,
                0.25,
                0.375,
                0.4375,
                0.5,
                0.5625,
                0.625,
                0.75,
                0.875,
                0.9375,
                1
            ],
            "colors": [
                "#FFFFFF5C",
                "#FFFFFF52",
                "#FFFFFF33",
                "#FFFFFF0A",
                "#FFFFFF33",
                "#FFFFFF52",
                "#FFFFFF5C",
                "#FFFFFF14",
                "#FFFFFF33",
                "#FFFFFF0A",
                "#FFFFFF33",
                "#FFFFFF52",
                "#FFFFFF5C"
            ],
            "angle": 90
        }
    ],
    "light.surface.inverse.skeleton-deep-gradient-hover": [
        {
            "kind": "linear",
            "locations": [
                0,
                1
            ],
            "colors": [
                "#FFFFFF",
                "#000000"
            ],
            "angle": 90
        }
    ],
    "light.surface.inverse.skeleton-deep-gradient-active": [
        {
            "kind": "linear",
            "locations": [
                0,
                1
            ],
            "colors": [
                "#FFFFFF",
                "#000000"
            ],
            "angle": 90
        }
    ]
}