{
    "down.soft.s": [
        {
            "color": "#14080808",
            "offsetX": 0,
            "offsetY": 4.0,
            "spreadRadius": -4.0,
            "blurRadius": 14.0
        },
        {
            "color": "#0A000000",
            "offsetX": 0,
            "offsetY": 1.0,
            "spreadRadius": -1.0,
            "blurRadius": 4.0
        }
    ],
    "down.soft.m": [
        {
            "color": "#14000000",
            "offsetX": 0,
            "offsetY": 24.0,
            "spreadRadius": -8.0,
            "blurRadius": 48.0
        }
    ],
    "down.soft.l": [
        {
            "color": "#14000000",
            "offsetX": 0,
            "offsetY": 60.0,
            "spreadRadius": -8.0,
            "blurRadius": 112.0
        }
    ],
    "down.hard.s": [
        {
            "color": "#29080808",
            "offsetX": 0,
            "offsetY": 4.0,
            "spreadRadius": -3.0,
            "blurRadius": 12.0
        },
        {
            "color": "#14000000",
            "offsetX": 0,
            "offsetY": 1.0,
            "spreadRadius": -2.0,
            "blurRadius": 4.0
        }
    ],
    "down.hard.m": [
        {
            "color": "#3D000000",
            "offsetX": 0,
            "offsetY": 16.0,
            "spreadRadius": -8.0,
            "blurRadius": 32.0
        }
    ],
    "down.hard.l": [
        {
            "color": "#66000000",
            "offsetX": 0,
            "offsetY": 60.0,
            "spreadRadius": -8.0,
            "blurRadius": 112.0
        }
    ],
    "up.soft.s": [
        {
            "color": "#14080808",
            "offsetX": 0,
            "offsetY": -4.0,
            "spreadRadius": -4.0,
            "blurRadius": 14.0
        },
        {
            "color": "#08000000",
            "offsetX": 0,
            "offsetY": -1.0,
            "spreadRadius": -1.0,
            "blurRadius": 4.0
        }
    ],
    "up.soft.m": [
        {
            "color": "#14000000",
            "offsetX": 0,
            "offsetY": -24.0,
            "spreadRadius": -8.0,
            "blurRadius": 48.0
        }
    ],
    "up.soft.l": [
        {
            "color": "#14000000",
            "offsetX": 0,
            "offsetY": -60.0,
            "spreadRadius": -8.0,
            "blurRadius": 112.0
        }
    ],
    "up.hard.s": [
        {
            "color": "#33080808",
            "offsetX": 0,
            "offsetY": -4.0,
            "spreadRadius": -3.0,
            "blurRadius": 12.0
        },
        {
            "color": "#08000000",
            "offsetX": 0,
            "offsetY": -1.0,
            "spreadRadius": -1.0,
            "blurRadius": 4.0
        }
    ],
    "up.hard.m": [
        {
            "color": "#3D000000",
            "offsetX": 0,
            "offsetY": -16.0,
            "spreadRadius": -8.0,
            "blurRadius": 32.0
        }
    ],
    "up.hard.l": [
        {
            "color": "#66000000",
            "offsetX": 0,
            "offsetY": -60.0,
            "spreadRadius": -8.0,
            "blurRadius": 112.0
        }
    ]
}