{
    "dark.outline.default.accent-gradient-hover": [
        "#CCCCCCFF"
    ],
    "dark.outline.default.accent-gradient-active": [
        "#E6E6E6FF"
    ],
    "dark.outline.default.accent-gradient": [
        "#FFFFFF"
    ],
    "dark.outline.default.accent-minor-gradient-hover": [
        "#CCCCCCFF"
    ],
    "dark.outline.default.accent-minor-gradient-active": [
        "#E6E6E6FF"
    ],
    "dark.outline.default.accent-minor-gradient": [
        "#FFFFFF"
    ],
    "dark.outline.default.transparent-accent-gradient-hover": [
        "#CCCCCCFF"
    ],
    "dark.outline.default.transparent-accent-gradient-active": [
        "#E6E6E6FF"
    ],
    "dark.outline.default.transparent-accent-gradient": [
        "#FFFFFF"
    ],
    "dark.outline.default.promo-gradient-hover": [
        "#CCCCCCFF"
    ],
    "dark.outline.default.promo-gradient-active": [
        "#E6E6E6FF"
    ],
    "dark.outline.default.promo-gradient": [
        "#FFFFFF"
    ],
    "dark.outline.default.promo-minor-gradient-hover": [
        "#CCCCCCFF"
    ],
    "dark.outline.default.promo-minor-gradient-active": [
        "#E6E6E6FF"
    ],
    "dark.outline.default.promo-minor-gradient": [
        "#FFFFFF"
    ],
    "dark.outline.on-dark.accent-gradient-hover": [
        "#CCCCCCFF"
    ],
    "dark.outline.on-dark.accent-gradient-active": [
        "#E6E6E6FF"
    ],
    "dark.outline.on-dark.accent-gradient": [
        "#FFFFFF"
    ],
    "dark.outline.on-dark.accent-minor-gradient-hover": [
        "#CCCCCCFF"
    ],
    "dark.outline.on-dark.accent-minor-gradient-active": [
        "#E6E6E6FF"
    ],
    "dark.outline.on-dark.accent-minor-gradient": [
        "#FFFFFF"
    ],
    "dark.outline.on-dark.transparent-accent-gradient-hover": [
        "#CCCCCCFF"
    ],
    "dark.outline.on-dark.transparent-accent-gradient-active": [
        "#E6E6E6FF"
    ],
    "dark.outline.on-dark.transparent-accent-gradient": [
        "#FFFFFF"
    ],
    "dark.outline.on-dark.promo-gradient-hover": [
        "#CCCCCCFF"
    ],
    "dark.outline.on-dark.promo-gradient-active": [
        "#E6E6E6FF"
    ],
    "dark.outline.on-dark.promo-gradient": [
        "#FFFFFF"
    ],
    "dark.outline.on-dark.promo-minor-gradient-hover": [
        "#CCCCCCFF"
    ],
    "dark.outline.on-dark.promo-minor-gradient-active": [
        "#E6E6E6FF"
    ],
    "dark.outline.on-dark.promo-minor-gradient": [
        "#FFFFFF"
    ],
    "dark.outline.on-light.accent-gradient-hover": [
        "#CCCCCCFF"
    ],
    "dark.outline.on-light.accent-gradient-active": [
        "#E6E6E6FF"
    ],
    "dark.outline.on-light.accent-gradient": [
        "#FFFFFF"
    ],
    "dark.outline.on-light.accent-minor-gradient-hover": [
        "#CCCCCCFF"
    ],
    "dark.outline.on-light.accent-minor-gradient-active": [
        "#E6E6E6FF"
    ],
    "dark.outline.on-light.accent-minor-gradient": [
        "#FFFFFF"
    ],
    "dark.outline.on-light.transparent-accent-gradient-hover": [
        "#CCCCCCFF"
    ],
    "dark.outline.on-light.transparent-accent-gradient-active": [
        "#E6E6E6FF"
    ],
    "dark.outline.on-light.transparent-accent-gradient": [
        "#FFFFFF"
    ],
    "dark.outline.on-light.promo-gradient-hover": [
        "#CCCCCCFF"
    ],
    "dark.outline.on-light.promo-gradient-active": [
        "#E6E6E6FF"
    ],
    "dark.outline.on-light.promo-gradient": [
        "#FFFFFF"
    ],
    "dark.outline.on-light.promo-minor-gradient-hover": [
        "#CCCCCCFF"
    ],
    "dark.outline.on-light.promo-minor-gradient-active": [
        "#E6E6E6FF"
    ],
    "dark.outline.on-light.promo-minor-gradient": [
        "#FFFFFF"
    ],
    "dark.outline.inverse.accent-gradient-hover": [
        "#CCCCCCFF"
    ],
    "dark.outline.inverse.accent-gradient-active": [
        "#E6E6E6FF"
    ],
    "dark.outline.inverse.accent-gradient": [
        "#FFFFFF"
    ],
    "dark.outline.inverse.accent-minor-gradient-hover": [
        "#CCCCCCFF"
    ],
    "dark.outline.inverse.accent-minor-gradient-active": [
        "#E6E6E6FF"
    ],
    "dark.outline.inverse.accent-minor-gradient": [
        "#FFFFFF"
    ],
    "dark.outline.inverse.transparent-accent-gradient-hover": [
        "#CCCCCCFF"
    ],
    "dark.outline.inverse.transparent-accent-gradient-active": [
        "#E6E6E6FF"
    ],
    "dark.outline.inverse.transparent-accent-gradient": [
        "#FFFFFF"
    ],
    "dark.outline.inverse.promo-gradient-hover": [
        "#CCCCCCFF"
    ],
    "dark.outline.inverse.promo-gradient-active": [
        "#E6E6E6FF"
    ],
    "dark.outline.inverse.promo-gradient": [
        "#FFFFFF"
    ],
    "dark.outline.inverse.promo-minor-gradient-hover": [
        "#CCCCCCFF"
    ],
    "dark.outline.inverse.promo-minor-gradient-active": [
        "#E6E6E6FF"
    ],
    "dark.outline.inverse.promo-minor-gradient": [
        "#FFFFFF"
    ],
    "dark.text.default.accent-gradient-hover": [
        "#CCCCCCFF"
    ],
    "dark.text.default.accent-gradient-active": [
        "#E6E6E6FF"
    ],
    "dark.text.default.accent-gradient": [
        "radial-gradient(50% 150% at 0% 100%, #FAED05E6 0%, #15D0151F 100%)",
        "radial-gradient(100% 200% at 0% 50%, #15D015FF 0%, #15D01500 100%)",
        "radial-gradient(100% 320% at 100% 0%, #2A72F8FF 0%, #15D01500 100%)",
        "#15D015"
    ],
    "dark.text.default.accent-minor-gradient-hover": [
        "#CCCCCCFF"
    ],
    "dark.text.default.accent-minor-gradient-active": [
        "#E6E6E6FF"
    ],
    "dark.text.default.accent-minor-gradient": [
        "#FFFFFF"
    ],
    "dark.text.default.promo-gradient-hover": [
        "#CCCCCCFF"
    ],
    "dark.text.default.promo-gradient-active": [
        "#E6E6E6FF"
    ],
    "dark.text.default.promo-gradient": [
        "#FFFFFF"
    ],
    "dark.text.default.promo-minor-gradient-hover": [
        "#CCCCCCFF"
    ],
    "dark.text.default.promo-minor-gradient-active": [
        "#E6E6E6FF"
    ],
    "dark.text.default.promo-minor-gradient": [
        "#FFFFFF"
    ],
    "dark.text.on-dark.accent-gradient-hover": [
        "#CCCCCCFF"
    ],
    "dark.text.on-dark.accent-gradient-active": [
        "#E6E6E6FF"
    ],
    "dark.text.on-dark.accent-gradient": [
        "radial-gradient(50% 150% at 0% 100%, #FAED05E6 0%, #15D0151F 100%)",
        "radial-gradient(100% 200% at 0% 50%, #15D015FF 0%, #15D01500 100%)",
        "radial-gradient(100% 320% at 100% 0%, #2A72F8FF 0%, #15D01500 100%)",
        "#15D015"
    ],
    "dark.text.on-dark.accent-minor-gradient-hover": [
        "#CCCCCCFF"
    ],
    "dark.text.on-dark.accent-minor-gradient-active": [
        "#E6E6E6FF"
    ],
    "dark.text.on-dark.accent-minor-gradient": [
        "#FFFFFF"
    ],
    "dark.text.on-dark.promo-gradient-hover": [
        "#CCCCCCFF"
    ],
    "dark.text.on-dark.promo-gradient-active": [
        "#E6E6E6FF"
    ],
    "dark.text.on-dark.promo-gradient": [
        "#FFFFFF"
    ],
    "dark.text.on-dark.promo-minor-gradient-hover": [
        "#CCCCCCFF"
    ],
    "dark.text.on-dark.promo-minor-gradient-active": [
        "#E6E6E6FF"
    ],
    "dark.text.on-dark.promo-minor-gradient": [
        "#FFFFFF"
    ],
    "dark.text.on-light.accent-gradient-hover": [
        "#CCCCCCFF"
    ],
    "dark.text.on-light.accent-gradient-active": [
        "#E6E6E6FF"
    ],
    "dark.text.on-light.accent-gradient": [
        "radial-gradient(50% 200% at 0% 100%, #FAED0599 0%, #15D0151F 100%)",
        "radial-gradient(100% 200% at 0% 50%, #15D015FF 0%, #21CA9A00 100%)",
        "radial-gradient(100% 320% at 100% 0%, #2A72F8FF 0%, #0C9C0C00 100%)",
        "#0C9C0C"
    ],
    "dark.text.on-light.accent-minor-gradient-hover": [
        "#CCCCCCFF"
    ],
    "dark.text.on-light.accent-minor-gradient-active": [
        "#E6E6E6FF"
    ],
    "dark.text.on-light.accent-minor-gradient": [
        "#FFFFFF"
    ],
    "dark.text.on-light.promo-gradient-hover": [
        "#CCCCCCFF"
    ],
    "dark.text.on-light.promo-gradient-active": [
        "#E6E6E6FF"
    ],
    "dark.text.on-light.promo-gradient": [
        "#FFFFFF"
    ],
    "dark.text.on-light.promo-minor-gradient-hover": [
        "#CCCCCCFF"
    ],
    "dark.text.on-light.promo-minor-gradient-active": [
        "#E6E6E6FF"
    ],
    "dark.text.on-light.promo-minor-gradient": [
        "#FFFFFF"
    ],
    "dark.text.inverse.accent-gradient-hover": [
        "#CCCCCCFF"
    ],
    "dark.text.inverse.accent-gradient-active": [
        "#E6E6E6FF"
    ],
    "dark.text.inverse.accent-gradient": [
        "#FFFFFF"
    ],
    "dark.text.inverse.accent-minor-gradient-hover": [
        "#CCCCCCFF"
    ],
    "dark.text.inverse.accent-minor-gradient-active": [
        "#E6E6E6FF"
    ],
    "dark.text.inverse.accent-minor-gradient": [
        "#FFFFFF"
    ],
    "dark.text.inverse.promo-gradient-hover": [
        "#CCCCCCFF"
    ],
    "dark.text.inverse.promo-gradient-active": [
        "#E6E6E6FF"
    ],
    "dark.text.inverse.promo-gradient": [
        "#FFFFFF"
    ],
    "dark.text.inverse.promo-minor-gradient-hover": [
        "#CCCCCCFF"
    ],
    "dark.text.inverse.promo-minor-gradient-active": [
        "#E6E6E6FF"
    ],
    "dark.text.inverse.promo-minor-gradient": [
        "#FFFFFF"
    ],
    "dark.surface.default.accent-gradient-hover": [
        "#FFFFFFFF"
    ],
    "dark.surface.default.accent-gradient-active": [
        "#FFFFFFFF"
    ],
    "dark.surface.default.accent-gradient": [
        "radial-gradient(50% 150% at 0% 100%, #FAED05E6 0%, #15D0151F 100%)",
        "radial-gradient(100% 200% at 0% 50%, #15D015FF 0%, #15D01500 100%)",
        "radial-gradient(100% 320% at 100% 0%, #2A72F8FF 0%, #15D01500 100%)",
        "#15D015"
    ],
    "dark.surface.default.accent-minor-gradient-hover": [
        "#FFFFFFFF"
    ],
    "dark.surface.default.accent-minor-gradient-active": [
        "#FFFFFFFF"
    ],
    "dark.surface.default.accent-minor-gradient": [
        "#FFFFFF"
    ],
    "dark.surface.default.transparent-accent-gradient-hover": [
        "#FFFFFFFF"
    ],
    "dark.surface.default.transparent-accent-gradient-active": [
        "#FFFFFFFF"
    ],
    "dark.surface.default.transparent-accent-gradient": [
        "#FFFFFF"
    ],
    "dark.surface.default.promo-gradient-hover": [
        "#FFFFFFFF"
    ],
    "dark.surface.default.promo-gradient-active": [
        "#FFFFFFFF"
    ],
    "dark.surface.default.promo-gradient": [
        "#FFFFFF"
    ],
    "dark.surface.default.promo-minor-gradient-hover": [
        "#FFFFFFFF"
    ],
    "dark.surface.default.promo-minor-gradient-active": [
        "#FFFFFFFF"
    ],
    "dark.surface.default.promo-minor-gradient": [
        "#FFFFFF"
    ],
    "dark.surface.default.transparent-promo-gradient-hover": [
        "#FFFFFFFF"
    ],
    "dark.surface.default.transparent-promo-gradient-active": [
        "#FFFFFFFF"
    ],
    "dark.surface.default.transparent-promo-gradient": [
        "#FFFFFF"
    ],
    "dark.surface.on-dark.accent-gradient-hover": [
        "#FFFFFFFF"
    ],
    "dark.surface.on-dark.accent-gradient-active": [
        "#FFFFFFFF"
    ],
    "dark.surface.on-dark.accent-gradient": [
        "radial-gradient(50% 150% at 0% 100%, #FAED05E6 0%, #15D0151F 100%)",
        "radial-gradient(100% 200% at 0% 50%, #15D015FF 0%, #15D01500 100%)",
        "radial-gradient(100% 320% at 100% 0%, #2A72F8FF 0%, #15D01500 100%)",
        "#15D015"
    ],
    "dark.surface.on-dark.accent-minor-gradient-hover": [
        "#FFFFFFFF"
    ],
    "dark.surface.on-dark.accent-minor-gradient-active": [
        "#FFFFFFFF"
    ],
    "dark.surface.on-dark.accent-minor-gradient": [
        "#FFFFFF"
    ],
    "dark.surface.on-dark.transparent-accent-gradient-hover": [
        "#FFFFFFFF"
    ],
    "dark.surface.on-dark.transparent-accent-gradient-active": [
        "#FFFFFFFF"
    ],
    "dark.surface.on-dark.transparent-accent-gradient": [
        "#FFFFFF"
    ],
    "dark.surface.on-dark.promo-gradient-hover": [
        "#FFFFFFFF"
    ],
    "dark.surface.on-dark.promo-gradient-active": [
        "#FFFFFFFF"
    ],
    "dark.surface.on-dark.promo-gradient": [
        "#FFFFFF"
    ],
    "dark.surface.on-dark.promo-minor-gradient-hover": [
        "#FFFFFFFF"
    ],
    "dark.surface.on-dark.promo-minor-gradient-active": [
        "#FFFFFFFF"
    ],
    "dark.surface.on-dark.promo-minor-gradient": [
        "#FFFFFF"
    ],
    "dark.surface.on-dark.transparent-promo-gradient-hover": [
        "#FFFFFFFF"
    ],
    "dark.surface.on-dark.transparent-promo-gradient-active": [
        "#FFFFFFFF"
    ],
    "dark.surface.on-dark.transparent-promo-gradient": [
        "#FFFFFF"
    ],
    "dark.surface.on-light.accent-gradient-hover": [
        "#FFFFFFFF"
    ],
    "dark.surface.on-light.accent-gradient-active": [
        "#FFFFFFFF"
    ],
    "dark.surface.on-light.accent-gradient": [
        "radial-gradient(50% 150% at 0% 100%, #FAED05E6 0%, #15D0151F 100%)",
        "radial-gradient(100% 200% at 0% 50%, #15D015FF 0%, #15D01500 100%)",
        "radial-gradient(100% 320% at 100% 0%, #2A72F8FF 0%, #15D01500 100%)",
        "#15D015"
    ],
    "dark.surface.on-light.accent-minor-gradient-hover": [
        "#FFFFFFFF"
    ],
    "dark.surface.on-light.accent-minor-gradient-active": [
        "#FFFFFFFF"
    ],
    "dark.surface.on-light.accent-minor-gradient": [
        "#FFFFFF"
    ],
    "dark.surface.on-light.transparent-accent-gradient-hover": [
        "#FFFFFFFF"
    ],
    "dark.surface.on-light.transparent-accent-gradient-active": [
        "#FFFFFFFF"
    ],
    "dark.surface.on-light.transparent-accent-gradient": [
        "#FFFFFF"
    ],
    "dark.surface.on-light.promo-gradient-hover": [
        "#FFFFFFFF"
    ],
    "dark.surface.on-light.promo-gradient-active": [
        "#FFFFFFFF"
    ],
    "dark.surface.on-light.promo-gradient": [
        "#FFFFFF"
    ],
    "dark.surface.on-light.promo-minor-gradient-hover": [
        "#FFFFFFFF"
    ],
    "dark.surface.on-light.promo-minor-gradient-active": [
        "#FFFFFFFF"
    ],
    "dark.surface.on-light.promo-minor-gradient": [
        "#FFFFFF"
    ],
    "dark.surface.on-light.transparent-promo-gradient-hover": [
        "#FFFFFFFF"
    ],
    "dark.surface.on-light.transparent-promo-gradient-active": [
        "#FFFFFFFF"
    ],
    "dark.surface.on-light.transparent-promo-gradient": [
        "#FFFFFF"
    ],
    "dark.surface.inverse.accent-gradient-hover": [
        "#FFFFFFFF"
    ],
    "dark.surface.inverse.accent-gradient-active": [
        "#FFFFFFFF"
    ],
    "dark.surface.inverse.accent-gradient": [
        "#FFFFFF"
    ],
    "dark.surface.inverse.accent-minor-gradient-hover": [
        "#FFFFFFFF"
    ],
    "dark.surface.inverse.accent-minor-gradient-active": [
        "#FFFFFFFF"
    ],
    "dark.surface.inverse.accent-minor-gradient": [
        "#FFFFFF"
    ],
    "dark.surface.inverse.transparent-accent-gradient-hover": [
        "#FFFFFFFF"
    ],
    "dark.surface.inverse.transparent-accent-gradient-active": [
        "#FFFFFFFF"
    ],
    "dark.surface.inverse.transparent-accent-gradient": [
        "#FFFFFF"
    ],
    "dark.surface.inverse.promo-gradient-hover": [
        "#FFFFFFFF"
    ],
    "dark.surface.inverse.promo-gradient-active": [
        "#FFFFFFFF"
    ],
    "dark.surface.inverse.promo-gradient": [
        "#FFFFFF"
    ],
    "dark.surface.inverse.promo-minor-gradient-hover": [
        "#FFFFFFFF"
    ],
    "dark.surface.inverse.promo-minor-gradient-active": [
        "#FFFFFFFF"
    ],
    "dark.surface.inverse.promo-minor-gradient": [
        "#FFFFFF"
    ],
    "dark.surface.inverse.transparent-promo-gradient-hover": [
        "#FFFFFFFF"
    ],
    "dark.surface.inverse.transparent-promo-gradient-active": [
        "#FFFFFFFF"
    ],
    "dark.surface.inverse.transparent-promo-gradient": [
        "#FFFFFF"
    ],
    "light.outline.default.accent-gradient-hover": [
        "#000000FF"
    ],
    "light.outline.default.accent-gradient-active": [
        "#CCCCCCFF"
    ],
    "light.outline.default.accent-gradient": [
        "#FFFFFF"
    ],
    "light.outline.default.accent-minor-gradient-hover": [
        "#000000FF"
    ],
    "light.outline.default.accent-minor-gradient-active": [
        "#CCCCCCFF"
    ],
    "light.outline.default.accent-minor-gradient": [
        "#FFFFFF"
    ],
    "light.outline.default.transparent-accent-gradient-hover": [
        "#000000FF"
    ],
    "light.outline.default.transparent-accent-gradient-active": [
        "#CCCCCCFF"
    ],
    "light.outline.default.transparent-accent-gradient": [
        "#FFFFFF"
    ],
    "light.outline.default.promo-gradient-hover": [
        "#000000FF"
    ],
    "light.outline.default.promo-gradient-active": [
        "#CCCCCCFF"
    ],
    "light.outline.default.promo-gradient": [
        "#FFFFFF"
    ],
    "light.outline.default.promo-minor-gradient-hover": [
        "#000000FF"
    ],
    "light.outline.default.promo-minor-gradient-active": [
        "#CCCCCCFF"
    ],
    "light.outline.default.promo-minor-gradient": [
        "#FFFFFF"
    ],
    "light.outline.on-dark.accent-gradient-hover": [
        "#000000FF"
    ],
    "light.outline.on-dark.accent-gradient-active": [
        "#CCCCCCFF"
    ],
    "light.outline.on-dark.accent-gradient": [
        "#FFFFFF"
    ],
    "light.outline.on-dark.accent-minor-gradient-hover": [
        "#000000FF"
    ],
    "light.outline.on-dark.accent-minor-gradient-active": [
        "#CCCCCCFF"
    ],
    "light.outline.on-dark.accent-minor-gradient": [
        "#FFFFFF"
    ],
    "light.outline.on-dark.transparent-accent-gradient-hover": [
        "#000000FF"
    ],
    "light.outline.on-dark.transparent-accent-gradient-active": [
        "#CCCCCCFF"
    ],
    "light.outline.on-dark.transparent-accent-gradient": [
        "#FFFFFF"
    ],
    "light.outline.on-dark.promo-gradient-hover": [
        "#000000FF"
    ],
    "light.outline.on-dark.promo-gradient-active": [
        "#CCCCCCFF"
    ],
    "light.outline.on-dark.promo-gradient": [
        "#FFFFFF"
    ],
    "light.outline.on-dark.promo-minor-gradient-hover": [
        "#000000FF"
    ],
    "light.outline.on-dark.promo-minor-gradient-active": [
        "#CCCCCCFF"
    ],
    "light.outline.on-dark.promo-minor-gradient": [
        "#FFFFFF"
    ],
    "light.outline.on-light.accent-gradient-hover": [
        "#000000FF"
    ],
    "light.outline.on-light.accent-gradient-active": [
        "#CCCCCCFF"
    ],
    "light.outline.on-light.accent-gradient": [
        "#FFFFFF"
    ],
    "light.outline.on-light.accent-minor-gradient-hover": [
        "#000000FF"
    ],
    "light.outline.on-light.accent-minor-gradient-active": [
        "#CCCCCCFF"
    ],
    "light.outline.on-light.accent-minor-gradient": [
        "#FFFFFF"
    ],
    "light.outline.on-light.transparent-accent-gradient-hover": [
        "#000000FF"
    ],
    "light.outline.on-light.transparent-accent-gradient-active": [
        "#CCCCCCFF"
    ],
    "light.outline.on-light.transparent-accent-gradient": [
        "#FFFFFF"
    ],
    "light.outline.on-light.promo-gradient-hover": [
        "#000000FF"
    ],
    "light.outline.on-light.promo-gradient-active": [
        "#CCCCCCFF"
    ],
    "light.outline.on-light.promo-gradient": [
        "#FFFFFF"
    ],
    "light.outline.on-light.promo-minor-gradient-hover": [
        "#000000FF"
    ],
    "light.outline.on-light.promo-minor-gradient-active": [
        "#CCCCCCFF"
    ],
    "light.outline.on-light.promo-minor-gradient": [
        "#FFFFFF"
    ],
    "light.outline.inverse.accent-gradient-hover": [
        "#000000FF"
    ],
    "light.outline.inverse.accent-gradient-active": [
        "#CCCCCCFF"
    ],
    "light.outline.inverse.accent-gradient": [
        "#FFFFFF"
    ],
    "light.outline.inverse.accent-minor-gradient-hover": [
        "#000000FF"
    ],
    "light.outline.inverse.accent-minor-gradient-active": [
        "#CCCCCCFF"
    ],
    "light.outline.inverse.accent-minor-gradient": [
        "#FFFFFF"
    ],
    "light.outline.inverse.transparent-accent-gradient-hover": [
        "#000000FF"
    ],
    "light.outline.inverse.transparent-accent-gradient-active": [
        "#CCCCCCFF"
    ],
    "light.outline.inverse.transparent-accent-gradient": [
        "#FFFFFF"
    ],
    "light.outline.inverse.promo-gradient-hover": [
        "#000000FF"
    ],
    "light.outline.inverse.promo-gradient-active": [
        "#CCCCCCFF"
    ],
    "light.outline.inverse.promo-gradient": [
        "#FFFFFF"
    ],
    "light.outline.inverse.promo-minor-gradient-hover": [
        "#000000FF"
    ],
    "light.outline.inverse.promo-minor-gradient-active": [
        "#CCCCCCFF"
    ],
    "light.outline.inverse.promo-minor-gradient": [
        "#FFFFFF"
    ],
    "light.text.default.accent-gradient-hover": [
        "#000000FF"
    ],
    "light.text.default.accent-gradient-active": [
        "#CCCCCCFF"
    ],
    "light.text.default.accent-gradient": [
        "radial-gradient(50% 200% at 0% 100%, #FAED0599 0%, #15D0151F 100%)",
        "radial-gradient(100% 200% at 0% 50%, #15D015FF 0%, #21CA9A00 100%)",
        "radial-gradient(100% 320% at 100% 0%, #2A72F8FF 0%, #0C9C0C00 100%)",
        "#0C9C0C"
    ],
    "light.text.default.accent-minor-gradient-hover": [
        "#000000FF"
    ],
    "light.text.default.accent-minor-gradient-active": [
        "#CCCCCCFF"
    ],
    "light.text.default.accent-minor-gradient": [
        "#FFFFFF"
    ],
    "light.text.default.promo-gradient-hover": [
        "#000000FF"
    ],
    "light.text.default.promo-gradient-active": [
        "#CCCCCCFF"
    ],
    "light.text.default.promo-gradient": [
        "#FFFFFF"
    ],
    "light.text.default.promo-minor-gradient-hover": [
        "#000000FF"
    ],
    "light.text.default.promo-minor-gradient-active": [
        "#CCCCCCFF"
    ],
    "light.text.default.promo-minor-gradient": [
        "#FFFFFF"
    ],
    "light.text.on-dark.accent-gradient-hover": [
        "#000000FF"
    ],
    "light.text.on-dark.accent-gradient-active": [
        "#CCCCCCFF"
    ],
    "light.text.on-dark.accent-gradient": [
        "radial-gradient(50% 150% at 0% 100%, #FAED05E6 0%, #15D0151F 100%)",
        "radial-gradient(100% 200% at 0% 50%, #15D015FF 0%, #15D01500 100%)",
        "radial-gradient(100% 320% at 100% 0%, #2A72F8FF 0%, #15D01500 100%)",
        "#15D015"
    ],
    "light.text.on-dark.accent-minor-gradient-hover": [
        "#000000FF"
    ],
    "light.text.on-dark.accent-minor-gradient-active": [
        "#CCCCCCFF"
    ],
    "light.text.on-dark.accent-minor-gradient": [
        "#FFFFFF"
    ],
    "light.text.on-dark.promo-gradient-hover": [
        "#000000FF"
    ],
    "light.text.on-dark.promo-gradient-active": [
        "#CCCCCCFF"
    ],
    "light.text.on-dark.promo-gradient": [
        "#FFFFFF"
    ],
    "light.text.on-dark.promo-minor-gradient-hover": [
        "#000000FF"
    ],
    "light.text.on-dark.promo-minor-gradient-active": [
        "#CCCCCCFF"
    ],
    "light.text.on-dark.promo-minor-gradient": [
        "#FFFFFF"
    ],
    "light.text.on-light.accent-gradient-hover": [
        "#000000FF"
    ],
    "light.text.on-light.accent-gradient-active": [
        "#CCCCCCFF"
    ],
    "light.text.on-light.accent-gradient": [
        "radial-gradient(50% 200% at 0% 100%, #FAED0599 0%, #15D0151F 100%)",
        "radial-gradient(100% 200% at 0% 50%, #15D015FF 0%, #21CA9A00 100%)",
        "radial-gradient(100% 320% at 100% 0%, #2A72F8FF 0%, #0C9C0C00 100%)",
        "#0C9C0C"
    ],
    "light.text.on-light.accent-minor-gradient-hover": [
        "#000000FF"
    ],
    "light.text.on-light.accent-minor-gradient-active": [
        "#CCCCCCFF"
    ],
    "light.text.on-light.accent-minor-gradient": [
        "#FFFFFF"
    ],
    "light.text.on-light.promo-gradient-hover": [
        "#000000FF"
    ],
    "light.text.on-light.promo-gradient-active": [
        "#CCCCCCFF"
    ],
    "light.text.on-light.promo-gradient": [
        "#FFFFFF"
    ],
    "light.text.on-light.promo-minor-gradient-hover": [
        "#000000FF"
    ],
    "light.text.on-light.promo-minor-gradient-active": [
        "#CCCCCCFF"
    ],
    "light.text.on-light.promo-minor-gradient": [
        "#FFFFFF"
    ],
    "light.text.inverse.accent-gradient-hover": [
        "#000000FF"
    ],
    "light.text.inverse.accent-gradient-active": [
        "#CCCCCCFF"
    ],
    "light.text.inverse.accent-gradient": [
        "#FFFFFF"
    ],
    "light.text.inverse.accent-minor-gradient-hover": [
        "#000000FF"
    ],
    "light.text.inverse.accent-minor-gradient-active": [
        "#CCCCCCFF"
    ],
    "light.text.inverse.accent-minor-gradient": [
        "#FFFFFF"
    ],
    "light.text.inverse.promo-gradient-hover": [
        "#000000FF"
    ],
    "light.text.inverse.promo-gradient-active": [
        "#CCCCCCFF"
    ],
    "light.text.inverse.promo-gradient": [
        "#FFFFFF"
    ],
    "light.text.inverse.promo-minor-gradient-hover": [
        "#000000FF"
    ],
    "light.text.inverse.promo-minor-gradient-active": [
        "#CCCCCCFF"
    ],
    "light.text.inverse.promo-minor-gradient": [
        "#FFFFFF"
    ],
    "light.surface.default.accent-gradient-hover": [
        "#FFFFFFFF"
    ],
    "light.surface.default.accent-gradient-active": [
        "#FFFFFFFF"
    ],
    "light.surface.default.accent-gradient": [
        "radial-gradient(50% 150% at 0% 100%, #FAED05E6 0%, #15D0151F 100%)",
        "radial-gradient(100% 200% at 0% 50%, #15D015FF 0%, #15D01500 100%)",
        "radial-gradient(100% 320% at 100% 0%, #2A72F8FF 0%, #15D01500 100%)",
        "#15D015"
    ],
    "light.surface.default.accent-minor-gradient-hover": [
        "#FFFFFFFF"
    ],
    "light.surface.default.accent-minor-gradient-active": [
        "#FFFFFFFF"
    ],
    "light.surface.default.accent-minor-gradient": [
        "#FFFFFF"
    ],
    "light.surface.default.transparent-accent-gradient-hover": [
        "#FFFFFFFF"
    ],
    "light.surface.default.transparent-accent-gradient-active": [
        "#FFFFFFFF"
    ],
    "light.surface.default.transparent-accent-gradient": [
        "#FFFFFF"
    ],
    "light.surface.default.promo-gradient-hover": [
        "#FFFFFFFF"
    ],
    "light.surface.default.promo-gradient-active": [
        "#FFFFFFFF"
    ],
    "light.surface.default.promo-gradient": [
        "#FFFFFF"
    ],
    "light.surface.default.promo-minor-gradient-hover": [
        "#FFFFFFFF"
    ],
    "light.surface.default.promo-minor-gradient-active": [
        "#FFFFFFFF"
    ],
    "light.surface.default.promo-minor-gradient": [
        "#FFFFFF"
    ],
    "light.surface.default.transparent-promo-gradient-hover": [
        "#FFFFFFFF"
    ],
    "light.surface.default.transparent-promo-gradient-active": [
        "#FFFFFFFF"
    ],
    "light.surface.default.transparent-promo-gradient": [
        "#FFFFFF"
    ],
    "light.surface.on-dark.accent-gradient-hover": [
        "#FFFFFFFF"
    ],
    "light.surface.on-dark.accent-gradient-active": [
        "#FFFFFFFF"
    ],
    "light.surface.on-dark.accent-gradient": [
        "radial-gradient(50% 150% at 0% 100%, #FAED05E6 0%, #15D0151F 100%)",
        "radial-gradient(100% 200% at 0% 50%, #15D015FF 0%, #15D01500 100%)",
        "radial-gradient(100% 320% at 100% 0%, #2A72F8FF 0%, #15D01500 100%)",
        "#15D015"
    ],
    "light.surface.on-dark.accent-minor-gradient-hover": [
        "#FFFFFFFF"
    ],
    "light.surface.on-dark.accent-minor-gradient-active": [
        "#FFFFFFFF"
    ],
    "light.surface.on-dark.accent-minor-gradient": [
        "#FFFFFF"
    ],
    "light.surface.on-dark.transparent-accent-gradient-hover": [
        "#FFFFFFFF"
    ],
    "light.surface.on-dark.transparent-accent-gradient-active": [
        "#FFFFFFFF"
    ],
    "light.surface.on-dark.transparent-accent-gradient": [
        "#FFFFFF"
    ],
    "light.surface.on-dark.promo-gradient-hover": [
        "#FFFFFFFF"
    ],
    "light.surface.on-dark.promo-gradient-active": [
        "#FFFFFFFF"
    ],
    "light.surface.on-dark.promo-gradient": [
        "#FFFFFF"
    ],
    "light.surface.on-dark.promo-minor-gradient-hover": [
        "#FFFFFFFF"
    ],
    "light.surface.on-dark.promo-minor-gradient-active": [
        "#FFFFFFFF"
    ],
    "light.surface.on-dark.promo-minor-gradient": [
        "#FFFFFF"
    ],
    "light.surface.on-dark.transparent-promo-gradient-hover": [
        "#FFFFFFFF"
    ],
    "light.surface.on-dark.transparent-promo-gradient-active": [
        "#FFFFFFFF"
    ],
    "light.surface.on-dark.transparent-promo-gradient": [
        "#FFFFFF"
    ],
    "light.surface.on-light.accent-gradient-hover": [
        "#FFFFFFFF"
    ],
    "light.surface.on-light.accent-gradient-active": [
        "#FFFFFFFF"
    ],
    "light.surface.on-light.accent-gradient": [
        "radial-gradient(50% 150% at 0% 100%, #FAED05E6 0%, #15D0151F 100%)",
        "radial-gradient(100% 200% at 0% 50%, #15D015FF 0%, #15D01500 100%)",
        "radial-gradient(100% 320% at 100% 0%, #2A72F8FF 0%, #15D01500 100%)",
        "#15D015"
    ],
    "light.surface.on-light.accent-minor-gradient-hover": [
        "#FFFFFFFF"
    ],
    "light.surface.on-light.accent-minor-gradient-active": [
        "#FFFFFFFF"
    ],
    "light.surface.on-light.accent-minor-gradient": [
        "#FFFFFF"
    ],
    "light.surface.on-light.transparent-accent-gradient-hover": [
        "#FFFFFFFF"
    ],
    "light.surface.on-light.transparent-accent-gradient-active": [
        "#FFFFFFFF"
    ],
    "light.surface.on-light.transparent-accent-gradient": [
        "#FFFFFF"
    ],
    "light.surface.on-light.promo-gradient-hover": [
        "#FFFFFFFF"
    ],
    "light.surface.on-light.promo-gradient-active": [
        "#FFFFFFFF"
    ],
    "light.surface.on-light.promo-gradient": [
        "#FFFFFF"
    ],
    "light.surface.on-light.promo-minor-gradient-hover": [
        "#FFFFFFFF"
    ],
    "light.surface.on-light.promo-minor-gradient-active": [
        "#FFFFFFFF"
    ],
    "light.surface.on-light.promo-minor-gradient": [
        "#FFFFFF"
    ],
    "light.surface.on-light.transparent-promo-gradient-hover": [
        "#FFFFFFFF"
    ],
    "light.surface.on-light.transparent-promo-gradient-active": [
        "#FFFFFFFF"
    ],
    "light.surface.on-light.transparent-promo-gradient": [
        "#FFFFFF"
    ],
    "light.surface.inverse.accent-gradient-hover": [
        "#FFFFFFFF"
    ],
    "light.surface.inverse.accent-gradient-active": [
        "#FFFFFFFF"
    ],
    "light.surface.inverse.accent-gradient": [
        "#FFFFFF"
    ],
    "light.surface.inverse.accent-minor-gradient-hover": [
        "#FFFFFFFF"
    ],
    "light.surface.inverse.accent-minor-gradient-active": [
        "#FFFFFFFF"
    ],
    "light.surface.inverse.accent-minor-gradient": [
        "#FFFFFF"
    ],
    "light.surface.inverse.transparent-accent-gradient-hover": [
        "#FFFFFFFF"
    ],
    "light.surface.inverse.transparent-accent-gradient-active": [
        "#FFFFFFFF"
    ],
    "light.surface.inverse.transparent-accent-gradient": [
        "#FFFFFF"
    ],
    "light.surface.inverse.promo-gradient-hover": [
        "#FFFFFFFF"
    ],
    "light.surface.inverse.promo-gradient-active": [
        "#FFFFFFFF"
    ],
    "light.surface.inverse.promo-gradient": [
        "#FFFFFF"
    ],
    "light.surface.inverse.promo-minor-gradient-hover": [
        "#FFFFFFFF"
    ],
    "light.surface.inverse.promo-minor-gradient-active": [
        "#FFFFFFFF"
    ],
    "light.surface.inverse.promo-minor-gradient": [
        "#FFFFFF"
    ],
    "light.surface.inverse.transparent-promo-gradient-hover": [
        "#FFFFFFFF"
    ],
    "light.surface.inverse.transparent-promo-gradient-active": [
        "#FFFFFFFF"
    ],
    "light.surface.inverse.transparent-promo-gradient": [
        "#FFFFFF"
    ]
}