{
    "dark.text.default.accent-gradient-hover": [
        "#CCCCCCFF"
    ],
    "dark.text.default.accent-gradient-active": [
        "#E6E6E6FF"
    ],
    "dark.text.default.accent-minor-gradient": [
        "#FFFFFF"
    ],
    "dark.text.default.accent-minor-gradient-hover": [
        "#CCCCCCFF"
    ],
    "dark.text.default.accent-minor-gradient-active": [
        "#E6E6E6FF"
    ],
    "dark.text.default.promo-gradient": [
        "#FFFFFF"
    ],
    "dark.text.default.promo-gradient-hover": [
        "#CCCCCCFF"
    ],
    "dark.text.default.promo-gradient-active": [
        "#E6E6E6FF"
    ],
    "dark.text.default.promo-minor-gradient": [
        "#FFFFFF"
    ],
    "dark.text.default.promo-minor-gradient-hover": [
        "#CCCCCCFF"
    ],
    "dark.text.default.promo-minor-gradient-active": [
        "#E6E6E6FF"
    ],
    "dark.text.default.accent-gradient": [
        "linear-gradient(45deg, #1A9E32FF 0%, #04C6C9FF 100%)"
    ],
    "dark.text.on-dark.accent-gradient-hover": [
        "#CCCCCCFF"
    ],
    "dark.text.on-dark.accent-gradient-active": [
        "#E6E6E6FF"
    ],
    "dark.text.on-dark.accent-minor-gradient": [
        "#FFFFFF"
    ],
    "dark.text.on-dark.accent-minor-gradient-hover": [
        "#CCCCCCFF"
    ],
    "dark.text.on-dark.accent-minor-gradient-active": [
        "#E6E6E6FF"
    ],
    "dark.text.on-dark.promo-gradient": [
        "#FFFFFF"
    ],
    "dark.text.on-dark.promo-gradient-hover": [
        "#CCCCCCFF"
    ],
    "dark.text.on-dark.promo-gradient-active": [
        "#E6E6E6FF"
    ],
    "dark.text.on-dark.promo-minor-gradient": [
        "#FFFFFF"
    ],
    "dark.text.on-dark.promo-minor-gradient-hover": [
        "#CCCCCCFF"
    ],
    "dark.text.on-dark.promo-minor-gradient-active": [
        "#E6E6E6FF"
    ],
    "dark.text.on-dark.accent-gradient": [
        "linear-gradient(45deg, #1A9E32FF 0%, #04C6C9FF 100%)"
    ],
    "dark.text.on-light.accent-gradient-hover": [
        "#CCCCCCFF"
    ],
    "dark.text.on-light.accent-gradient-active": [
        "#E6E6E6FF"
    ],
    "dark.text.on-light.accent-minor-gradient": [
        "#FFFFFF"
    ],
    "dark.text.on-light.accent-minor-gradient-hover": [
        "#CCCCCCFF"
    ],
    "dark.text.on-light.accent-minor-gradient-active": [
        "#E6E6E6FF"
    ],
    "dark.text.on-light.promo-gradient": [
        "#FFFFFF"
    ],
    "dark.text.on-light.promo-gradient-hover": [
        "#CCCCCCFF"
    ],
    "dark.text.on-light.promo-gradient-active": [
        "#E6E6E6FF"
    ],
    "dark.text.on-light.promo-minor-gradient": [
        "#FFFFFF"
    ],
    "dark.text.on-light.promo-minor-gradient-hover": [
        "#CCCCCCFF"
    ],
    "dark.text.on-light.promo-minor-gradient-active": [
        "#E6E6E6FF"
    ],
    "dark.text.on-light.accent-gradient": [
        "linear-gradient(45deg, #0D8523FF 0%, #0DA8ABFF 100%)"
    ],
    "dark.text.inverse.accent-gradient-hover": [
        "#CCCCCCFF"
    ],
    "dark.text.inverse.accent-gradient-active": [
        "#E6E6E6FF"
    ],
    "dark.text.inverse.accent-minor-gradient": [
        "#FFFFFF"
    ],
    "dark.text.inverse.accent-minor-gradient-hover": [
        "#CCCCCCFF"
    ],
    "dark.text.inverse.accent-minor-gradient-active": [
        "#E6E6E6FF"
    ],
    "dark.text.inverse.promo-gradient": [
        "#FFFFFF"
    ],
    "dark.text.inverse.promo-gradient-hover": [
        "#CCCCCCFF"
    ],
    "dark.text.inverse.promo-gradient-active": [
        "#E6E6E6FF"
    ],
    "dark.text.inverse.promo-minor-gradient": [
        "#FFFFFF"
    ],
    "dark.text.inverse.promo-minor-gradient-hover": [
        "#CCCCCCFF"
    ],
    "dark.text.inverse.promo-minor-gradient-active": [
        "#E6E6E6FF"
    ],
    "dark.text.inverse.accent-gradient": [
        "linear-gradient(45deg, #0D8523FF 0%, #0DA8ABFF 100%)"
    ],
    "dark.surface.default.accent-gradient-hover": [
        "#FFFFFFFF"
    ],
    "dark.surface.default.accent-gradient-active": [
        "#FFFFFFFF"
    ],
    "dark.surface.default.accent-minor-gradient": [
        "#FFFFFF"
    ],
    "dark.surface.default.accent-minor-gradient-hover": [
        "#FFFFFFFF"
    ],
    "dark.surface.default.accent-minor-gradient-active": [
        "#FFFFFFFF"
    ],
    "dark.surface.default.transparent-accent-gradient": [
        "#FFFFFF"
    ],
    "dark.surface.default.transparent-accent-gradient-hover": [
        "#FFFFFFFF"
    ],
    "dark.surface.default.transparent-accent-gradient-active": [
        "#FFFFFFFF"
    ],
    "dark.surface.default.promo-gradient": [
        "#FFFFFF"
    ],
    "dark.surface.default.promo-gradient-hover": [
        "#FFFFFFFF"
    ],
    "dark.surface.default.promo-gradient-active": [
        "#FFFFFFFF"
    ],
    "dark.surface.default.promo-minor-gradient": [
        "#FFFFFF"
    ],
    "dark.surface.default.promo-minor-gradient-hover": [
        "#FFFFFFFF"
    ],
    "dark.surface.default.promo-minor-gradient-active": [
        "#FFFFFFFF"
    ],
    "dark.surface.default.transparent-promo-gradient": [
        "#FFFFFF"
    ],
    "dark.surface.default.transparent-promo-gradient-hover": [
        "#FFFFFFFF"
    ],
    "dark.surface.default.transparent-promo-gradient-active": [
        "#FFFFFFFF"
    ],
    "dark.surface.default.accent-gradient": [
        "linear-gradient(45deg, #1A9E32FF 0%, #04C6C9FF 100%)"
    ],
    "dark.surface.default.skeleton-gradient": [
        "linear-gradient(90deg, #FFFFFF17 0%, #FFFFFF14 6.25%, #FFFFFF0D 12.5%, #FFFFFF03 25%, #FFFFFF0D 37.5%, #FFFFFF14 43.75%, #FFFFFF17 50%, #FFFFFF14 56.25%, #FFFFFF0D 62.5%, #FFFFFF03 75%, #FFFFFF0D 87.5%, #FFFFFF14 93.75%, #FFFFFF17 100%)"
    ],
    "dark.surface.default.skeleton-gradient-hover": [
        "#FFFFFFFF"
    ],
    "dark.surface.default.skeleton-gradient-active": [
        "#FFFFFFFF"
    ],
    "dark.surface.default.skeleton-deep-gradient": [
        "linear-gradient(90deg, #FFFFFF5C 0%, #FFFFFF52 6.25%, #FFFFFF33 12.5%, #FFFFFF0A 25%, #FFFFFF33 37.5%, #FFFFFF52 43.75%, #FFFFFF5C 50%, #FFFFFF14 56.25%, #FFFFFF33 62.5%, #FFFFFF0A 75%, #FFFFFF33 87.5%, #FFFFFF52 93.75%, #FFFFFF5C 100%)"
    ],
    "dark.surface.default.skeleton-deep-gradient-hover": [
        "#FFFFFFFF"
    ],
    "dark.surface.default.skeleton-deep-gradient-active": [
        "#FFFFFFFF"
    ],
    "dark.surface.on-dark.accent-gradient": [
        "#FFFFFF"
    ],
    "dark.surface.on-dark.accent-gradient-hover": [
        "#FFFFFFFF"
    ],
    "dark.surface.on-dark.accent-gradient-active": [
        "#FFFFFFFF"
    ],
    "dark.surface.on-dark.accent-minor-gradient": [
        "#FFFFFF"
    ],
    "dark.surface.on-dark.accent-minor-gradient-hover": [
        "#FFFFFFFF"
    ],
    "dark.surface.on-dark.accent-minor-gradient-active": [
        "#FFFFFFFF"
    ],
    "dark.surface.on-dark.transparent-accent-gradient": [
        "#FFFFFF"
    ],
    "dark.surface.on-dark.transparent-accent-gradient-hover": [
        "#FFFFFFFF"
    ],
    "dark.surface.on-dark.transparent-accent-gradient-active": [
        "#FFFFFFFF"
    ],
    "dark.surface.on-dark.promo-gradient": [
        "#FFFFFF"
    ],
    "dark.surface.on-dark.promo-gradient-hover": [
        "#FFFFFFFF"
    ],
    "dark.surface.on-dark.promo-gradient-active": [
        "#FFFFFFFF"
    ],
    "dark.surface.on-dark.promo-minor-gradient": [
        "#FFFFFF"
    ],
    "dark.surface.on-dark.promo-minor-gradient-hover": [
        "#FFFFFFFF"
    ],
    "dark.surface.on-dark.promo-minor-gradient-active": [
        "#FFFFFFFF"
    ],
    "dark.surface.on-dark.transparent-promo-gradient": [
        "#FFFFFF"
    ],
    "dark.surface.on-dark.transparent-promo-gradient-hover": [
        "#FFFFFFFF"
    ],
    "dark.surface.on-dark.transparent-promo-gradient-active": [
        "#FFFFFFFF"
    ],
    "dark.surface.on-dark.skeleton-gradient": [
        "linear-gradient(90deg, #FFFFFF17 0%, #FFFFFF14 6.25%, #FFFFFF0D 12.5%, #FFFFFF03 25%, #FFFFFF0D 37.5%, #FFFFFF14 43.75%, #FFFFFF17 50%, #FFFFFF14 56.25%, #FFFFFF0D 62.5%, #FFFFFF03 75%, #FFFFFF0D 87.5%, #FFFFFF14 93.75%, #FFFFFF17 100%)"
    ],
    "dark.surface.on-dark.skeleton-gradient-hover": [
        "#FFFFFFFF"
    ],
    "dark.surface.on-dark.skeleton-gradient-active": [
        "#FFFFFFFF"
    ],
    "dark.surface.on-dark.skeleton-deep-gradient": [
        "linear-gradient(90deg, #FFFFFF5C 0%, #FFFFFF52 6.25%, #FFFFFF33 12.5%, #FFFFFF0A 25%, #FFFFFF33 37.5%, #FFFFFF52 43.75%, #FFFFFF5C 50%, #FFFFFF14 56.25%, #FFFFFF33 62.5%, #FFFFFF0A 75%, #FFFFFF33 87.5%, #FFFFFF52 93.75%, #FFFFFF5C 100%)"
    ],
    "dark.surface.on-dark.skeleton-deep-gradient-hover": [
        "#FFFFFFFF"
    ],
    "dark.surface.on-dark.skeleton-deep-gradient-active": [
        "#FFFFFFFF"
    ],
    "dark.surface.on-light.accent-gradient-hover": [
        "#FFFFFFFF"
    ],
    "dark.surface.on-light.accent-gradient-active": [
        "#FFFFFFFF"
    ],
    "dark.surface.on-light.accent-minor-gradient": [
        "#FFFFFF"
    ],
    "dark.surface.on-light.accent-minor-gradient-hover": [
        "#FFFFFFFF"
    ],
    "dark.surface.on-light.accent-minor-gradient-active": [
        "#FFFFFFFF"
    ],
    "dark.surface.on-light.transparent-accent-gradient": [
        "#FFFFFF"
    ],
    "dark.surface.on-light.transparent-accent-gradient-hover": [
        "#FFFFFFFF"
    ],
    "dark.surface.on-light.transparent-accent-gradient-active": [
        "#FFFFFFFF"
    ],
    "dark.surface.on-light.promo-gradient": [
        "#FFFFFF"
    ],
    "dark.surface.on-light.promo-gradient-hover": [
        "#FFFFFFFF"
    ],
    "dark.surface.on-light.promo-gradient-active": [
        "#FFFFFFFF"
    ],
    "dark.surface.on-light.promo-minor-gradient": [
        "#FFFFFF"
    ],
    "dark.surface.on-light.promo-minor-gradient-hover": [
        "#FFFFFFFF"
    ],
    "dark.surface.on-light.promo-minor-gradient-active": [
        "#FFFFFFFF"
    ],
    "dark.surface.on-light.transparent-promo-gradient": [
        "#FFFFFF"
    ],
    "dark.surface.on-light.transparent-promo-gradient-hover": [
        "#FFFFFFFF"
    ],
    "dark.surface.on-light.transparent-promo-gradient-active": [
        "#FFFFFFFF"
    ],
    "dark.surface.on-light.accent-gradient": [
        "linear-gradient(45deg, #1A9E32FF 0%, #04C6C9FF 100%)"
    ],
    "dark.surface.on-light.skeleton-gradient": [
        "linear-gradient(90deg, #08080817 0%, #08080814 6.25%, #0808080D 12.5%, #08080803 25%, #0808080D 37.5%, #08080814 43.75%, #08080817 50%, #08080814 56.25%, #0808080D 62.5%, #08080803 75%, #0808080D 87.5%, #08080814 93.75%, #08080817 100%)"
    ],
    "dark.surface.on-light.skeleton-gradient-hover": [
        "#FFFFFFFF"
    ],
    "dark.surface.on-light.skeleton-gradient-active": [
        "#FFFFFFFF"
    ],
    "dark.surface.on-light.skeleton-deep-gradient": [
        "linear-gradient(90deg, #0808085C 0%, #08080852 6.25%, #08080833 12.5%, #0808080A 25%, #08080833 37.5%, #08080852 43.75%, #0808085C 50%, #08080814 56.25%, #08080833 62.5%, #0808080A 75%, #08080833 87.5%, #08080852 93.75%, #0808085C 100%)"
    ],
    "dark.surface.on-light.skeleton-deep-gradient-hover": [
        "#FFFFFFFF"
    ],
    "dark.surface.on-light.skeleton-deep-gradient-active": [
        "#FFFFFFFF"
    ],
    "dark.surface.inverse.accent-gradient-hover": [
        "#FFFFFFFF"
    ],
    "dark.surface.inverse.accent-gradient-active": [
        "#FFFFFFFF"
    ],
    "dark.surface.inverse.accent-minor-gradient": [
        "#FFFFFF"
    ],
    "dark.surface.inverse.accent-minor-gradient-hover": [
        "#FFFFFFFF"
    ],
    "dark.surface.inverse.accent-minor-gradient-active": [
        "#FFFFFFFF"
    ],
    "dark.surface.inverse.transparent-accent-gradient": [
        "#FFFFFF"
    ],
    "dark.surface.inverse.transparent-accent-gradient-hover": [
        "#FFFFFFFF"
    ],
    "dark.surface.inverse.transparent-accent-gradient-active": [
        "#FFFFFFFF"
    ],
    "dark.surface.inverse.promo-gradient": [
        "#FFFFFF"
    ],
    "dark.surface.inverse.promo-gradient-hover": [
        "#FFFFFFFF"
    ],
    "dark.surface.inverse.promo-gradient-active": [
        "#FFFFFFFF"
    ],
    "dark.surface.inverse.promo-minor-gradient": [
        "#FFFFFF"
    ],
    "dark.surface.inverse.promo-minor-gradient-hover": [
        "#FFFFFFFF"
    ],
    "dark.surface.inverse.promo-minor-gradient-active": [
        "#FFFFFFFF"
    ],
    "dark.surface.inverse.transparent-promo-gradient": [
        "#FFFFFF"
    ],
    "dark.surface.inverse.transparent-promo-gradient-hover": [
        "#FFFFFFFF"
    ],
    "dark.surface.inverse.transparent-promo-gradient-active": [
        "#FFFFFFFF"
    ],
    "dark.surface.inverse.accent-gradient": [
        "linear-gradient(45deg, #1A9E32FF 0%, #04C6C9FF 100%)"
    ],
    "dark.surface.inverse.skeleton-gradient": [
        "linear-gradient(90deg, #08080817 0%, #08080814 6.25%, #0808080D 12.5%, #08080803 25%, #0808080D 37.5%, #08080814 43.75%, #08080817 50%, #08080814 56.25%, #0808080D 62.5%, #08080803 75%, #0808080D 87.5%, #08080814 93.75%, #08080817 100%)"
    ],
    "dark.surface.inverse.skeleton-gradient-hover": [
        "#FFFFFFFF"
    ],
    "dark.surface.inverse.skeleton-gradient-active": [
        "#FFFFFFFF"
    ],
    "dark.surface.inverse.skeleton-deep-gradient": [
        "linear-gradient(90deg, #0808085C 0%, #08080852 6.25%, #08080833 12.5%, #0808080A 25%, #08080833 37.5%, #08080852 43.75%, #0808085C 50%, #08080814 56.25%, #08080833 62.5%, #0808080A 75%, #08080833 87.5%, #08080852 93.75%, #0808085C 100%)"
    ],
    "dark.surface.inverse.skeleton-deep-gradient-hover": [
        "#FFFFFFFF"
    ],
    "dark.surface.inverse.skeleton-deep-gradient-active": [
        "#FFFFFFFF"
    ],
    "dark.overlay.default.gradient-up": [
        "linear-gradient(0deg, #00000000 0%, #00000003 0.77%, #0000000A 1.54%, #00000014 2.31%, #00000026 3.08%, #0000003B 3.86%, #00000054 4.63%, #00000070 5.4%, #0000008F 6.17%, #000000AB 6.94%, #000000C4 7.71%, #000000D9 8.48%, #000000EB 9.25%, #000000F5 10.02%, #000000FC 10.8%, #000000FF 11.57%)"
    ],
    "dark.overlay.default.gradient-down": [
        "linear-gradient(180deg, #00000000 0%, #00000003 0.95%, #0000000A 1.9%, #00000014 2.86%, #00000026 3.81%, #0000003B 4.76%, #00000054 5.71%, #00000070 6.67%, #0000008F 7.62%, #000000AB 8.57%, #000000C4 9.52%, #000000D9 10.48%, #000000EB 11.43%, #000000F5 12.38%, #000000FC 13.33%, #000000FF 14.29%)"
    ],
    "dark.overlay.on-dark.gradient-up": [
        "linear-gradient(0deg, #00000000 0%, #00000003 0.77%, #0000000A 1.54%, #00000014 2.31%, #00000026 3.08%, #0000003B 3.86%, #00000054 4.63%, #00000070 5.4%, #0000008F 6.17%, #000000AB 6.94%, #000000C4 7.71%, #000000D9 8.48%, #000000EB 9.25%, #000000F5 10.02%, #000000FC 10.8%, #000000FF 11.57%)"
    ],
    "dark.overlay.on-dark.gradient-down": [
        "linear-gradient(180deg, #00000000 0%, #00000003 0.95%, #0000000A 1.9%, #00000014 2.86%, #00000026 3.81%, #0000003B 4.76%, #00000054 5.71%, #00000070 6.67%, #0000008F 7.62%, #000000AB 8.57%, #000000C4 9.52%, #000000D9 10.48%, #000000EB 11.43%, #000000F5 12.38%, #000000FC 13.33%, #000000FF 14.29%)"
    ],
    "dark.overlay.on-light.gradient-up": [
        "linear-gradient(0deg, #FFFFFF00 0%, #FFFFFF03 0.77%, #FFFFFF0A 1.54%, #FFFFFF14 2.31%, #FFFFFF26 3.08%, #FFFFFF3B 3.86%, #FFFFFF54 4.63%, #FFFFFF70 5.4%, #FFFFFF8F 6.17%, #FFFFFFAB 6.94%, #FFFFFFC4 7.71%, #FFFFFFD9 8.48%, #FFFFFFEB 9.25%, #FFFFFFF5 10.02%, #FFFFFFFC 10.8%, #FFFFFFFF 11.57%)"
    ],
    "dark.overlay.on-light.gradient-down": [
        "linear-gradient(180deg, #FFFFFF00 0%, #FFFFFF03 0.95%, #FFFFFF0A 1.9%, #FFFFFF14 2.86%, #FFFFFF26 3.81%, #FFFFFF3B 4.76%, #FFFFFF54 5.71%, #FFFFFF70 6.67%, #FFFFFF8F 7.62%, #FFFFFFAB 8.57%, #FFFFFFC4 9.52%, #FFFFFFD9 10.48%, #FFFFFFEB 11.43%, #FFFFFFF5 12.38%, #FFFFFFFC 13.33%, #FFFFFFFF 14.29%)"
    ],
    "dark.overlay.inverse.gradient-up": [
        "linear-gradient(0deg, #FFFFFF00 0%, #FFFFFF03 0.77%, #FFFFFF0A 1.54%, #FFFFFF14 2.31%, #FFFFFF26 3.08%, #FFFFFF3B 3.86%, #FFFFFF54 4.63%, #FFFFFF70 5.4%, #FFFFFF8F 6.17%, #FFFFFFAB 6.94%, #FFFFFFC4 7.71%, #FFFFFFD9 8.48%, #FFFFFFEB 9.25%, #FFFFFFF5 10.02%, #FFFFFFFC 10.8%, #FFFFFFFF 11.57%)"
    ],
    "dark.overlay.inverse.gradient-down": [
        "linear-gradient(180deg, #FFFFFF00 0%, #FFFFFF03 0.95%, #FFFFFF0A 1.9%, #FFFFFF14 2.86%, #FFFFFF26 3.81%, #FFFFFF3B 4.76%, #FFFFFF54 5.71%, #FFFFFF70 6.67%, #FFFFFF8F 7.62%, #FFFFFFAB 8.57%, #FFFFFFC4 9.52%, #FFFFFFD9 10.48%, #FFFFFFEB 11.43%, #FFFFFFF5 12.38%, #FFFFFFFC 13.33%, #FFFFFFFF 14.29%)"
    ],
    "dark.outline.default.accent-gradient-hover": [
        "#CCCCCCFF"
    ],
    "dark.outline.default.accent-gradient-active": [
        "#E6E6E6FF"
    ],
    "dark.outline.default.accent-minor-gradient": [
        "#FFFFFF"
    ],
    "dark.outline.default.accent-minor-gradient-hover": [
        "#CCCCCCFF"
    ],
    "dark.outline.default.accent-minor-gradient-active": [
        "#E6E6E6FF"
    ],
    "dark.outline.default.transparent-accent-gradient": [
        "#FFFFFF"
    ],
    "dark.outline.default.transparent-accent-gradient-hover": [
        "#CCCCCCFF"
    ],
    "dark.outline.default.transparent-accent-gradient-active": [
        "#E6E6E6FF"
    ],
    "dark.outline.default.promo-gradient": [
        "#FFFFFF"
    ],
    "dark.outline.default.promo-gradient-hover": [
        "#CCCCCCFF"
    ],
    "dark.outline.default.promo-gradient-active": [
        "#E6E6E6FF"
    ],
    "dark.outline.default.promo-minor-gradient": [
        "#FFFFFF"
    ],
    "dark.outline.default.promo-minor-gradient-hover": [
        "#CCCCCCFF"
    ],
    "dark.outline.default.promo-minor-gradient-active": [
        "#E6E6E6FF"
    ],
    "dark.outline.default.accent-gradient": [
        "linear-gradient(45deg, #1A9E32FF 0%, #04C6C9FF 100%)"
    ],
    "dark.outline.on-dark.accent-gradient-hover": [
        "#CCCCCCFF"
    ],
    "dark.outline.on-dark.accent-gradient-active": [
        "#E6E6E6FF"
    ],
    "dark.outline.on-dark.accent-minor-gradient": [
        "#FFFFFF"
    ],
    "dark.outline.on-dark.accent-minor-gradient-hover": [
        "#CCCCCCFF"
    ],
    "dark.outline.on-dark.accent-minor-gradient-active": [
        "#E6E6E6FF"
    ],
    "dark.outline.on-dark.transparent-accent-gradient": [
        "#FFFFFF"
    ],
    "dark.outline.on-dark.transparent-accent-gradient-hover": [
        "#CCCCCCFF"
    ],
    "dark.outline.on-dark.transparent-accent-gradient-active": [
        "#E6E6E6FF"
    ],
    "dark.outline.on-dark.promo-gradient": [
        "#FFFFFF"
    ],
    "dark.outline.on-dark.promo-gradient-hover": [
        "#CCCCCCFF"
    ],
    "dark.outline.on-dark.promo-gradient-active": [
        "#E6E6E6FF"
    ],
    "dark.outline.on-dark.promo-minor-gradient": [
        "#FFFFFF"
    ],
    "dark.outline.on-dark.promo-minor-gradient-hover": [
        "#CCCCCCFF"
    ],
    "dark.outline.on-dark.promo-minor-gradient-active": [
        "#E6E6E6FF"
    ],
    "dark.outline.on-dark.accent-gradient": [
        "linear-gradient(45deg, #1A9E32FF 0%, #04C6C9FF 100%)"
    ],
    "dark.outline.on-light.accent-gradient-hover": [
        "#CCCCCCFF"
    ],
    "dark.outline.on-light.accent-gradient-active": [
        "#E6E6E6FF"
    ],
    "dark.outline.on-light.accent-minor-gradient": [
        "#FFFFFF"
    ],
    "dark.outline.on-light.accent-minor-gradient-hover": [
        "#CCCCCCFF"
    ],
    "dark.outline.on-light.accent-minor-gradient-active": [
        "#E6E6E6FF"
    ],
    "dark.outline.on-light.transparent-accent-gradient": [
        "#FFFFFF"
    ],
    "dark.outline.on-light.transparent-accent-gradient-hover": [
        "#CCCCCCFF"
    ],
    "dark.outline.on-light.transparent-accent-gradient-active": [
        "#E6E6E6FF"
    ],
    "dark.outline.on-light.promo-gradient": [
        "#FFFFFF"
    ],
    "dark.outline.on-light.promo-gradient-hover": [
        "#CCCCCCFF"
    ],
    "dark.outline.on-light.promo-gradient-active": [
        "#E6E6E6FF"
    ],
    "dark.outline.on-light.promo-minor-gradient": [
        "#FFFFFF"
    ],
    "dark.outline.on-light.promo-minor-gradient-hover": [
        "#CCCCCCFF"
    ],
    "dark.outline.on-light.promo-minor-gradient-active": [
        "#E6E6E6FF"
    ],
    "dark.outline.on-light.accent-gradient": [
        "linear-gradient(45deg, #0D8523FF 0%, #0DA8ABFF 100%)"
    ],
    "dark.outline.inverse.accent-gradient-hover": [
        "#CCCCCCFF"
    ],
    "dark.outline.inverse.accent-gradient-active": [
        "#E6E6E6FF"
    ],
    "dark.outline.inverse.accent-minor-gradient": [
        "#FFFFFF"
    ],
    "dark.outline.inverse.accent-minor-gradient-hover": [
        "#CCCCCCFF"
    ],
    "dark.outline.inverse.accent-minor-gradient-active": [
        "#E6E6E6FF"
    ],
    "dark.outline.inverse.transparent-accent-gradient": [
        "#FFFFFF"
    ],
    "dark.outline.inverse.transparent-accent-gradient-hover": [
        "#CCCCCCFF"
    ],
    "dark.outline.inverse.transparent-accent-gradient-active": [
        "#E6E6E6FF"
    ],
    "dark.outline.inverse.promo-gradient": [
        "#FFFFFF"
    ],
    "dark.outline.inverse.promo-gradient-hover": [
        "#CCCCCCFF"
    ],
    "dark.outline.inverse.promo-gradient-active": [
        "#E6E6E6FF"
    ],
    "dark.outline.inverse.promo-minor-gradient": [
        "#FFFFFF"
    ],
    "dark.outline.inverse.promo-minor-gradient-hover": [
        "#CCCCCCFF"
    ],
    "dark.outline.inverse.promo-minor-gradient-active": [
        "#E6E6E6FF"
    ],
    "dark.outline.inverse.accent-gradient": [
        "linear-gradient(45deg, #0D8523FF 0%, #0DA8ABFF 100%)"
    ],
    "light.text.default.accent-gradient-hover": [
        "#FFFFFFFF"
    ],
    "light.text.default.accent-gradient-active": [
        "#CCCCCCFF"
    ],
    "light.text.default.accent-minor-gradient": [
        "#FFFFFF"
    ],
    "light.text.default.accent-minor-gradient-hover": [
        "#FFFFFFFF"
    ],
    "light.text.default.accent-minor-gradient-active": [
        "#CCCCCCFF"
    ],
    "light.text.default.promo-gradient": [
        "#FFFFFF"
    ],
    "light.text.default.promo-gradient-hover": [
        "#FFFFFFFF"
    ],
    "light.text.default.promo-gradient-active": [
        "#CCCCCCFF"
    ],
    "light.text.default.promo-minor-gradient": [
        "#FFFFFF"
    ],
    "light.text.default.promo-minor-gradient-hover": [
        "#FFFFFFFF"
    ],
    "light.text.default.promo-minor-gradient-active": [
        "#CCCCCCFF"
    ],
    "light.text.default.accent-gradient": [
        "linear-gradient(45deg, #0D8523FF 0%, #0DA8ABFF 100%)"
    ],
    "light.text.on-dark.accent-gradient-hover": [
        "#FFFFFFFF"
    ],
    "light.text.on-dark.accent-gradient-active": [
        "#CCCCCCFF"
    ],
    "light.text.on-dark.accent-minor-gradient": [
        "#FFFFFF"
    ],
    "light.text.on-dark.accent-minor-gradient-hover": [
        "#FFFFFFFF"
    ],
    "light.text.on-dark.accent-minor-gradient-active": [
        "#CCCCCCFF"
    ],
    "light.text.on-dark.promo-gradient": [
        "#FFFFFF"
    ],
    "light.text.on-dark.promo-gradient-hover": [
        "#FFFFFFFF"
    ],
    "light.text.on-dark.promo-gradient-active": [
        "#CCCCCCFF"
    ],
    "light.text.on-dark.promo-minor-gradient": [
        "#FFFFFF"
    ],
    "light.text.on-dark.promo-minor-gradient-hover": [
        "#FFFFFFFF"
    ],
    "light.text.on-dark.promo-minor-gradient-active": [
        "#CCCCCCFF"
    ],
    "light.text.on-dark.accent-gradient": [
        "linear-gradient(45deg, #1A9E32FF 0%, #04C6C9FF 100%)"
    ],
    "light.text.on-light.accent-gradient-hover": [
        "#FFFFFFFF"
    ],
    "light.text.on-light.accent-gradient-active": [
        "#CCCCCCFF"
    ],
    "light.text.on-light.accent-minor-gradient": [
        "#FFFFFF"
    ],
    "light.text.on-light.accent-minor-gradient-hover": [
        "#FFFFFFFF"
    ],
    "light.text.on-light.accent-minor-gradient-active": [
        "#CCCCCCFF"
    ],
    "light.text.on-light.promo-gradient": [
        "#FFFFFF"
    ],
    "light.text.on-light.promo-gradient-hover": [
        "#FFFFFFFF"
    ],
    "light.text.on-light.promo-gradient-active": [
        "#CCCCCCFF"
    ],
    "light.text.on-light.promo-minor-gradient": [
        "#FFFFFF"
    ],
    "light.text.on-light.promo-minor-gradient-hover": [
        "#FFFFFFFF"
    ],
    "light.text.on-light.promo-minor-gradient-active": [
        "#CCCCCCFF"
    ],
    "light.text.on-light.accent-gradient": [
        "linear-gradient(45deg, #0D8523FF 0%, #0DA8ABFF 100%)"
    ],
    "light.text.inverse.accent-gradient-hover": [
        "#FFFFFFFF"
    ],
    "light.text.inverse.accent-gradient-active": [
        "#CCCCCCFF"
    ],
    "light.text.inverse.accent-minor-gradient": [
        "#FFFFFF"
    ],
    "light.text.inverse.accent-minor-gradient-hover": [
        "#FFFFFFFF"
    ],
    "light.text.inverse.accent-minor-gradient-active": [
        "#CCCCCCFF"
    ],
    "light.text.inverse.promo-gradient": [
        "#FFFFFF"
    ],
    "light.text.inverse.promo-gradient-hover": [
        "#FFFFFFFF"
    ],
    "light.text.inverse.promo-gradient-active": [
        "#CCCCCCFF"
    ],
    "light.text.inverse.promo-minor-gradient": [
        "#FFFFFF"
    ],
    "light.text.inverse.promo-minor-gradient-hover": [
        "#FFFFFFFF"
    ],
    "light.text.inverse.promo-minor-gradient-active": [
        "#CCCCCCFF"
    ],
    "light.text.inverse.accent-gradient": [
        "linear-gradient(45deg, #1A9E32FF 0%, #04C6C9FF 100%)"
    ],
    "light.surface.default.accent-gradient-hover": [
        "#FFFFFFFF"
    ],
    "light.surface.default.accent-gradient-active": [
        "#FFFFFFFF"
    ],
    "light.surface.default.accent-minor-gradient": [
        "#FFFFFF"
    ],
    "light.surface.default.accent-minor-gradient-hover": [
        "#FFFFFFFF"
    ],
    "light.surface.default.accent-minor-gradient-active": [
        "#FFFFFFFF"
    ],
    "light.surface.default.transparent-accent-gradient": [
        "#FFFFFF"
    ],
    "light.surface.default.transparent-accent-gradient-hover": [
        "#FFFFFFFF"
    ],
    "light.surface.default.transparent-accent-gradient-active": [
        "#FFFFFFFF"
    ],
    "light.surface.default.promo-gradient": [
        "#FFFFFF"
    ],
    "light.surface.default.promo-gradient-hover": [
        "#FFFFFFFF"
    ],
    "light.surface.default.promo-gradient-active": [
        "#FFFFFFFF"
    ],
    "light.surface.default.promo-minor-gradient": [
        "#FFFFFF"
    ],
    "light.surface.default.promo-minor-gradient-hover": [
        "#FFFFFFFF"
    ],
    "light.surface.default.promo-minor-gradient-active": [
        "#FFFFFFFF"
    ],
    "light.surface.default.transparent-promo-gradient": [
        "#FFFFFF"
    ],
    "light.surface.default.transparent-promo-gradient-hover": [
        "#FFFFFFFF"
    ],
    "light.surface.default.transparent-promo-gradient-active": [
        "#FFFFFFFF"
    ],
    "light.surface.default.accent-gradient": [
        "linear-gradient(45deg, #1A9E32FF 0%, #04C6C9FF 100%)"
    ],
    "light.surface.default.skeleton-gradient": [
        "linear-gradient(90deg, #08080817 0%, #08080814 6.25%, #0808080D 12.5%, #08080803 25%, #0808080D 37.5%, #08080814 43.75%, #08080817 50%, #08080814 56.25%, #0808080D 62.5%, #08080803 75%, #0808080D 87.5%, #08080814 93.75%, #08080817 100%)"
    ],
    "light.surface.default.skeleton-gradient-hover": [
        "#FFFFFFFF"
    ],
    "light.surface.default.skeleton-gradient-active": [
        "#FFFFFFFF"
    ],
    "light.surface.default.skeleton-deep-gradient": [
        "linear-gradient(90deg, #0808085C 0%, #08080852 6.25%, #08080833 12.5%, #0808080A 25%, #08080833 37.5%, #08080852 43.75%, #0808085C 50%, #08080814 56.25%, #08080833 62.5%, #0808080A 75%, #08080833 87.5%, #08080852 93.75%, #0808085C 100%)"
    ],
    "light.surface.default.skeleton-deep-gradient-hover": [
        "#FFFFFFFF"
    ],
    "light.surface.default.skeleton-deep-gradient-active": [
        "#FFFFFFFF"
    ],
    "light.surface.on-dark.accent-gradient-hover": [
        "#FFFFFFFF"
    ],
    "light.surface.on-dark.accent-gradient-active": [
        "#FFFFFFFF"
    ],
    "light.surface.on-dark.accent-minor-gradient": [
        "#FFFFFF"
    ],
    "light.surface.on-dark.accent-minor-gradient-hover": [
        "#FFFFFFFF"
    ],
    "light.surface.on-dark.accent-minor-gradient-active": [
        "#FFFFFFFF"
    ],
    "light.surface.on-dark.transparent-accent-gradient": [
        "#FFFFFF"
    ],
    "light.surface.on-dark.transparent-accent-gradient-hover": [
        "#FFFFFFFF"
    ],
    "light.surface.on-dark.transparent-accent-gradient-active": [
        "#FFFFFFFF"
    ],
    "light.surface.on-dark.promo-gradient": [
        "#FFFFFF"
    ],
    "light.surface.on-dark.promo-gradient-hover": [
        "#FFFFFFFF"
    ],
    "light.surface.on-dark.promo-gradient-active": [
        "#FFFFFFFF"
    ],
    "light.surface.on-dark.promo-minor-gradient": [
        "#FFFFFF"
    ],
    "light.surface.on-dark.promo-minor-gradient-hover": [
        "#FFFFFFFF"
    ],
    "light.surface.on-dark.promo-minor-gradient-active": [
        "#FFFFFFFF"
    ],
    "light.surface.on-dark.transparent-promo-gradient": [
        "#FFFFFF"
    ],
    "light.surface.on-dark.transparent-promo-gradient-hover": [
        "#FFFFFFFF"
    ],
    "light.surface.on-dark.transparent-promo-gradient-active": [
        "#FFFFFFFF"
    ],
    "light.surface.on-dark.accent-gradient": [
        "linear-gradient(45deg, #1A9E32FF 0%, #04C6C9FF 100%)"
    ],
    "light.surface.on-dark.skeleton-gradient": [
        "linear-gradient(90deg, #FFFFFF17 0%, #FFFFFF14 6.25%, #FFFFFF0D 12.5%, #FFFFFF03 25%, #FFFFFF0D 37.5%, #FFFFFF14 43.75%, #FFFFFF17 50%, #FFFFFF14 56.25%, #FFFFFF0D 62.5%, #FFFFFF03 75%, #FFFFFF0D 87.5%, #FFFFFF14 93.75%, #FFFFFF17 100%)"
    ],
    "light.surface.on-dark.skeleton-gradient-hover": [
        "#FFFFFFFF"
    ],
    "light.surface.on-dark.skeleton-gradient-active": [
        "#FFFFFFFF"
    ],
    "light.surface.on-dark.skeleton-deep-gradient": [
        "linear-gradient(90deg, #FFFFFF5C 0%, #FFFFFF52 6.25%, #FFFFFF33 12.5%, #FFFFFF0A 25%, #FFFFFF33 37.5%, #FFFFFF52 43.75%, #FFFFFF5C 50%, #FFFFFF14 56.25%, #FFFFFF33 62.5%, #FFFFFF0A 75%, #FFFFFF33 87.5%, #FFFFFF52 93.75%, #FFFFFF5C 100%)"
    ],
    "light.surface.on-dark.skeleton-deep-gradient-hover": [
        "#FFFFFFFF"
    ],
    "light.surface.on-dark.skeleton-deep-gradient-active": [
        "#FFFFFFFF"
    ],
    "light.surface.on-light.accent-gradient-hover": [
        "#FFFFFFFF"
    ],
    "light.surface.on-light.accent-gradient-active": [
        "#FFFFFFFF"
    ],
    "light.surface.on-light.accent-minor-gradient": [
        "#FFFFFF"
    ],
    "light.surface.on-light.accent-minor-gradient-hover": [
        "#FFFFFFFF"
    ],
    "light.surface.on-light.accent-minor-gradient-active": [
        "#FFFFFFFF"
    ],
    "light.surface.on-light.transparent-accent-gradient": [
        "#FFFFFF"
    ],
    "light.surface.on-light.transparent-accent-gradient-hover": [
        "#FFFFFFFF"
    ],
    "light.surface.on-light.transparent-accent-gradient-active": [
        "#FFFFFFFF"
    ],
    "light.surface.on-light.promo-gradient": [
        "#FFFFFF"
    ],
    "light.surface.on-light.promo-gradient-hover": [
        "#FFFFFFFF"
    ],
    "light.surface.on-light.promo-gradient-active": [
        "#FFFFFFFF"
    ],
    "light.surface.on-light.promo-minor-gradient": [
        "#FFFFFF"
    ],
    "light.surface.on-light.promo-minor-gradient-hover": [
        "#FFFFFFFF"
    ],
    "light.surface.on-light.promo-minor-gradient-active": [
        "#FFFFFFFF"
    ],
    "light.surface.on-light.transparent-promo-gradient": [
        "#FFFFFF"
    ],
    "light.surface.on-light.transparent-promo-gradient-hover": [
        "#FFFFFFFF"
    ],
    "light.surface.on-light.transparent-promo-gradient-active": [
        "#FFFFFFFF"
    ],
    "light.surface.on-light.accent-gradient": [
        "linear-gradient(45deg, #1A9E32FF 0%, #04C6C9FF 100%)"
    ],
    "light.surface.on-light.skeleton-gradient": [
        "linear-gradient(90deg, #08080817 0%, #08080814 6.25%, #0808080D 12.5%, #08080803 25%, #0808080D 37.5%, #08080814 43.75%, #08080817 50%, #08080814 56.25%, #0808080D 62.5%, #08080803 75%, #0808080D 87.5%, #08080814 93.75%, #08080817 100%)"
    ],
    "light.surface.on-light.skeleton-gradient-hover": [
        "#FFFFFFFF"
    ],
    "light.surface.on-light.skeleton-gradient-active": [
        "#FFFFFFFF"
    ],
    "light.surface.on-light.skeleton-deep-gradient": [
        "linear-gradient(90deg, #0808085C 0%, #08080852 6.25%, #08080833 12.5%, #0808080A 25%, #08080833 37.5%, #08080852 43.75%, #0808085C 50%, #08080814 56.25%, #08080833 62.5%, #0808080A 75%, #08080833 87.5%, #08080852 93.75%, #0808085C 100%)"
    ],
    "light.surface.on-light.skeleton-deep-gradient-hover": [
        "#FFFFFFFF"
    ],
    "light.surface.on-light.skeleton-deep-gradient-active": [
        "#FFFFFFFF"
    ],
    "light.surface.inverse.accent-gradient-hover": [
        "#FFFFFFFF"
    ],
    "light.surface.inverse.accent-gradient-active": [
        "#FFFFFFFF"
    ],
    "light.surface.inverse.accent-minor-gradient": [
        "#FFFFFF"
    ],
    "light.surface.inverse.accent-minor-gradient-hover": [
        "#FFFFFFFF"
    ],
    "light.surface.inverse.accent-minor-gradient-active": [
        "#FFFFFFFF"
    ],
    "light.surface.inverse.transparent-accent-gradient": [
        "#FFFFFF"
    ],
    "light.surface.inverse.transparent-accent-gradient-hover": [
        "#FFFFFFFF"
    ],
    "light.surface.inverse.transparent-accent-gradient-active": [
        "#FFFFFFFF"
    ],
    "light.surface.inverse.promo-gradient": [
        "#FFFFFF"
    ],
    "light.surface.inverse.promo-gradient-hover": [
        "#FFFFFFFF"
    ],
    "light.surface.inverse.promo-gradient-active": [
        "#FFFFFFFF"
    ],
    "light.surface.inverse.promo-minor-gradient": [
        "#FFFFFF"
    ],
    "light.surface.inverse.promo-minor-gradient-hover": [
        "#FFFFFFFF"
    ],
    "light.surface.inverse.promo-minor-gradient-active": [
        "#FFFFFFFF"
    ],
    "light.surface.inverse.transparent-promo-gradient": [
        "#FFFFFF"
    ],
    "light.surface.inverse.transparent-promo-gradient-hover": [
        "#FFFFFFFF"
    ],
    "light.surface.inverse.transparent-promo-gradient-active": [
        "#FFFFFFFF"
    ],
    "light.surface.inverse.accent-gradient": [
        "linear-gradient(45deg, #1A9E32FF 0%, #04C6C9FF 100%)"
    ],
    "light.surface.inverse.skeleton-gradient": [
        "linear-gradient(90deg, #FFFFFF17 0%, #FFFFFF14 6.25%, #FFFFFF0D 12.5%, #FFFFFF03 25%, #FFFFFF0D 37.5%, #FFFFFF14 43.75%, #FFFFFF17 50%, #FFFFFF14 56.25%, #FFFFFF0D 62.5%, #FFFFFF03 75%, #FFFFFF0D 87.5%, #FFFFFF14 93.75%, #FFFFFF17 100%)"
    ],
    "light.surface.inverse.skeleton-gradient-hover": [
        "#FFFFFFFF"
    ],
    "light.surface.inverse.skeleton-gradient-active": [
        "#FFFFFFFF"
    ],
    "light.surface.inverse.skeleton-deep-gradient": [
        "linear-gradient(90deg, #FFFFFF5C 0%, #FFFFFF52 6.25%, #FFFFFF33 12.5%, #FFFFFF0A 25%, #FFFFFF33 37.5%, #FFFFFF52 43.75%, #FFFFFF5C 50%, #FFFFFF14 56.25%, #FFFFFF33 62.5%, #FFFFFF0A 75%, #FFFFFF33 87.5%, #FFFFFF52 93.75%, #FFFFFF5C 100%)"
    ],
    "light.surface.inverse.skeleton-deep-gradient-hover": [
        "#FFFFFFFF"
    ],
    "light.surface.inverse.skeleton-deep-gradient-active": [
        "#FFFFFFFF"
    ],
    "light.overlay.default.gradient-up": [
        "linear-gradient(0deg, #FFFFFF00 0%, #FFFFFF03 0.77%, #FFFFFF0A 1.54%, #FFFFFF14 2.31%, #FFFFFF26 3.08%, #FFFFFF3B 3.86%, #FFFFFF54 4.63%, #FFFFFF70 5.4%, #FFFFFF8F 6.17%, #FFFFFFAB 6.94%, #FFFFFFC4 7.71%, #FFFFFFD9 8.48%, #FFFFFFEB 9.25%, #FFFFFFF5 10.02%, #FFFFFFFC 10.8%, #FFFFFFFF 11.57%)"
    ],
    "light.overlay.default.gradient-down": [
        "linear-gradient(180deg, #FFFFFF00 0%, #FFFFFF03 0.95%, #FFFFFF0A 1.9%, #FFFFFF14 2.86%, #FFFFFF26 3.81%, #FFFFFF3B 4.76%, #FFFFFF54 5.71%, #FFFFFF70 6.67%, #FFFFFF8F 7.62%, #FFFFFFAB 8.57%, #FFFFFFC4 9.52%, #FFFFFFD9 10.48%, #FFFFFFEB 11.43%, #FFFFFFF5 12.38%, #FFFFFFFC 13.33%, #FFFFFFFF 14.29%)"
    ],
    "light.overlay.on-dark.gradient-up": [
        "linear-gradient(0deg, #00000000 0%, #00000003 0.77%, #0000000A 1.54%, #00000014 2.31%, #00000026 3.08%, #0000003B 3.86%, #00000054 4.63%, #00000070 5.4%, #0000008F 6.17%, #000000AB 6.94%, #000000C4 7.71%, #000000D9 8.48%, #000000EB 9.25%, #000000F5 10.02%, #000000FC 10.8%, #000000FF 11.57%)"
    ],
    "light.overlay.on-dark.gradient-down": [
        "linear-gradient(180deg, #00000000 0%, #00000003 0.95%, #0000000A 1.9%, #00000014 2.86%, #00000026 3.81%, #0000003B 4.76%, #00000054 5.71%, #00000070 6.67%, #0000008F 7.62%, #000000AB 8.57%, #000000C4 9.52%, #000000D9 10.48%, #000000EB 11.43%, #000000F5 12.38%, #000000FC 13.33%, #000000FF 14.29%)"
    ],
    "light.overlay.on-light.gradient-up": [
        "linear-gradient(0deg, #FFFFFF00 0%, #FFFFFF03 0.77%, #FFFFFF0A 1.54%, #FFFFFF14 2.31%, #FFFFFF26 3.08%, #FFFFFF3B 3.86%, #FFFFFF54 4.63%, #FFFFFF70 5.4%, #FFFFFF8F 6.17%, #FFFFFFAB 6.94%, #FFFFFFC4 7.71%, #FFFFFFD9 8.48%, #FFFFFFEB 9.25%, #FFFFFFF5 10.02%, #FFFFFFFC 10.8%, #FFFFFFFF 11.57%)"
    ],
    "light.overlay.on-light.gradient-down": [
        "linear-gradient(180deg, #FFFFFF00 0%, #FFFFFF03 0.95%, #FFFFFF0A 1.9%, #FFFFFF14 2.86%, #FFFFFF26 3.81%, #FFFFFF3B 4.76%, #FFFFFF54 5.71%, #FFFFFF70 6.67%, #FFFFFF8F 7.62%, #FFFFFFAB 8.57%, #FFFFFFC4 9.52%, #FFFFFFD9 10.48%, #FFFFFFEB 11.43%, #FFFFFFF5 12.38%, #FFFFFFFC 13.33%, #FFFFFFFF 14.29%)"
    ],
    "light.overlay.inverse.gradient-up": [
        "linear-gradient(0deg, #00000000 0%, #00000003 0.77%, #0000000A 1.54%, #00000014 2.31%, #00000026 3.08%, #0000003B 3.86%, #00000054 4.63%, #00000070 5.4%, #0000008F 6.17%, #000000AB 6.94%, #000000C4 7.71%, #000000D9 8.48%, #000000EB 9.25%, #000000F5 10.02%, #000000FC 10.8%, #000000FF 11.57%)"
    ],
    "light.overlay.inverse.gradient-down": [
        "linear-gradient(180deg, #00000000 0%, #00000003 0.95%, #0000000A 1.9%, #00000014 2.86%, #00000026 3.81%, #0000003B 4.76%, #00000054 5.71%, #00000070 6.67%, #0000008F 7.62%, #000000AB 8.57%, #000000C4 9.52%, #000000D9 10.48%, #000000EB 11.43%, #000000F5 12.38%, #000000FC 13.33%, #000000FF 14.29%)"
    ],
    "light.outline.default.accent-gradient-hover": [
        "#FFFFFFFF"
    ],
    "light.outline.default.accent-gradient-active": [
        "#CCCCCCFF"
    ],
    "light.outline.default.accent-minor-gradient": [
        "#FFFFFF"
    ],
    "light.outline.default.accent-minor-gradient-hover": [
        "#FFFFFFFF"
    ],
    "light.outline.default.accent-minor-gradient-active": [
        "#CCCCCCFF"
    ],
    "light.outline.default.transparent-accent-gradient": [
        "#FFFFFF"
    ],
    "light.outline.default.transparent-accent-gradient-hover": [
        "#FFFFFFFF"
    ],
    "light.outline.default.transparent-accent-gradient-active": [
        "#CCCCCCFF"
    ],
    "light.outline.default.promo-gradient": [
        "#FFFFFF"
    ],
    "light.outline.default.promo-gradient-hover": [
        "#FFFFFFFF"
    ],
    "light.outline.default.promo-gradient-active": [
        "#CCCCCCFF"
    ],
    "light.outline.default.promo-minor-gradient": [
        "#FFFFFF"
    ],
    "light.outline.default.promo-minor-gradient-hover": [
        "#FFFFFFFF"
    ],
    "light.outline.default.promo-minor-gradient-active": [
        "#CCCCCCFF"
    ],
    "light.outline.default.accent-gradient": [
        "linear-gradient(45deg, #0D8523FF 0%, #0DA8ABFF 100%)"
    ],
    "light.outline.on-dark.accent-gradient-hover": [
        "#FFFFFFFF"
    ],
    "light.outline.on-dark.accent-gradient-active": [
        "#CCCCCCFF"
    ],
    "light.outline.on-dark.accent-minor-gradient": [
        "#FFFFFF"
    ],
    "light.outline.on-dark.accent-minor-gradient-hover": [
        "#FFFFFFFF"
    ],
    "light.outline.on-dark.accent-minor-gradient-active": [
        "#CCCCCCFF"
    ],
    "light.outline.on-dark.transparent-accent-gradient": [
        "#FFFFFF"
    ],
    "light.outline.on-dark.transparent-accent-gradient-hover": [
        "#FFFFFFFF"
    ],
    "light.outline.on-dark.transparent-accent-gradient-active": [
        "#CCCCCCFF"
    ],
    "light.outline.on-dark.promo-gradient": [
        "#FFFFFF"
    ],
    "light.outline.on-dark.promo-gradient-hover": [
        "#FFFFFFFF"
    ],
    "light.outline.on-dark.promo-gradient-active": [
        "#CCCCCCFF"
    ],
    "light.outline.on-dark.promo-minor-gradient": [
        "#FFFFFF"
    ],
    "light.outline.on-dark.promo-minor-gradient-hover": [
        "#FFFFFFFF"
    ],
    "light.outline.on-dark.promo-minor-gradient-active": [
        "#CCCCCCFF"
    ],
    "light.outline.on-dark.accent-gradient": [
        "linear-gradient(45deg, #1A9E32FF 0%, #04C6C9FF 100%)"
    ],
    "light.outline.on-light.accent-gradient-hover": [
        "#FFFFFFFF"
    ],
    "light.outline.on-light.accent-gradient-active": [
        "#CCCCCCFF"
    ],
    "light.outline.on-light.accent-minor-gradient": [
        "#FFFFFF"
    ],
    "light.outline.on-light.accent-minor-gradient-hover": [
        "#FFFFFFFF"
    ],
    "light.outline.on-light.accent-minor-gradient-active": [
        "#CCCCCCFF"
    ],
    "light.outline.on-light.transparent-accent-gradient": [
        "#FFFFFF"
    ],
    "light.outline.on-light.transparent-accent-gradient-hover": [
        "#FFFFFFFF"
    ],
    "light.outline.on-light.transparent-accent-gradient-active": [
        "#CCCCCCFF"
    ],
    "light.outline.on-light.promo-gradient": [
        "#FFFFFF"
    ],
    "light.outline.on-light.promo-gradient-hover": [
        "#FFFFFFFF"
    ],
    "light.outline.on-light.promo-gradient-active": [
        "#CCCCCCFF"
    ],
    "light.outline.on-light.promo-minor-gradient": [
        "#FFFFFF"
    ],
    "light.outline.on-light.promo-minor-gradient-hover": [
        "#FFFFFFFF"
    ],
    "light.outline.on-light.promo-minor-gradient-active": [
        "#CCCCCCFF"
    ],
    "light.outline.on-light.accent-gradient": [
        "linear-gradient(45deg, #0D8523FF 0%, #0DA8ABFF 100%)"
    ],
    "light.outline.inverse.accent-gradient-hover": [
        "#FFFFFFFF"
    ],
    "light.outline.inverse.accent-gradient-active": [
        "#CCCCCCFF"
    ],
    "light.outline.inverse.accent-minor-gradient": [
        "#FFFFFF"
    ],
    "light.outline.inverse.accent-minor-gradient-hover": [
        "#FFFFFFFF"
    ],
    "light.outline.inverse.accent-minor-gradient-active": [
        "#CCCCCCFF"
    ],
    "light.outline.inverse.transparent-accent-gradient": [
        "#FFFFFF"
    ],
    "light.outline.inverse.transparent-accent-gradient-hover": [
        "#FFFFFFFF"
    ],
    "light.outline.inverse.transparent-accent-gradient-active": [
        "#CCCCCCFF"
    ],
    "light.outline.inverse.promo-gradient": [
        "#FFFFFF"
    ],
    "light.outline.inverse.promo-gradient-hover": [
        "#FFFFFFFF"
    ],
    "light.outline.inverse.promo-gradient-active": [
        "#CCCCCCFF"
    ],
    "light.outline.inverse.promo-minor-gradient": [
        "#FFFFFF"
    ],
    "light.outline.inverse.promo-minor-gradient-hover": [
        "#FFFFFFFF"
    ],
    "light.outline.inverse.promo-minor-gradient-active": [
        "#CCCCCCFF"
    ],
    "light.outline.inverse.accent-gradient": [
        "linear-gradient(45deg, #1A9E32FF 0%, #04C6C9FF 100%)"
    ]
}