{
    "props": {
        "disableAlpha": {
            "type": "float",
            "value": 0.4
        },
        "iconColor": {
            "type": "color",
            "default": "text.default.primary",
            "states": [
                {
                    "state": [
                        "focused"
                    ],
                    "value": "text.inverse.primary"
                },
                {
                    "state": [
                        "pressed"
                    ],
                    "value": "text.default.primary-active"
                },
                {
                    "state": [
                        "hovered"
                    ],
                    "value": "text.default.primary-hover"
                }
            ]
        },
        "spinnerColor": {
            "type": "color",
            "default": "text.default.primary",
            "states": [
                {
                    "state": [
                        "focused"
                    ],
                    "value": "text.inverse.primary"
                },
                {
                    "state": [
                        "pressed"
                    ],
                    "value": "text.default.primary-active"
                },
                {
                    "state": [
                        "hovered"
                    ],
                    "value": "text.default.primary-hover"
                }
            ]
        },
        "labelColor": {
            "type": "color",
            "default": "text.default.primary",
            "states": [
                {
                    "state": [
                        "focused"
                    ],
                    "value": "text.inverse.primary"
                },
                {
                    "state": [
                        "pressed"
                    ],
                    "value": "text.default.primary-active"
                },
                {
                    "state": [
                        "hovered"
                    ],
                    "value": "text.default.primary-hover"
                }
            ]
        },
        "backgroundColor": {
            "type": "color",
            "default": "surface.default.transparent-secondary",
            "states": [
                {
                    "state": [
                        "focused"
                    ],
                    "value": "surface.default.solid-default"
                },
                {
                    "state": [
                        "pressed"
                    ],
                    "value": "surface.default.transparent-secondary-active"
                },
                {
                    "state": [
                        "hovered"
                    ],
                    "value": "surface.default.transparent-secondary-hover"
                }
            ]
        },
        "valueColor": {
            "type": "color",
            "default": "text.default.secondary",
            "states": [
                {
                    "state": [
                        "focused"
                    ],
                    "value": "text.inverse.secondary"
                },
                {
                    "state": [
                        "pressed"
                    ],
                    "value": "text.default.secondary-active"
                },
                {
                    "state": [
                        "hovered"
                    ],
                    "value": "text.default.secondary-hover"
                }
            ]
        },
        "loadingAlpha": {
            "type": "float",
            "value": 0
        }
    },
    "view": {
        "default": {
            "props": {
                "backgroundColor": {
                    "type": "color",
                    "default": "surface.default.transparent-secondary",
                    "states": [
                        {
                            "state": [
                                "focused"
                            ],
                            "value": "surface.default.solid-default"
                        },
                        {
                            "state": [
                                "pressed"
                            ],
                            "value": "surface.default.transparent-secondary-active"
                        },
                        {
                            "state": [
                                "hovered"
                            ],
                            "value": "surface.default.transparent-secondary-hover"
                        }
                    ]
                }
            }
        },
        "clear": {
            "props": {
                "backgroundColor": {
                    "type": "color",
                    "default": "surface.default.clear",
                    "states": [
                        {
                            "state": [
                                "focused"
                            ],
                            "value": "surface.default.solid-default"
                        },
                        {
                            "state": [
                                "pressed"
                            ],
                            "value": "surface.default.transparent-secondary-active"
                        },
                        {
                            "state": [
                                "hovered"
                            ],
                            "value": "surface.default.transparent-secondary-hover"
                        }
                    ]
                }
            }
        }
    },
    "variations": [
        {
            "id": "l",
            "parent": null,
            "props": {
                "shape": {
                    "type": "shape",
                    "value": "round.l",
                    "adjustment": -2
                },
                "labelStyle": {
                    "type": "typography",
                    "value": "body.l.bold"
                },
                "valueStyle": {
                    "type": "typography",
                    "value": "body.l.bold"
                },
                "height": {
                    "type": "dimension",
                    "value": 56
                },
                "paddingStart": {
                    "type": "dimension",
                    "value": 24
                },
                "paddingEnd": {
                    "type": "dimension",
                    "value": 24
                },
                "minWidth": {
                    "type": "dimension",
                    "value": 98
                },
                "iconSize": {
                    "type": "dimension",
                    "value": 24
                },
                "spinnerSize": {
                    "type": "dimension",
                    "value": 22
                },
                "spinnerStrokeWidth": {
                    "type": "dimension",
                    "value": 2
                },
                "iconMargin": {
                    "type": "dimension",
                    "value": 8
                },
                "valueMargin": {
                    "type": "dimension",
                    "value": 4
                }
            }
        },
        {
            "id": "m",
            "parent": null,
            "props": {
                "shape": {
                    "type": "shape",
                    "value": "round.m"
                },
                "labelStyle": {
                    "type": "typography",
                    "value": "body.m.bold"
                },
                "valueStyle": {
                    "type": "typography",
                    "value": "body.m.bold"
                },
                "height": {
                    "type": "dimension",
                    "value": 48
                },
                "paddingStart": {
                    "type": "dimension",
                    "value": 20
                },
                "paddingEnd": {
                    "type": "dimension",
                    "value": 20
                },
                "minWidth": {
                    "type": "dimension",
                    "value": 84
                },
                "iconSize": {
                    "type": "dimension",
                    "value": 24
                },
                "spinnerSize": {
                    "type": "dimension",
                    "value": 22
                },
                "spinnerStrokeWidth": {
                    "type": "dimension",
                    "value": 2
                },
                "iconMargin": {
                    "type": "dimension",
                    "value": 6
                },
                "valueMargin": {
                    "type": "dimension",
                    "value": 4
                }
            }
        },
        {
            "id": "s",
            "parent": null,
            "props": {
                "shape": {
                    "type": "shape",
                    "value": "round.m",
                    "adjustment": -2
                },
                "labelStyle": {
                    "type": "typography",
                    "value": "body.s.bold"
                },
                "valueStyle": {
                    "type": "typography",
                    "value": "body.s.bold"
                },
                "height": {
                    "type": "dimension",
                    "value": 40
                },
                "paddingStart": {
                    "type": "dimension",
                    "value": 16
                },
                "paddingEnd": {
                    "type": "dimension",
                    "value": 16
                },
                "minWidth": {
                    "type": "dimension",
                    "value": 71
                },
                "iconSize": {
                    "type": "dimension",
                    "value": 24
                },
                "spinnerSize": {
                    "type": "dimension",
                    "value": 22
                },
                "spinnerStrokeWidth": {
                    "type": "dimension",
                    "value": 2
                },
                "iconMargin": {
                    "type": "dimension",
                    "value": 4
                },
                "valueMargin": {
                    "type": "dimension",
                    "value": 4
                }
            }
        },
        {
            "id": "xs",
            "parent": null,
            "props": {
                "shape": {
                    "type": "shape",
                    "value": "round.s"
                },
                "labelStyle": {
                    "type": "typography",
                    "value": "body.xs.bold"
                },
                "valueStyle": {
                    "type": "typography",
                    "value": "body.xs.bold"
                },
                "height": {
                    "type": "dimension",
                    "value": 32
                },
                "paddingStart": {
                    "type": "dimension",
                    "value": 12
                },
                "paddingEnd": {
                    "type": "dimension",
                    "value": 12
                },
                "minWidth": {
                    "type": "dimension",
                    "value": 57
                },
                "iconSize": {
                    "type": "dimension",
                    "value": 16
                },
                "spinnerSize": {
                    "type": "dimension",
                    "value": 16
                },
                "spinnerStrokeWidth": {
                    "type": "dimension",
                    "value": 1
                },
                "iconMargin": {
                    "type": "dimension",
                    "value": 4
                },
                "valueMargin": {
                    "type": "dimension",
                    "value": 2
                }
            }
        }
    ]
}