{
    "view": {},
    "props": {
        "disableAlpha": {
            "type": "float",
            "value": 0.4
        },
        "toggleTrackColor": {
            "type": "color",
            "default": "surface.default.transparent.tertiary",
            "states": [
                {
                    "state": [
                        "checked"
                    ],
                    "value": "surface.default.accent"
                },
                {
                    "state": [
                        "focused"
                    ],
                    "value": "surface.inverse.transparent.tertiary"
                }
            ]
        },
        "toggleTrackBorderColor": {
            "type": "color",
            "default": "surface.default.clear"
        },
        "toggleThumbColor": {
            "type": "color",
            "default": "surface.on-dark.solid.default"
        },
        "labelColor": {
            "type": "color",
            "default": "text.default.primary",
            "states": [
                {
                    "state": [
                        "focused"
                    ],
                    "value": "text.inverse.primary"
                }
            ]
        },
        "descriptionColor": {
            "type": "color",
            "default": "text.default.secondary",
            "states": [
                {
                    "state": [
                        "focused"
                    ],
                    "value": "text.inverse.secondary"
                }
            ]
        },
        "toggleTrackShape": {
            "type": "shape",
            "value": "round.circle"
        },
        "toggleThumbShape": {
            "type": "shape",
            "value": "round.circle"
        },
        "toggleThumbPadding": {
            "type": "dimension",
            "value": 2
        }
    },
    "variations": [
        {
            "id": "l",
            "parent": null,
            "props": {
                "labelStyle": {
                    "type": "typography",
                    "value": "body.l.normal"
                },
                "descriptionStyle": {
                    "type": "typography",
                    "value": "body.m.normal"
                },
                "textPadding": {
                    "type": "dimension",
                    "value": 12
                },
                "descriptionPadding": {
                    "type": "dimension",
                    "value": 7
                },
                "toggleTrackWidth": {
                    "type": "dimension",
                    "value": 44
                },
                "toggleTrackHeight": {
                    "type": "dimension",
                    "value": 28
                },
                "toggleThumbWidth": {
                    "type": "dimension",
                    "value": 24
                },
                "toggleThumbHeight": {
                    "type": "dimension",
                    "value": 24
                }
            }
        },
        {
            "id": "l.has-background",
            "parent": "l",
            "props": {
                "shape": {
                    "type": "shape",
                    "value": "round.l"
                },
                "backgroundColor": {
                    "type": "color",
                    "default": "surface.default.clear",
                    "states": [
                        {
                            "state": [
                                "focused"
                            ],
                            "value": "surface.default.solid.default"
                        }
                    ]
                },
                "paddingStart": {
                    "type": "dimension",
                    "value": 12
                },
                "paddingEnd": {
                    "type": "dimension",
                    "value": 12
                },
                "paddingTop": {
                    "type": "dimension",
                    "value": 10
                },
                "paddingBottom": {
                    "type": "dimension",
                    "value": 10
                }
            }
        },
        {
            "id": "m",
            "parent": null,
            "props": {
                "labelStyle": {
                    "type": "typography",
                    "value": "body.m.normal"
                },
                "descriptionStyle": {
                    "type": "typography",
                    "value": "body.s.normal"
                },
                "textPadding": {
                    "type": "dimension",
                    "value": 12
                },
                "descriptionPadding": {
                    "type": "dimension",
                    "value": 8
                },
                "toggleTrackWidth": {
                    "type": "dimension",
                    "value": 44
                },
                "toggleTrackHeight": {
                    "type": "dimension",
                    "value": 28
                },
                "toggleThumbWidth": {
                    "type": "dimension",
                    "value": 24
                },
                "toggleThumbHeight": {
                    "type": "dimension",
                    "value": 24
                }
            }
        },
        {
            "id": "m.has-background",
            "parent": "m",
            "props": {
                "shape": {
                    "type": "shape",
                    "value": "round.l",
                    "adjustment": -2
                },
                "backgroundColor": {
                    "type": "color",
                    "default": "surface.default.clear",
                    "states": [
                        {
                            "state": [
                                "focused"
                            ],
                            "value": "surface.default.solid.default"
                        }
                    ]
                },
                "paddingStart": {
                    "type": "dimension",
                    "value": 10
                },
                "paddingEnd": {
                    "type": "dimension",
                    "value": 10
                },
                "paddingTop": {
                    "type": "dimension",
                    "value": 8
                },
                "paddingBottom": {
                    "type": "dimension",
                    "value": 8
                }
            }
        },
        {
            "id": "s",
            "parent": null,
            "props": {
                "labelStyle": {
                    "type": "typography",
                    "value": "body.s.normal"
                },
                "descriptionStyle": {
                    "type": "typography",
                    "value": "body.xs.normal"
                },
                "textPadding": {
                    "type": "dimension",
                    "value": 12
                },
                "descriptionPadding": {
                    "type": "dimension",
                    "value": 9
                },
                "toggleTrackWidth": {
                    "type": "dimension",
                    "value": 44
                },
                "toggleTrackHeight": {
                    "type": "dimension",
                    "value": 28
                },
                "toggleThumbWidth": {
                    "type": "dimension",
                    "value": 24
                },
                "toggleThumbHeight": {
                    "type": "dimension",
                    "value": 24
                }
            }
        },
        {
            "id": "s.has-background",
            "parent": "s",
            "props": {
                "shape": {
                    "type": "shape",
                    "value": "round.m"
                },
                "backgroundColor": {
                    "type": "color",
                    "default": "surface.default.clear",
                    "states": [
                        {
                            "state": [
                                "focused"
                            ],
                            "value": "surface.default.solid.default"
                        }
                    ]
                },
                "paddingStart": {
                    "type": "dimension",
                    "value": 8
                },
                "paddingEnd": {
                    "type": "dimension",
                    "value": 8
                },
                "paddingTop": {
                    "type": "dimension",
                    "value": 6
                },
                "paddingBottom": {
                    "type": "dimension",
                    "value": 6
                }
            }
        }
    ]
}