{
    "down.soft.s": {
        "color": "#000000",
        "elevation": 4,
        "offsetWidth": 0,
        "offsetHeight": 5,
        "opacity": 0.5,
        "radius": 1.5
    },
    "down.soft.m": {
        "color": "#000000",
        "elevation": 4,
        "offsetWidth": 0,
        "offsetHeight": 5,
        "opacity": 0.5,
        "radius": 1.5
    },
    "down.soft.l": {
        "color": "#000000",
        "elevation": 4,
        "offsetWidth": 0,
        "offsetHeight": 5,
        "opacity": 0.5,
        "radius": 1.5
    },
    "down.hard.s": {
        "color": "#000000",
        "elevation": 4,
        "offsetWidth": 0,
        "offsetHeight": 5,
        "opacity": 0.5,
        "radius": 1.5
    },
    "down.hard.m": {
        "color": "#000000",
        "elevation": 4,
        "offsetWidth": 0,
        "offsetHeight": 5,
        "opacity": 0.5,
        "radius": 1.5
    },
    "down.hard.l": {
        "color": "#000000",
        "elevation": 4,
        "offsetWidth": 0,
        "offsetHeight": 5,
        "opacity": 0.5,
        "radius": 1.5
    },
    "up.soft.s": {
        "color": "#000000",
        "elevation": 4,
        "offsetWidth": 0,
        "offsetHeight": 5,
        "opacity": 0.5,
        "radius": 1.5
    },
    "up.soft.m": {
        "color": "#000000",
        "elevation": 4,
        "offsetWidth": 0,
        "offsetHeight": 5,
        "opacity": 0.5,
        "radius": 1.5
    },
    "up.soft.l": {
        "color": "#000000",
        "elevation": 4,
        "offsetWidth": 0,
        "offsetHeight": 5,
        "opacity": 0.5,
        "radius": 1.5
    },
    "up.hard.s": {
        "color": "#000000",
        "elevation": 4,
        "offsetWidth": 0,
        "offsetHeight": 5,
        "opacity": 0.5,
        "radius": 1.5
    },
    "up.hard.m": {
        "color": "#000000",
        "elevation": 4,
        "offsetWidth": 0,
        "offsetHeight": 5,
        "opacity": 0.5,
        "radius": 1.5
    },
    "up.hard.l": {
        "color": "#000000",
        "elevation": 4,
        "offsetWidth": 0,
        "offsetHeight": 5,
        "opacity": 0.5,
        "radius": 1.5
    }
}