{
    "view": {},
    "props": {
        "shape": {
            "type": "shape",
            "value": "round.circle"
        },
        "background": {
            "type": "gradient",
            "default": "surface.default.accent-gradient",
            "alpha": 0.2
        },
        "activeStatusColor": {
            "type": "color",
            "default": "surface.default.positive"
        },
        "inactiveStatusColor": {
            "type": "color",
            "default": "surface.on-light.solid-tertiary"
        },
        "textColor": {
            "type": "gradient",
            "default": "text.default.accent-gradient"
        }
    },
    "variations": [
        {
            "id": "xxl",
            "parent": null,
            "props": {
                "textStyle": {
                    "type": "typography",
                    "value": "header.h2.bold"
                },
                "width": {
                    "type": "dimension",
                    "value": 88
                },
                "height": {
                    "type": "dimension",
                    "value": 88
                },
                "statusOffsetX": {
                    "type": "dimension",
                    "value": 1
                },
                "statusOffsetY": {
                    "type": "dimension",
                    "value": 7
                },
                "extraOffsetX": {
                    "type": "dimension",
                    "value": 0
                },
                "extraOffsetY": {
                    "type": "dimension",
                    "value": 0
                },
                "statusStyle": {
                    "type": "component_style",
                    "value": "indicator.l"
                },
                "badgeStyle": {
                    "type": "component_style",
                    "value": "badge-solid.l.pilled.accent"
                },
                "counterStyle": {
                    "type": "component_style",
                    "value": "counter.l.negative"
                }
            }
        },
        {
            "id": "xxl.pilled",
            "parent": "xxl",
            "props": {
                "shape": {
                    "type": "shape",
                    "value": "round.xl",
                    "adjustment": -2
                }
            }
        },
        {
            "id": "l",
            "parent": null,
            "props": {
                "textStyle": {
                    "type": "typography",
                    "value": "header.h4.bold"
                },
                "width": {
                    "type": "dimension",
                    "value": 48
                },
                "height": {
                    "type": "dimension",
                    "value": 48
                },
                "statusOffsetX": {
                    "type": "dimension",
                    "value": 1
                },
                "statusOffsetY": {
                    "type": "dimension",
                    "value": 3
                },
                "extraOffsetX": {
                    "type": "dimension",
                    "value": 2
                },
                "extraOffsetY": {
                    "type": "dimension",
                    "value": 2
                },
                "statusStyle": {
                    "type": "component_style",
                    "value": "indicator.m"
                },
                "badgeStyle": {
                    "type": "component_style",
                    "value": "badge-solid.s.pilled.accent"
                },
                "counterStyle": {
                    "type": "component_style",
                    "value": "counter.s.negative"
                }
            }
        },
        {
            "id": "l.pilled",
            "parent": "l",
            "props": {
                "shape": {
                    "type": "shape",
                    "value": "round.m"
                }
            }
        },
        {
            "id": "m",
            "parent": null,
            "props": {
                "textStyle": {
                    "type": "typography",
                    "value": "body.s.bold"
                },
                "width": {
                    "type": "dimension",
                    "value": 36
                },
                "height": {
                    "type": "dimension",
                    "value": 36
                },
                "statusOffsetX": {
                    "type": "dimension",
                    "value": 0
                },
                "statusOffsetY": {
                    "type": "dimension",
                    "value": 2
                },
                "extraOffsetX": {
                    "type": "dimension",
                    "value": 2
                },
                "extraOffsetY": {
                    "type": "dimension",
                    "value": 2
                },
                "statusStyle": {
                    "type": "component_style",
                    "value": "indicator.m"
                },
                "badgeStyle": {
                    "type": "component_style",
                    "value": "badge-solid.xs.pilled.accent"
                },
                "counterStyle": {
                    "type": "component_style",
                    "value": "counter.xs.negative"
                }
            }
        },
        {
            "id": "m.pilled",
            "parent": "m",
            "props": {
                "shape": {
                    "type": "shape",
                    "value": "round.m",
                    "adjustment": -2
                }
            }
        },
        {
            "id": "s",
            "parent": null,
            "props": {
                "textStyle": {
                    "type": "typography",
                    "value": "body.xxs.bold"
                },
                "width": {
                    "type": "dimension",
                    "value": 24
                },
                "height": {
                    "type": "dimension",
                    "value": 24
                },
                "statusOffsetX": {
                    "type": "dimension",
                    "value": 0
                },
                "statusOffsetY": {
                    "type": "dimension",
                    "value": 0
                },
                "extraOffsetX": {
                    "type": "dimension",
                    "value": 1
                },
                "extraOffsetY": {
                    "type": "dimension",
                    "value": 1
                },
                "statusStyle": {
                    "type": "component_style",
                    "value": "indicator.s"
                },
                "counterStyle": {
                    "type": "component_style",
                    "value": "counter.xxs.negative"
                }
            }
        },
        {
            "id": "s.pilled",
            "parent": "s",
            "props": {
                "shape": {
                    "type": "shape",
                    "value": "round.s"
                }
            }
        }
    ]
}