{
    "display": {
        "name": "SB Sans Display",
        "fonts": [
            {
                "link": "https://cdn-app.sberdevices.ru/shared-static/0.0.0/fonts/SBSansDisplay.0.2.0/SBSansDisplay-Thin.otf",
                "weight": "ultraLight",
                "style": "normal"
            },
            {
                "link": "https://cdn-app.sberdevices.ru/shared-static/0.0.0/fonts/SBSansDisplay.0.2.0/SBSansDisplay-Bold.otf",
                "weight": "bold",
                "style": "normal"
            },
            {
                "link": "https://cdn-app.sberdevices.ru/shared-static/0.0.0/fonts/SBSansDisplay.0.2.0/SBSansDisplay-Regular.otf",
                "weight": "normal",
                "style": "normal"
            },
            {
                "link": "https://cdn-app.sberdevices.ru/shared-static/0.0.0/fonts/SBSansDisplay.0.2.0/SBSansDisplay-Semibold.otf",
                "weight": "light",
                "style": "normal"
            },
            {
                "link": "https://cdn-app.sberdevices.ru/shared-static/0.0.0/fonts/SBSansDisplay.0.2.0/SBSansDisplay-Medium.otf",
                "weight": "medium",
                "style": "normal"
            }
        ]
    },
    "header": {
        "name": "SB Sans Display",
        "fonts": [
            {
                "link": "https://cdn-app.sberdevices.ru/shared-static/0.0.0/fonts/SBSansDisplay.0.2.0/SBSansDisplay-Thin.otf",
                "weight": "ultraLight",
                "style": "normal"
            },
            {
                "link": "https://cdn-app.sberdevices.ru/shared-static/0.0.0/fonts/SBSansDisplay.0.2.0/SBSansDisplay-Bold.otf",
                "weight": "bold",
                "style": "normal"
            },
            {
                "link": "https://cdn-app.sberdevices.ru/shared-static/0.0.0/fonts/SBSansDisplay.0.2.0/SBSansDisplay-Regular.otf",
                "weight": "normal",
                "style": "normal"
            },
            {
                "link": "https://cdn-app.sberdevices.ru/shared-static/0.0.0/fonts/SBSansDisplay.0.2.0/SBSansDisplay-Semibold.otf",
                "weight": "light",
                "style": "normal"
            },
            {
                "link": "https://cdn-app.sberdevices.ru/shared-static/0.0.0/fonts/SBSansDisplay.0.2.0/SBSansDisplay-Medium.otf",
                "weight": "medium",
                "style": "normal"
            }
        ]
    },
    "text": {
        "name": "SB Sans Display",
        "fonts": [
            {
                "link": "https://cdn-app.sberdevices.ru/shared-static/0.0.0/fonts/SBSansDisplay.0.2.0/SBSansDisplay-Thin.otf",
                "weight": "ultraLight",
                "style": "normal"
            },
            {
                "link": "https://cdn-app.sberdevices.ru/shared-static/0.0.0/fonts/SBSansDisplay.0.2.0/SBSansDisplay-Bold.otf",
                "weight": "bold",
                "style": "normal"
            },
            {
                "link": "https://cdn-app.sberdevices.ru/shared-static/0.0.0/fonts/SBSansDisplay.0.2.0/SBSansDisplay-Regular.otf",
                "weight": "normal",
                "style": "normal"
            },
            {
                "link": "https://cdn-app.sberdevices.ru/shared-static/0.0.0/fonts/SBSansDisplay.0.2.0/SBSansDisplay-Semibold.otf",
                "weight": "light",
                "style": "normal"
            },
            {
                "link": "https://cdn-app.sberdevices.ru/shared-static/0.0.0/fonts/SBSansDisplay.0.2.0/SBSansDisplay-Medium.otf",
                "weight": "medium",
                "style": "normal"
            }
        ]
    },
    "body": {
        "name": "SB Sans Display",
        "fonts": [
            {
                "link": "https://cdn-app.sberdevices.ru/shared-static/0.0.0/fonts/SBSansDisplay.0.2.0/SBSansDisplay-Thin.otf",
                "weight": "ultraLight",
                "style": "normal"
            },
            {
                "link": "https://cdn-app.sberdevices.ru/shared-static/0.0.0/fonts/SBSansDisplay.0.2.0/SBSansDisplay-Bold.otf",
                "weight": "bold",
                "style": "normal"
            },
            {
                "link": "https://cdn-app.sberdevices.ru/shared-static/0.0.0/fonts/SBSansDisplay.0.2.0/SBSansDisplay-Regular.otf",
                "weight": "normal",
                "style": "normal"
            },
            {
                "link": "https://cdn-app.sberdevices.ru/shared-static/0.0.0/fonts/SBSansDisplay.0.2.0/SBSansDisplay-Semibold.otf",
                "weight": "light",
                "style": "normal"
            },
            {
                "link": "https://cdn-app.sberdevices.ru/shared-static/0.0.0/fonts/SBSansDisplay.0.2.0/SBSansDisplay-Medium.otf",
                "weight": "medium",
                "style": "normal"
            }
        ]
    }
}