{
    "screen-s.display.l.normal": {
        "fontFamilyRef": "fontFamily.display",
        "fontWeight": 400,
        "fontStyle": "normal",
        "textSize": 88,
        "lineHeight": 92,
        "letterSpacing": 0
    },
    "screen-s.display.l.bold": {
        "fontFamilyRef": "fontFamily.display",
        "fontWeight": 700,
        "fontStyle": "normal",
        "textSize": 88,
        "lineHeight": 92,
        "letterSpacing": 0
    },
    "screen-s.display.m.normal": {
        "fontFamilyRef": "fontFamily.display",
        "fontWeight": 400,
        "fontStyle": "normal",
        "textSize": 56,
        "lineHeight": 60,
        "letterSpacing": 0
    },
    "screen-s.display.m.bold": {
        "fontFamilyRef": "fontFamily.display",
        "fontWeight": 700,
        "fontStyle": "normal",
        "textSize": 56,
        "lineHeight": 60,
        "letterSpacing": 0
    },
    "screen-s.display.s.normal": {
        "fontFamilyRef": "fontFamily.display",
        "fontWeight": 400,
        "fontStyle": "normal",
        "textSize": 40,
        "lineHeight": 44,
        "letterSpacing": 0
    },
    "screen-s.display.s.bold": {
        "fontFamilyRef": "fontFamily.display",
        "fontWeight": 700,
        "fontStyle": "normal",
        "textSize": 40,
        "lineHeight": 44,
        "letterSpacing": 0
    },
    "screen-s.header.h1.normal": {
        "fontFamilyRef": "fontFamily.header",
        "fontWeight": 400,
        "fontStyle": "normal",
        "textSize": 32,
        "lineHeight": 40,
        "letterSpacing": 0
    },
    "screen-s.header.h1.bold": {
        "fontFamilyRef": "fontFamily.header",
        "fontWeight": 700,
        "fontStyle": "normal",
        "textSize": 32,
        "lineHeight": 40,
        "letterSpacing": 0
    },
    "screen-s.header.h2.normal": {
        "fontFamilyRef": "fontFamily.header",
        "fontWeight": 400,
        "fontStyle": "normal",
        "textSize": 24,
        "lineHeight": 32,
        "letterSpacing": 0
    },
    "screen-s.header.h2.bold": {
        "fontFamilyRef": "fontFamily.header",
        "fontWeight": 700,
        "fontStyle": "normal",
        "textSize": 24,
        "lineHeight": 32,
        "letterSpacing": 0
    },
    "screen-s.header.h3.normal": {
        "fontFamilyRef": "fontFamily.header",
        "fontWeight": 400,
        "fontStyle": "normal",
        "textSize": 20,
        "lineHeight": 26,
        "letterSpacing": 0
    },
    "screen-s.header.h3.bold": {
        "fontFamilyRef": "fontFamily.header",
        "fontWeight": 700,
        "fontStyle": "normal",
        "textSize": 20,
        "lineHeight": 26,
        "letterSpacing": 0
    },
    "screen-s.header.h4.normal": {
        "fontFamilyRef": "fontFamily.header",
        "fontWeight": 400,
        "fontStyle": "normal",
        "textSize": 18,
        "lineHeight": 24,
        "letterSpacing": 0
    },
    "screen-s.header.h4.bold": {
        "fontFamilyRef": "fontFamily.header",
        "fontWeight": 700,
        "fontStyle": "normal",
        "textSize": 18,
        "lineHeight": 24,
        "letterSpacing": 0
    },
    "screen-s.header.h5.normal": {
        "fontFamilyRef": "fontFamily.header",
        "fontWeight": 400,
        "fontStyle": "normal",
        "textSize": 15,
        "lineHeight": 20,
        "letterSpacing": 0
    },
    "screen-s.header.h5.bold": {
        "fontFamilyRef": "fontFamily.header",
        "fontWeight": 700,
        "fontStyle": "normal",
        "textSize": 15,
        "lineHeight": 20,
        "letterSpacing": 0
    },
    "screen-s.header.h6.normal": {
        "fontFamilyRef": "fontFamily.header",
        "fontWeight": 400,
        "fontStyle": "normal",
        "textSize": 10,
        "lineHeight": 14,
        "letterSpacing": 0
    },
    "screen-s.header.h6.bold": {
        "fontFamilyRef": "fontFamily.header",
        "fontWeight": 700,
        "fontStyle": "normal",
        "textSize": 10,
        "lineHeight": 14,
        "letterSpacing": 0
    },
    "screen-s.body.l.normal": {
        "fontFamilyRef": "fontFamily.body",
        "fontWeight": 400,
        "fontStyle": "normal",
        "textSize": 17,
        "lineHeight": 24,
        "letterSpacing": 0
    },
    "screen-s.body.l.bold": {
        "fontFamilyRef": "fontFamily.body",
        "fontWeight": 600,
        "fontStyle": "normal",
        "textSize": 17,
        "lineHeight": 24,
        "letterSpacing": 0.02
    },
    "screen-s.body.m.normal": {
        "fontFamilyRef": "fontFamily.body",
        "fontWeight": 400,
        "fontStyle": "normal",
        "textSize": 15,
        "lineHeight": 20,
        "letterSpacing": 0
    },
    "screen-s.body.m.bold": {
        "fontFamilyRef": "fontFamily.body",
        "fontWeight": 600,
        "fontStyle": "normal",
        "textSize": 15,
        "lineHeight": 20,
        "letterSpacing": 0.02
    },
    "screen-s.body.s.normal": {
        "fontFamilyRef": "fontFamily.body",
        "fontWeight": 400,
        "fontStyle": "normal",
        "textSize": 13,
        "lineHeight": 18,
        "letterSpacing": 0
    },
    "screen-s.body.s.bold": {
        "fontFamilyRef": "fontFamily.body",
        "fontWeight": 600,
        "fontStyle": "normal",
        "textSize": 13,
        "lineHeight": 18,
        "letterSpacing": 0.02
    },
    "screen-s.body.xs.normal": {
        "fontFamilyRef": "fontFamily.body",
        "fontWeight": 400,
        "fontStyle": "normal",
        "textSize": 12,
        "lineHeight": 16,
        "letterSpacing": 0
    },
    "screen-s.body.xs.bold": {
        "fontFamilyRef": "fontFamily.body",
        "fontWeight": 600,
        "fontStyle": "normal",
        "textSize": 12,
        "lineHeight": 16,
        "letterSpacing": 0.02
    },
    "screen-s.body.xxs.normal": {
        "fontFamilyRef": "fontFamily.body",
        "fontWeight": 400,
        "fontStyle": "normal",
        "textSize": 10,
        "lineHeight": 12,
        "letterSpacing": 0
    },
    "screen-s.body.xxs.bold": {
        "fontFamilyRef": "fontFamily.body",
        "fontWeight": 600,
        "fontStyle": "normal",
        "textSize": 10,
        "lineHeight": 12,
        "letterSpacing": 0.02
    },
    "screen-s.text.l.normal": {
        "fontFamilyRef": "fontFamily.text",
        "fontWeight": 400,
        "fontStyle": "normal",
        "textSize": 18,
        "lineHeight": 28,
        "letterSpacing": 0
    },
    "screen-s.text.l.bold": {
        "fontFamilyRef": "fontFamily.text",
        "fontWeight": 600,
        "fontStyle": "normal",
        "textSize": 18,
        "lineHeight": 28,
        "letterSpacing": 0
    },
    "screen-s.text.m.normal": {
        "fontFamilyRef": "fontFamily.text",
        "fontWeight": 400,
        "fontStyle": "normal",
        "textSize": 16,
        "lineHeight": 24,
        "letterSpacing": 0
    },
    "screen-s.text.m.bold": {
        "fontFamilyRef": "fontFamily.text",
        "fontWeight": 600,
        "fontStyle": "normal",
        "textSize": 16,
        "lineHeight": 24,
        "letterSpacing": 0
    },
    "screen-s.text.s.normal": {
        "fontFamilyRef": "fontFamily.text",
        "fontWeight": 400,
        "fontStyle": "normal",
        "textSize": 14,
        "lineHeight": 20,
        "letterSpacing": 0
    },
    "screen-s.text.s.bold": {
        "fontFamilyRef": "fontFamily.text",
        "fontWeight": 600,
        "fontStyle": "normal",
        "textSize": 14,
        "lineHeight": 20,
        "letterSpacing": 0
    },
    "screen-s.text.xs.normal": {
        "fontFamilyRef": "fontFamily.text",
        "fontWeight": 400,
        "fontStyle": "normal",
        "textSize": 12,
        "lineHeight": 16,
        "letterSpacing": 0
    },
    "screen-s.text.xs.bold": {
        "fontFamilyRef": "fontFamily.text",
        "fontWeight": 600,
        "fontStyle": "normal",
        "textSize": 12,
        "lineHeight": 16,
        "letterSpacing": 0
    },
    "screen-s.display.l.medium": {
        "fontFamilyRef": "fontFamily.display",
        "fontWeight": 500,
        "fontStyle": "normal",
        "textSize": 88,
        "lineHeight": 92,
        "letterSpacing": 0
    },
    "screen-s.display.m.medium": {
        "fontFamilyRef": "fontFamily.display",
        "fontWeight": 500,
        "fontStyle": "normal",
        "textSize": 56,
        "lineHeight": 60,
        "letterSpacing": 0
    },
    "screen-s.display.s.medium": {
        "fontFamilyRef": "fontFamily.display",
        "fontWeight": 500,
        "fontStyle": "normal",
        "textSize": 40,
        "lineHeight": 44,
        "letterSpacing": 0
    },
    "screen-s.header.h1.medium": {
        "fontFamilyRef": "fontFamily.header",
        "fontWeight": 500,
        "fontStyle": "normal",
        "textSize": 32,
        "lineHeight": 40,
        "letterSpacing": 0
    },
    "screen-s.header.h2.medium": {
        "fontFamilyRef": "fontFamily.header",
        "fontWeight": 500,
        "fontStyle": "normal",
        "textSize": 24,
        "lineHeight": 32,
        "letterSpacing": 0
    },
    "screen-s.header.h3.medium": {
        "fontFamilyRef": "fontFamily.header",
        "fontWeight": 500,
        "fontStyle": "normal",
        "textSize": 20,
        "lineHeight": 26,
        "letterSpacing": 0
    },
    "screen-s.header.h4.medium": {
        "fontFamilyRef": "fontFamily.header",
        "fontWeight": 500,
        "fontStyle": "normal",
        "textSize": 18,
        "lineHeight": 24,
        "letterSpacing": 0
    },
    "screen-s.header.h5.medium": {
        "fontFamilyRef": "fontFamily.header",
        "fontWeight": 500,
        "fontStyle": "normal",
        "textSize": 15,
        "lineHeight": 20,
        "letterSpacing": 0
    },
    "screen-s.header.h6.medium": {
        "fontFamilyRef": "fontFamily.header",
        "fontWeight": 500,
        "fontStyle": "normal",
        "textSize": 10,
        "lineHeight": 14,
        "letterSpacing": 0
    },
    "screen-s.body.l.medium": {
        "fontFamilyRef": "fontFamily.body",
        "fontWeight": 500,
        "fontStyle": "normal",
        "textSize": 17,
        "lineHeight": 24,
        "letterSpacing": 0.02
    },
    "screen-s.body.m.medium": {
        "fontFamilyRef": "fontFamily.body",
        "fontWeight": 500,
        "fontStyle": "normal",
        "textSize": 15,
        "lineHeight": 20,
        "letterSpacing": 0.02
    },
    "screen-s.body.s.medium": {
        "fontFamilyRef": "fontFamily.body",
        "fontWeight": 500,
        "fontStyle": "normal",
        "textSize": 13,
        "lineHeight": 18,
        "letterSpacing": 0.02
    },
    "screen-s.body.xs.medium": {
        "fontFamilyRef": "fontFamily.body",
        "fontWeight": 500,
        "fontStyle": "normal",
        "textSize": 12,
        "lineHeight": 16,
        "letterSpacing": 0.02
    },
    "screen-s.body.xxs.medium": {
        "fontFamilyRef": "fontFamily.body",
        "fontWeight": 500,
        "fontStyle": "normal",
        "textSize": 10,
        "lineHeight": 12,
        "letterSpacing": 0.02
    },
    "screen-s.text.l.medium": {
        "fontFamilyRef": "fontFamily.text",
        "fontWeight": 500,
        "fontStyle": "normal",
        "textSize": 18,
        "lineHeight": 28,
        "letterSpacing": 0
    },
    "screen-s.text.m.medium": {
        "fontFamilyRef": "fontFamily.text",
        "fontWeight": 500,
        "fontStyle": "normal",
        "textSize": 16,
        "lineHeight": 24,
        "letterSpacing": 0
    },
    "screen-s.text.s.medium": {
        "fontFamilyRef": "fontFamily.text",
        "fontWeight": 500,
        "fontStyle": "normal",
        "textSize": 14,
        "lineHeight": 20,
        "letterSpacing": 0
    },
    "screen-s.text.xs.medium": {
        "fontFamilyRef": "fontFamily.text",
        "fontWeight": 500,
        "fontStyle": "normal",
        "textSize": 12,
        "lineHeight": 16,
        "letterSpacing": 0
    },
    "screen-l.display.l.normal": {
        "fontFamilyRef": "fontFamily.display",
        "fontWeight": 400,
        "fontStyle": "normal",
        "textSize": 128,
        "lineHeight": 128,
        "letterSpacing": 0
    },
    "screen-l.display.l.bold": {
        "fontFamilyRef": "fontFamily.display",
        "fontWeight": 700,
        "fontStyle": "normal",
        "textSize": 128,
        "lineHeight": 128,
        "letterSpacing": 0
    },
    "screen-l.display.m.normal": {
        "fontFamilyRef": "fontFamily.display",
        "fontWeight": 400,
        "fontStyle": "normal",
        "textSize": 88,
        "lineHeight": 92,
        "letterSpacing": 0
    },
    "screen-l.display.m.bold": {
        "fontFamilyRef": "fontFamily.display",
        "fontWeight": 700,
        "fontStyle": "normal",
        "textSize": 88,
        "lineHeight": 92,
        "letterSpacing": 0
    },
    "screen-l.display.s.normal": {
        "fontFamilyRef": "fontFamily.display",
        "fontWeight": 400,
        "fontStyle": "normal",
        "textSize": 64,
        "lineHeight": 68,
        "letterSpacing": 0
    },
    "screen-l.display.s.bold": {
        "fontFamilyRef": "fontFamily.display",
        "fontWeight": 700,
        "fontStyle": "normal",
        "textSize": 64,
        "lineHeight": 68,
        "letterSpacing": 0
    },
    "screen-l.header.h1.normal": {
        "fontFamilyRef": "fontFamily.header",
        "fontWeight": 400,
        "fontStyle": "normal",
        "textSize": 40,
        "lineHeight": 48,
        "letterSpacing": 0
    },
    "screen-l.header.h1.bold": {
        "fontFamilyRef": "fontFamily.header",
        "fontWeight": 700,
        "fontStyle": "normal",
        "textSize": 40,
        "lineHeight": 48,
        "letterSpacing": 0
    },
    "screen-l.header.h2.normal": {
        "fontFamilyRef": "fontFamily.header",
        "fontWeight": 400,
        "fontStyle": "normal",
        "textSize": 32,
        "lineHeight": 36,
        "letterSpacing": 0
    },
    "screen-l.header.h2.bold": {
        "fontFamilyRef": "fontFamily.header",
        "fontWeight": 700,
        "fontStyle": "normal",
        "textSize": 32,
        "lineHeight": 36,
        "letterSpacing": 0
    },
    "screen-l.header.h3.normal": {
        "fontFamilyRef": "fontFamily.header",
        "fontWeight": 400,
        "fontStyle": "normal",
        "textSize": 24,
        "lineHeight": 30,
        "letterSpacing": 0
    },
    "screen-l.header.h3.bold": {
        "fontFamilyRef": "fontFamily.header",
        "fontWeight": 700,
        "fontStyle": "normal",
        "textSize": 24,
        "lineHeight": 30,
        "letterSpacing": 0
    },
    "screen-l.header.h4.normal": {
        "fontFamilyRef": "fontFamily.header",
        "fontWeight": 400,
        "fontStyle": "normal",
        "textSize": 20,
        "lineHeight": 26,
        "letterSpacing": 0
    },
    "screen-l.header.h4.bold": {
        "fontFamilyRef": "fontFamily.header",
        "fontWeight": 700,
        "fontStyle": "normal",
        "textSize": 20,
        "lineHeight": 26,
        "letterSpacing": 0
    },
    "screen-l.header.h5.normal": {
        "fontFamilyRef": "fontFamily.header",
        "fontWeight": 400,
        "fontStyle": "normal",
        "textSize": 18,
        "lineHeight": 24,
        "letterSpacing": 0
    },
    "screen-l.header.h5.bold": {
        "fontFamilyRef": "fontFamily.header",
        "fontWeight": 700,
        "fontStyle": "normal",
        "textSize": 18,
        "lineHeight": 24,
        "letterSpacing": 0
    },
    "screen-l.header.h6.normal": {
        "fontFamilyRef": "fontFamily.header",
        "fontWeight": 400,
        "fontStyle": "normal",
        "textSize": 12,
        "lineHeight": 16,
        "letterSpacing": 0
    },
    "screen-l.header.h6.bold": {
        "fontFamilyRef": "fontFamily.header",
        "fontWeight": 700,
        "fontStyle": "normal",
        "textSize": 12,
        "lineHeight": 16,
        "letterSpacing": 0
    },
    "screen-l.body.l.normal": {
        "fontFamilyRef": "fontFamily.body",
        "fontWeight": 400,
        "fontStyle": "normal",
        "textSize": 18,
        "lineHeight": 24,
        "letterSpacing": 0
    },
    "screen-l.body.l.bold": {
        "fontFamilyRef": "fontFamily.body",
        "fontWeight": 600,
        "fontStyle": "normal",
        "textSize": 18,
        "lineHeight": 24,
        "letterSpacing": 0.02
    },
    "screen-l.body.m.normal": {
        "fontFamilyRef": "fontFamily.body",
        "fontWeight": 400,
        "fontStyle": "normal",
        "textSize": 16,
        "lineHeight": 20,
        "letterSpacing": 0
    },
    "screen-l.body.m.bold": {
        "fontFamilyRef": "fontFamily.body",
        "fontWeight": 600,
        "fontStyle": "normal",
        "textSize": 16,
        "lineHeight": 20,
        "letterSpacing": 0.02
    },
    "screen-l.body.s.normal": {
        "fontFamilyRef": "fontFamily.body",
        "fontWeight": 400,
        "fontStyle": "normal",
        "textSize": 14,
        "lineHeight": 18,
        "letterSpacing": 0
    },
    "screen-l.body.s.bold": {
        "fontFamilyRef": "fontFamily.body",
        "fontWeight": 600,
        "fontStyle": "normal",
        "textSize": 14,
        "lineHeight": 18,
        "letterSpacing": 0.02
    },
    "screen-l.body.xs.normal": {
        "fontFamilyRef": "fontFamily.body",
        "fontWeight": 400,
        "fontStyle": "normal",
        "textSize": 12,
        "lineHeight": 16,
        "letterSpacing": 0
    },
    "screen-l.body.xs.bold": {
        "fontFamilyRef": "fontFamily.body",
        "fontWeight": 600,
        "fontStyle": "normal",
        "textSize": 12,
        "lineHeight": 16,
        "letterSpacing": 0.02
    },
    "screen-l.body.xxs.normal": {
        "fontFamilyRef": "fontFamily.body",
        "fontWeight": 400,
        "fontStyle": "normal",
        "textSize": 10,
        "lineHeight": 12,
        "letterSpacing": 0
    },
    "screen-l.body.xxs.bold": {
        "fontFamilyRef": "fontFamily.body",
        "fontWeight": 600,
        "fontStyle": "normal",
        "textSize": 10,
        "lineHeight": 12,
        "letterSpacing": 0.02
    },
    "screen-l.text.l.normal": {
        "fontFamilyRef": "fontFamily.text",
        "fontWeight": 400,
        "fontStyle": "normal",
        "textSize": 24,
        "lineHeight": 32,
        "letterSpacing": 0
    },
    "screen-l.text.l.bold": {
        "fontFamilyRef": "fontFamily.text",
        "fontWeight": 600,
        "fontStyle": "normal",
        "textSize": 24,
        "lineHeight": 32,
        "letterSpacing": 0
    },
    "screen-l.text.m.normal": {
        "fontFamilyRef": "fontFamily.text",
        "fontWeight": 400,
        "fontStyle": "normal",
        "textSize": 18,
        "lineHeight": 26,
        "letterSpacing": 0
    },
    "screen-l.text.m.bold": {
        "fontFamilyRef": "fontFamily.text",
        "fontWeight": 600,
        "fontStyle": "normal",
        "textSize": 18,
        "lineHeight": 26,
        "letterSpacing": 0
    },
    "screen-l.text.s.normal": {
        "fontFamilyRef": "fontFamily.text",
        "fontWeight": 400,
        "fontStyle": "normal",
        "textSize": 14,
        "lineHeight": 20,
        "letterSpacing": 0
    },
    "screen-l.text.s.bold": {
        "fontFamilyRef": "fontFamily.text",
        "fontWeight": 600,
        "fontStyle": "normal",
        "textSize": 14,
        "lineHeight": 20,
        "letterSpacing": 0
    },
    "screen-l.text.xs.normal": {
        "fontFamilyRef": "fontFamily.text",
        "fontWeight": 400,
        "fontStyle": "normal",
        "textSize": 12,
        "lineHeight": 16,
        "letterSpacing": 0
    },
    "screen-l.text.xs.bold": {
        "fontFamilyRef": "fontFamily.text",
        "fontWeight": 600,
        "fontStyle": "normal",
        "textSize": 12,
        "lineHeight": 16,
        "letterSpacing": 0
    },
    "screen-l.display.l.medium": {
        "fontFamilyRef": "fontFamily.display",
        "fontWeight": 500,
        "fontStyle": "normal",
        "textSize": 128,
        "lineHeight": 128,
        "letterSpacing": 0
    },
    "screen-l.display.m.medium": {
        "fontFamilyRef": "fontFamily.display",
        "fontWeight": 500,
        "fontStyle": "normal",
        "textSize": 88,
        "lineHeight": 92,
        "letterSpacing": 0
    },
    "screen-l.display.s.medium": {
        "fontFamilyRef": "fontFamily.display",
        "fontWeight": 500,
        "fontStyle": "normal",
        "textSize": 64,
        "lineHeight": 68,
        "letterSpacing": 0
    },
    "screen-l.header.h1.medium": {
        "fontFamilyRef": "fontFamily.header",
        "fontWeight": 500,
        "fontStyle": "normal",
        "textSize": 40,
        "lineHeight": 48,
        "letterSpacing": 0
    },
    "screen-l.header.h2.medium": {
        "fontFamilyRef": "fontFamily.header",
        "fontWeight": 500,
        "fontStyle": "normal",
        "textSize": 32,
        "lineHeight": 36,
        "letterSpacing": 0
    },
    "screen-l.header.h3.medium": {
        "fontFamilyRef": "fontFamily.header",
        "fontWeight": 500,
        "fontStyle": "normal",
        "textSize": 24,
        "lineHeight": 30,
        "letterSpacing": 0
    },
    "screen-l.header.h4.medium": {
        "fontFamilyRef": "fontFamily.header",
        "fontWeight": 500,
        "fontStyle": "normal",
        "textSize": 20,
        "lineHeight": 26,
        "letterSpacing": 0
    },
    "screen-l.header.h5.medium": {
        "fontFamilyRef": "fontFamily.header",
        "fontWeight": 500,
        "fontStyle": "normal",
        "textSize": 18,
        "lineHeight": 24,
        "letterSpacing": 0
    },
    "screen-l.header.h6.medium": {
        "fontFamilyRef": "fontFamily.header",
        "fontWeight": 500,
        "fontStyle": "normal",
        "textSize": 12,
        "lineHeight": 16,
        "letterSpacing": 0
    },
    "screen-l.body.l.medium": {
        "fontFamilyRef": "fontFamily.body",
        "fontWeight": 500,
        "fontStyle": "normal",
        "textSize": 18,
        "lineHeight": 24,
        "letterSpacing": 0.02
    },
    "screen-l.body.m.medium": {
        "fontFamilyRef": "fontFamily.body",
        "fontWeight": 500,
        "fontStyle": "normal",
        "textSize": 16,
        "lineHeight": 20,
        "letterSpacing": 0.02
    },
    "screen-l.body.s.medium": {
        "fontFamilyRef": "fontFamily.body",
        "fontWeight": 500,
        "fontStyle": "normal",
        "textSize": 14,
        "lineHeight": 18,
        "letterSpacing": 0.02
    },
    "screen-l.body.xs.medium": {
        "fontFamilyRef": "fontFamily.body",
        "fontWeight": 500,
        "fontStyle": "normal",
        "textSize": 12,
        "lineHeight": 16,
        "letterSpacing": 0.02
    },
    "screen-l.body.xxs.medium": {
        "fontFamilyRef": "fontFamily.body",
        "fontWeight": 500,
        "fontStyle": "normal",
        "textSize": 10,
        "lineHeight": 12,
        "letterSpacing": 0.02
    },
    "screen-l.text.l.medium": {
        "fontFamilyRef": "fontFamily.text",
        "fontWeight": 500,
        "fontStyle": "normal",
        "textSize": 24,
        "lineHeight": 32,
        "letterSpacing": 0
    },
    "screen-l.text.m.medium": {
        "fontFamilyRef": "fontFamily.text",
        "fontWeight": 500,
        "fontStyle": "normal",
        "textSize": 18,
        "lineHeight": 26,
        "letterSpacing": 0
    },
    "screen-l.text.s.medium": {
        "fontFamilyRef": "fontFamily.text",
        "fontWeight": 500,
        "fontStyle": "normal",
        "textSize": 14,
        "lineHeight": 20,
        "letterSpacing": 0
    },
    "screen-l.text.xs.medium": {
        "fontFamilyRef": "fontFamily.text",
        "fontWeight": 500,
        "fontStyle": "normal",
        "textSize": 12,
        "lineHeight": 16,
        "letterSpacing": 0
    }
}