{
    "view": {},
    "props": {
        "disableAlpha": {
            "type": "float",
            "value": 0.4
        },
        "gap": {
            "type": "dimension",
            "value": 8
        },
        "lineSpacing": {
            "type": "dimension",
            "value": 8
        }
    },
    "variations": [
        {
            "id": "l",
            "parent": null,
            "view": {
                "default": {
                    "props": {
                        "chipStyle": {
                            "type": "component_style",
                            "value": "embedded-chip.l.default"
                        }
                    }
                },
                "accent": {
                    "props": {
                        "chipStyle": {
                            "type": "component_style",
                            "value": "embedded-chip.l.accent"
                        }
                    }
                },
                "negative": {
                    "props": {
                        "chipStyle": {
                            "type": "component_style",
                            "value": "embedded-chip.l.negative"
                        }
                    }
                },
                "positive": {
                    "props": {
                        "chipStyle": {
                            "type": "component_style",
                            "value": "embedded-chip.l.positive"
                        }
                    }
                },
                "secondary": {
                    "props": {
                        "chipStyle": {
                            "type": "component_style",
                            "value": "embedded-chip.l.secondary"
                        }
                    }
                },
                "warning": {
                    "props": {
                        "chipStyle": {
                            "type": "component_style",
                            "value": "embedded-chip.l.warning"
                        }
                    }
                }
            },
            "props": {}
        },
        {
            "id": "m",
            "parent": null,
            "view": {
                "default": {
                    "props": {
                        "chipStyle": {
                            "type": "component_style",
                            "value": "embedded-chip.m.default"
                        }
                    }
                },
                "accent": {
                    "props": {
                        "chipStyle": {
                            "type": "component_style",
                            "value": "embedded-chip.m.accent"
                        }
                    }
                },
                "negative": {
                    "props": {
                        "chipStyle": {
                            "type": "component_style",
                            "value": "embedded-chip.m.negative"
                        }
                    }
                },
                "positive": {
                    "props": {
                        "chipStyle": {
                            "type": "component_style",
                            "value": "embedded-chip.m.positive"
                        }
                    }
                },
                "secondary": {
                    "props": {
                        "chipStyle": {
                            "type": "component_style",
                            "value": "embedded-chip.m.secondary"
                        }
                    }
                },
                "warning": {
                    "props": {
                        "chipStyle": {
                            "type": "component_style",
                            "value": "embedded-chip.m.warning"
                        }
                    }
                }
            },
            "props": {}
        },
        {
            "id": "s",
            "parent": null,
            "view": {
                "default": {
                    "props": {
                        "chipStyle": {
                            "type": "component_style",
                            "value": "embedded-chip.s.default"
                        }
                    }
                },
                "accent": {
                    "props": {
                        "chipStyle": {
                            "type": "component_style",
                            "value": "embedded-chip.s.accent"
                        }
                    }
                },
                "negative": {
                    "props": {
                        "chipStyle": {
                            "type": "component_style",
                            "value": "embedded-chip.s.negative"
                        }
                    }
                },
                "positive": {
                    "props": {
                        "chipStyle": {
                            "type": "component_style",
                            "value": "embedded-chip.s.positive"
                        }
                    }
                },
                "secondary": {
                    "props": {
                        "chipStyle": {
                            "type": "component_style",
                            "value": "embedded-chip.s.secondary"
                        }
                    }
                },
                "warning": {
                    "props": {
                        "chipStyle": {
                            "type": "component_style",
                            "value": "embedded-chip.s.warning"
                        }
                    }
                }
            },
            "props": {}
        },
        {
            "id": "xs",
            "parent": null,
            "view": {
                "default": {
                    "props": {
                        "chipStyle": {
                            "type": "component_style",
                            "value": "embedded-chip.xs.default"
                        }
                    }
                },
                "accent": {
                    "props": {
                        "chipStyle": {
                            "type": "component_style",
                            "value": "embedded-chip.xs.accent"
                        }
                    }
                },
                "negative": {
                    "props": {
                        "chipStyle": {
                            "type": "component_style",
                            "value": "embedded-chip.xs.negative"
                        }
                    }
                },
                "positive": {
                    "props": {
                        "chipStyle": {
                            "type": "component_style",
                            "value": "embedded-chip.xs.positive"
                        }
                    }
                },
                "secondary": {
                    "props": {
                        "chipStyle": {
                            "type": "component_style",
                            "value": "embedded-chip.xs.secondary"
                        }
                    }
                },
                "warning": {
                    "props": {
                        "chipStyle": {
                            "type": "component_style",
                            "value": "embedded-chip.xs.warning"
                        }
                    }
                }
            },
            "props": {}
        }
    ]
}