{
    "display": {
        "name": "Noto Sans Display",
        "fonts": [
            {
                "link": "url('https://github.com/salute-developers/theme-converter/raw/main/assets/fonts/Noto_Sans_Display/static/NotoSansDisplay-Light.ttf') format('ttf')",
                "fontWeight": "300",
                "fontStyle": "normal"
            },
            {
                "link": "url('https://github.com/salute-developers/theme-converter/raw/main/assets/fonts/Noto_Sans_Display/static/NotoSansDisplay-Thin.ttf') format('ttf')",
                "fontWeight": "100",
                "fontStyle": "normal"
            },
            {
                "link": "url('https://github.com/salute-developers/theme-converter/raw/main/assets/fonts/Noto_Sans_Display/static/NotoSansDisplay-Bold.ttf') format('ttf')",
                "fontWeight": "700",
                "fontStyle": "normal"
            },
            {
                "link": "url('https://github.com/salute-developers/theme-converter/raw/main/assets/fonts/Noto_Sans_Display/static/NotoSansDisplay-Regular.ttf') format('ttf')",
                "fontWeight": "400",
                "fontStyle": "normal"
            },
            {
                "link": "url('https://github.com/salute-developers/theme-converter/raw/main/assets/fonts/Noto_Sans_Display/static/NotoSansDisplay-SemiBold.ttf') format('ttf')",
                "fontWeight": "600",
                "fontStyle": "normal"
            },
            {
                "link": "url('https://github.com/salute-developers/theme-converter/raw/main/assets/fonts/Noto_Sans_Display/static/NotoSansDisplay-Medium.ttf') format('ttf')",
                "fontWeight": "500",
                "fontStyle": "normal"
            }
        ]
    },
    "header": {
        "name": "Noto Sans Display",
        "fonts": [
            {
                "link": "url('https://github.com/salute-developers/theme-converter/raw/main/assets/fonts/Noto_Sans_Display/static/NotoSansDisplay-Light.ttf') format('ttf')",
                "fontWeight": "300",
                "fontStyle": "normal"
            },
            {
                "link": "url('https://github.com/salute-developers/theme-converter/raw/main/assets/fonts/Noto_Sans_Display/static/NotoSansDisplay-Thin.ttf') format('ttf')",
                "fontWeight": "100",
                "fontStyle": "normal"
            },
            {
                "link": "url('https://github.com/salute-developers/theme-converter/raw/main/assets/fonts/Noto_Sans_Display/static/NotoSansDisplay-Bold.ttf') format('ttf')",
                "fontWeight": "700",
                "fontStyle": "normal"
            },
            {
                "link": "url('https://github.com/salute-developers/theme-converter/raw/main/assets/fonts/Noto_Sans_Display/static/NotoSansDisplay-Regular.ttf') format('ttf')",
                "fontWeight": "400",
                "fontStyle": "normal"
            },
            {
                "link": "url('https://github.com/salute-developers/theme-converter/raw/main/assets/fonts/Noto_Sans_Display/static/NotoSansDisplay-SemiBold.ttf') format('ttf')",
                "fontWeight": "600",
                "fontStyle": "normal"
            },
            {
                "link": "url('https://github.com/salute-developers/theme-converter/raw/main/assets/fonts/Noto_Sans_Display/static/NotoSansDisplay-Medium.ttf') format('ttf')",
                "fontWeight": "500",
                "fontStyle": "normal"
            }
        ]
    },
    "text": {
        "name": "Noto Sans Text",
        "fonts": [
            {
                "link": "url('https://github.com/salute-developers/theme-converter/raw/main/assets/fonts/Noto_Sans/static/NotoSans-Light.ttf') format('ttf')",
                "fontWeight": "300",
                "fontStyle": "normal"
            },
            {
                "link": "url('https://github.com/salute-developers/theme-converter/raw/main/assets/fonts/Noto_Sans/static/NotoSans-Italic.ttf') format('ttf')",
                "fontWeight": "400",
                "fontStyle": "italic"
            },
            {
                "link": "url('https://github.com/salute-developers/theme-converter/raw/main/assets/fonts/Noto_Sans/static/NotoSans-SemiBoldItalic.ttf') format('ttf')",
                "fontWeight": "600",
                "fontStyle": "italic"
            },
            {
                "link": "url('https://github.com/salute-developers/theme-converter/raw/main/assets/fonts/Noto_Sans/static/NotoSans-Thin.ttf') format('ttf')",
                "fontWeight": "100",
                "fontStyle": "normal"
            },
            {
                "link": "url('https://github.com/salute-developers/theme-converter/raw/main/assets/fonts/Noto_Sans/static/NotoSans-Regular.ttf') format('ttf')",
                "fontWeight": "400",
                "fontStyle": "normal"
            },
            {
                "link": "url('https://github.com/salute-developers/theme-converter/raw/main/assets/fonts/Noto_Sans/static/NotoSans-SemiBold.ttf') format('ttf')",
                "fontWeight": "600",
                "fontStyle": "normal"
            },
            {
                "link": "url('https://github.com/salute-developers/theme-converter/raw/main/assets/fonts/Noto_Sans/static/NotoSans-LightItalic.ttf') format('ttf')",
                "fontWeight": "300",
                "fontStyle": "italic"
            },
            {
                "link": "url('https://github.com/salute-developers/theme-converter/raw/main/assets/fonts/Noto_Sans/static/NotoSans-Bold.ttf') format('ttf')",
                "fontWeight": "700",
                "fontStyle": "normal"
            },
            {
                "link": "url('https://github.com/salute-developers/theme-converter/raw/main/assets/fonts/Noto_Sans/static/NotoSans-BoldItalic.ttf') format('ttf')",
                "fontWeight": "700",
                "fontStyle": "italic"
            },
            {
                "link": "url('https://github.com/salute-developers/theme-converter/raw/main/assets/fonts/Noto_Sans/static/NotoSans-Medium.ttf') format('ttf')",
                "fontWeight": "500",
                "fontStyle": "normal"
            }
        ]
    },
    "body": {
        "name": "Noto Sans Text",
        "fonts": [
            {
                "link": "url('https://github.com/salute-developers/theme-converter/raw/main/assets/fonts/Noto_Sans/static/NotoSans-Light.ttf') format('ttf')",
                "fontWeight": "300",
                "fontStyle": "normal"
            },
            {
                "link": "url('https://github.com/salute-developers/theme-converter/raw/main/assets/fonts/Noto_Sans/static/NotoSans-Italic.ttf') format('ttf')",
                "fontWeight": "400",
                "fontStyle": "italic"
            },
            {
                "link": "url('https://github.com/salute-developers/theme-converter/raw/main/assets/fonts/Noto_Sans/static/NotoSans-SemiBoldItalic.ttf') format('ttf')",
                "fontWeight": "600",
                "fontStyle": "italic"
            },
            {
                "link": "url('https://github.com/salute-developers/theme-converter/raw/main/assets/fonts/Noto_Sans/static/NotoSans-Thin.ttf') format('ttf')",
                "fontWeight": "100",
                "fontStyle": "normal"
            },
            {
                "link": "url('https://github.com/salute-developers/theme-converter/raw/main/assets/fonts/Noto_Sans/static/NotoSans-Regular.ttf') format('ttf')",
                "fontWeight": "400",
                "fontStyle": "normal"
            },
            {
                "link": "url('https://github.com/salute-developers/theme-converter/raw/main/assets/fonts/Noto_Sans/static/NotoSans-SemiBold.ttf') format('ttf')",
                "fontWeight": "600",
                "fontStyle": "normal"
            },
            {
                "link": "url('https://github.com/salute-developers/theme-converter/raw/main/assets/fonts/Noto_Sans/static/NotoSans-LightItalic.ttf') format('ttf')",
                "fontWeight": "300",
                "fontStyle": "italic"
            },
            {
                "link": "url('https://github.com/salute-developers/theme-converter/raw/main/assets/fonts/Noto_Sans/static/NotoSans-Bold.ttf') format('ttf')",
                "fontWeight": "700",
                "fontStyle": "normal"
            },
            {
                "link": "url('https://github.com/salute-developers/theme-converter/raw/main/assets/fonts/Noto_Sans/static/NotoSans-BoldItalic.ttf') format('ttf')",
                "fontWeight": "700",
                "fontStyle": "italic"
            },
            {
                "link": "url('https://github.com/salute-developers/theme-converter/raw/main/assets/fonts/Noto_Sans/static/NotoSans-Medium.ttf') format('ttf')",
                "fontWeight": "500",
                "fontStyle": "normal"
            }
        ]
    }
}