{
    "dark.outline.default.accent-gradient-hover": [
        "#CCCCCCFF"
    ],
    "dark.outline.default.accent-gradient-active": [
        "#E6E6E6FF"
    ],
    "dark.outline.default.accent-gradient": [
        "#FFFFFF"
    ],
    "dark.outline.default.accent-minor-gradient-hover": [
        "#CCCCCCFF"
    ],
    "dark.outline.default.accent-minor-gradient-active": [
        "#E6E6E6FF"
    ],
    "dark.outline.default.accent-minor-gradient": [
        "#FFFFFF"
    ],
    "dark.outline.default.transparent-accent-gradient-hover": [
        "#CCCCCCFF"
    ],
    "dark.outline.default.transparent-accent-gradient-active": [
        "#E6E6E6FF"
    ],
    "dark.outline.default.transparent-accent-gradient": [
        "#FFFFFF"
    ],
    "dark.outline.default.promo-gradient-hover": [
        "#CCCCCCFF"
    ],
    "dark.outline.default.promo-gradient-active": [
        "#E6E6E6FF"
    ],
    "dark.outline.default.promo-gradient": [
        "#FFFFFF"
    ],
    "dark.outline.default.promo-minor-gradient-hover": [
        "#CCCCCCFF"
    ],
    "dark.outline.default.promo-minor-gradient-active": [
        "#E6E6E6FF"
    ],
    "dark.outline.default.promo-minor-gradient": [
        "#FFFFFF"
    ],
    "dark.outline.on-dark.accent-gradient-hover": [
        "#CCCCCCFF"
    ],
    "dark.outline.on-dark.accent-gradient-active": [
        "#E6E6E6FF"
    ],
    "dark.outline.on-dark.accent-gradient": [
        "#FFFFFF"
    ],
    "dark.outline.on-dark.accent-minor-gradient-hover": [
        "#CCCCCCFF"
    ],
    "dark.outline.on-dark.accent-minor-gradient-active": [
        "#E6E6E6FF"
    ],
    "dark.outline.on-dark.accent-minor-gradient": [
        "#FFFFFF"
    ],
    "dark.outline.on-dark.transparent-accent-gradient-hover": [
        "#CCCCCCFF"
    ],
    "dark.outline.on-dark.transparent-accent-gradient-active": [
        "#E6E6E6FF"
    ],
    "dark.outline.on-dark.transparent-accent-gradient": [
        "#FFFFFF"
    ],
    "dark.outline.on-dark.promo-gradient-hover": [
        "#CCCCCCFF"
    ],
    "dark.outline.on-dark.promo-gradient-active": [
        "#E6E6E6FF"
    ],
    "dark.outline.on-dark.promo-gradient": [
        "#FFFFFF"
    ],
    "dark.outline.on-dark.promo-minor-gradient-hover": [
        "#CCCCCCFF"
    ],
    "dark.outline.on-dark.promo-minor-gradient-active": [
        "#E6E6E6FF"
    ],
    "dark.outline.on-dark.promo-minor-gradient": [
        "#FFFFFF"
    ],
    "dark.outline.on-light.accent-gradient-hover": [
        "#CCCCCCFF"
    ],
    "dark.outline.on-light.accent-gradient-active": [
        "#E6E6E6FF"
    ],
    "dark.outline.on-light.accent-gradient": [
        "#FFFFFF"
    ],
    "dark.outline.on-light.accent-minor-gradient-hover": [
        "#CCCCCCFF"
    ],
    "dark.outline.on-light.accent-minor-gradient-active": [
        "#E6E6E6FF"
    ],
    "dark.outline.on-light.accent-minor-gradient": [
        "#FFFFFF"
    ],
    "dark.outline.on-light.transparent-accent-gradient-hover": [
        "#CCCCCCFF"
    ],
    "dark.outline.on-light.transparent-accent-gradient-active": [
        "#E6E6E6FF"
    ],
    "dark.outline.on-light.transparent-accent-gradient": [
        "#FFFFFF"
    ],
    "dark.outline.on-light.promo-gradient-hover": [
        "#CCCCCCFF"
    ],
    "dark.outline.on-light.promo-gradient-active": [
        "#E6E6E6FF"
    ],
    "dark.outline.on-light.promo-gradient": [
        "#FFFFFF"
    ],
    "dark.outline.on-light.promo-minor-gradient-hover": [
        "#CCCCCCFF"
    ],
    "dark.outline.on-light.promo-minor-gradient-active": [
        "#E6E6E6FF"
    ],
    "dark.outline.on-light.promo-minor-gradient": [
        "#FFFFFF"
    ],
    "dark.outline.inverse.accent-gradient-hover": [
        "#CCCCCCFF"
    ],
    "dark.outline.inverse.accent-gradient-active": [
        "#E6E6E6FF"
    ],
    "dark.outline.inverse.accent-gradient": [
        "#FFFFFF"
    ],
    "dark.outline.inverse.accent-minor-gradient-hover": [
        "#CCCCCCFF"
    ],
    "dark.outline.inverse.accent-minor-gradient-active": [
        "#E6E6E6FF"
    ],
    "dark.outline.inverse.accent-minor-gradient": [
        "#FFFFFF"
    ],
    "dark.outline.inverse.transparent-accent-gradient-hover": [
        "#CCCCCCFF"
    ],
    "dark.outline.inverse.transparent-accent-gradient-active": [
        "#E6E6E6FF"
    ],
    "dark.outline.inverse.transparent-accent-gradient": [
        "#FFFFFF"
    ],
    "dark.outline.inverse.promo-gradient-hover": [
        "#CCCCCCFF"
    ],
    "dark.outline.inverse.promo-gradient-active": [
        "#E6E6E6FF"
    ],
    "dark.outline.inverse.promo-gradient": [
        "#FFFFFF"
    ],
    "dark.outline.inverse.promo-minor-gradient-hover": [
        "#CCCCCCFF"
    ],
    "dark.outline.inverse.promo-minor-gradient-active": [
        "#E6E6E6FF"
    ],
    "dark.outline.inverse.promo-minor-gradient": [
        "#FFFFFF"
    ],
    "dark.text.default.accent-gradient-hover": [
        "#CCCCCCFF"
    ],
    "dark.text.default.accent-gradient-active": [
        "#E6E6E6FF"
    ],
    "dark.text.default.accent-gradient": [
        "linear-gradient(75.33deg, #4AD6FCFF 0%, #389AFCFF 100%)"
    ],
    "dark.text.default.accent-minor-gradient-hover": [
        "#CCCCCCFF"
    ],
    "dark.text.default.accent-minor-gradient-active": [
        "#E6E6E6FF"
    ],
    "dark.text.default.accent-minor-gradient": [
        "#FFFFFF"
    ],
    "dark.text.default.promo-gradient-hover": [
        "#CCCCCCFF"
    ],
    "dark.text.default.promo-gradient-active": [
        "#E6E6E6FF"
    ],
    "dark.text.default.promo-gradient": [
        "#FFFFFF"
    ],
    "dark.text.default.promo-minor-gradient-hover": [
        "#CCCCCCFF"
    ],
    "dark.text.default.promo-minor-gradient-active": [
        "#E6E6E6FF"
    ],
    "dark.text.default.promo-minor-gradient": [
        "#FFFFFF"
    ],
    "dark.text.default.accent-gradient-secondary-hover": [
        "#CCCCCCFF"
    ],
    "dark.text.default.accent-gradient-secondary-active": [
        "#E6E6E6FF"
    ],
    "dark.text.default.accent-gradient-secondary": [
        "linear-gradient(75.33deg, #FFB2E5FF 0%, #FF4791FF 100%)"
    ],
    "dark.text.on-dark.accent-gradient-hover": [
        "#CCCCCCFF"
    ],
    "dark.text.on-dark.accent-gradient-active": [
        "#E6E6E6FF"
    ],
    "dark.text.on-dark.accent-gradient": [
        "linear-gradient(75.33deg, #4AD6FCFF 0%, #389AFCFF 100%)"
    ],
    "dark.text.on-dark.accent-minor-gradient-hover": [
        "#CCCCCCFF"
    ],
    "dark.text.on-dark.accent-minor-gradient-active": [
        "#E6E6E6FF"
    ],
    "dark.text.on-dark.accent-minor-gradient": [
        "#FFFFFF"
    ],
    "dark.text.on-dark.promo-gradient-hover": [
        "#CCCCCCFF"
    ],
    "dark.text.on-dark.promo-gradient-active": [
        "#E6E6E6FF"
    ],
    "dark.text.on-dark.promo-gradient": [
        "#FFFFFF"
    ],
    "dark.text.on-dark.promo-minor-gradient-hover": [
        "#CCCCCCFF"
    ],
    "dark.text.on-dark.promo-minor-gradient-active": [
        "#E6E6E6FF"
    ],
    "dark.text.on-dark.promo-minor-gradient": [
        "#FFFFFF"
    ],
    "dark.text.on-dark.accent-gradient-secondary-hover": [
        "#CCCCCCFF"
    ],
    "dark.text.on-dark.accent-gradient-secondary-active": [
        "#E6E6E6FF"
    ],
    "dark.text.on-dark.accent-gradient-secondary": [
        "linear-gradient(75.33deg, #FFB2E5FF 0%, #FF4791FF 100%)"
    ],
    "dark.text.on-light.accent-gradient-hover": [
        "#CCCCCCFF"
    ],
    "dark.text.on-light.accent-gradient-active": [
        "#E6E6E6FF"
    ],
    "dark.text.on-light.accent-gradient": [
        "linear-gradient(75.33deg, #12C2F3FF 0%, #2281E0FF 100%)"
    ],
    "dark.text.on-light.accent-minor-gradient-hover": [
        "#CCCCCCFF"
    ],
    "dark.text.on-light.accent-minor-gradient-active": [
        "#E6E6E6FF"
    ],
    "dark.text.on-light.accent-minor-gradient": [
        "#FFFFFF"
    ],
    "dark.text.on-light.promo-gradient-hover": [
        "#CCCCCCFF"
    ],
    "dark.text.on-light.promo-gradient-active": [
        "#E6E6E6FF"
    ],
    "dark.text.on-light.promo-gradient": [
        "#FFFFFF"
    ],
    "dark.text.on-light.promo-minor-gradient-hover": [
        "#CCCCCCFF"
    ],
    "dark.text.on-light.promo-minor-gradient-active": [
        "#E6E6E6FF"
    ],
    "dark.text.on-light.promo-minor-gradient": [
        "#FFFFFF"
    ],
    "dark.text.on-light.accent-gradient-secondary-hover": [
        "#CCCCCCFF"
    ],
    "dark.text.on-light.accent-gradient-secondary-active": [
        "#E6E6E6FF"
    ],
    "dark.text.on-light.accent-gradient-secondary": [
        "linear-gradient(75.33deg, #FF94C9FF 0%, #F00563FF 100%)"
    ],
    "dark.text.inverse.accent-gradient-hover": [
        "#CCCCCCFF"
    ],
    "dark.text.inverse.accent-gradient-active": [
        "#E6E6E6FF"
    ],
    "dark.text.inverse.accent-gradient": [
        "#FFFFFF"
    ],
    "dark.text.inverse.accent-minor-gradient-hover": [
        "#CCCCCCFF"
    ],
    "dark.text.inverse.accent-minor-gradient-active": [
        "#E6E6E6FF"
    ],
    "dark.text.inverse.accent-minor-gradient": [
        "#FFFFFF"
    ],
    "dark.text.inverse.promo-gradient-hover": [
        "#CCCCCCFF"
    ],
    "dark.text.inverse.promo-gradient-active": [
        "#E6E6E6FF"
    ],
    "dark.text.inverse.promo-gradient": [
        "#FFFFFF"
    ],
    "dark.text.inverse.promo-minor-gradient-hover": [
        "#CCCCCCFF"
    ],
    "dark.text.inverse.promo-minor-gradient-active": [
        "#E6E6E6FF"
    ],
    "dark.text.inverse.promo-minor-gradient": [
        "#FFFFFF"
    ],
    "dark.surface.default.accent-gradient-hover": [
        "#FFFFFFFF"
    ],
    "dark.surface.default.accent-gradient-active": [
        "#FFFFFFFF"
    ],
    "dark.surface.default.accent-gradient": [
        "linear-gradient(75.33deg, #12C2F3FF 0%, #2B8CEDFF 100%)"
    ],
    "dark.surface.default.accent-minor-gradient-hover": [
        "#FFFFFFFF"
    ],
    "dark.surface.default.accent-minor-gradient-active": [
        "#FFFFFFFF"
    ],
    "dark.surface.default.accent-minor-gradient": [
        "#FFFFFF"
    ],
    "dark.surface.default.transparent-accent-gradient-hover": [
        "#FFFFFFFF"
    ],
    "dark.surface.default.transparent-accent-gradient-active": [
        "#FFFFFFFF"
    ],
    "dark.surface.default.transparent-accent-gradient": [
        "#FFFFFF"
    ],
    "dark.surface.default.promo-gradient-hover": [
        "#FFFFFFFF"
    ],
    "dark.surface.default.promo-gradient-active": [
        "#FFFFFFFF"
    ],
    "dark.surface.default.promo-gradient": [
        "#FFFFFF"
    ],
    "dark.surface.default.promo-minor-gradient-hover": [
        "#FFFFFFFF"
    ],
    "dark.surface.default.promo-minor-gradient-active": [
        "#FFFFFFFF"
    ],
    "dark.surface.default.promo-minor-gradient": [
        "#FFFFFF"
    ],
    "dark.surface.default.transparent-promo-gradient-hover": [
        "#FFFFFFFF"
    ],
    "dark.surface.default.transparent-promo-gradient-active": [
        "#FFFFFFFF"
    ],
    "dark.surface.default.transparent-promo-gradient": [
        "#FFFFFF"
    ],
    "dark.surface.default.accent-gradient-secondary-hover": [
        "#FFFFFFFF"
    ],
    "dark.surface.default.accent-gradient-secondary-active": [
        "#FFFFFFFF"
    ],
    "dark.surface.default.accent-gradient-secondary": [
        "linear-gradient(75.33deg, #FC95DAFF 0%, #FF1F78FF 100%)"
    ],
    "dark.surface.default.skeleton-gradient": [
        "linear-gradient(90deg, #FFFFFF17 0%, #FFFFFF14 6.25%, #FFFFFF0D 12.5%, #FFFFFF03 25%, #FFFFFF0D 37.5%, #FFFFFF14 43.75%, #FFFFFF17 50%, #FFFFFF14 56.25%, #FFFFFF0D 62.5%, #FFFFFF03 75%, #FFFFFF0D 87.5%, #FFFFFF14 93.75%, #FFFFFF17 100%)"
    ],
    "dark.surface.default.skeleton-gradient-hover": [
        "#FFFFFFFF"
    ],
    "dark.surface.default.skeleton-gradient-active": [
        "#FFFFFFFF"
    ],
    "dark.surface.default.skeleton-deep-gradient": [
        "linear-gradient(90deg, #FFFFFF5C 0%, #FFFFFF52 6.25%, #FFFFFF33 12.5%, #FFFFFF0A 25%, #FFFFFF33 37.5%, #FFFFFF52 43.75%, #FFFFFF5C 50%, #FFFFFF14 56.25%, #FFFFFF33 62.5%, #FFFFFF0A 75%, #FFFFFF33 87.5%, #FFFFFF52 93.75%, #FFFFFF5C 100%)"
    ],
    "dark.surface.default.skeleton-deep-gradient-hover": [
        "#FFFFFFFF"
    ],
    "dark.surface.default.skeleton-deep-gradient-active": [
        "#FFFFFFFF"
    ],
    "dark.surface.on-dark.accent-gradient-hover": [
        "#FFFFFFFF"
    ],
    "dark.surface.on-dark.accent-gradient-active": [
        "#FFFFFFFF"
    ],
    "dark.surface.on-dark.accent-gradient": [
        "linear-gradient(75.33deg, #12C2F3FF 0%, #2B8CEDFF 100%)"
    ],
    "dark.surface.on-dark.accent-minor-gradient-hover": [
        "#FFFFFFFF"
    ],
    "dark.surface.on-dark.accent-minor-gradient-active": [
        "#FFFFFFFF"
    ],
    "dark.surface.on-dark.accent-minor-gradient": [
        "#FFFFFF"
    ],
    "dark.surface.on-dark.transparent-accent-gradient-hover": [
        "#FFFFFFFF"
    ],
    "dark.surface.on-dark.transparent-accent-gradient-active": [
        "#FFFFFFFF"
    ],
    "dark.surface.on-dark.transparent-accent-gradient": [
        "#FFFFFF"
    ],
    "dark.surface.on-dark.promo-gradient-hover": [
        "#FFFFFFFF"
    ],
    "dark.surface.on-dark.promo-gradient-active": [
        "#FFFFFFFF"
    ],
    "dark.surface.on-dark.promo-gradient": [
        "#FFFFFF"
    ],
    "dark.surface.on-dark.promo-minor-gradient-hover": [
        "#FFFFFFFF"
    ],
    "dark.surface.on-dark.promo-minor-gradient-active": [
        "#FFFFFFFF"
    ],
    "dark.surface.on-dark.promo-minor-gradient": [
        "#FFFFFF"
    ],
    "dark.surface.on-dark.transparent-promo-gradient-hover": [
        "#FFFFFFFF"
    ],
    "dark.surface.on-dark.transparent-promo-gradient-active": [
        "#FFFFFFFF"
    ],
    "dark.surface.on-dark.transparent-promo-gradient": [
        "#FFFFFF"
    ],
    "dark.surface.on-dark.accent-gradient-secondary-hover": [
        "#FFFFFFFF"
    ],
    "dark.surface.on-dark.accent-gradient-secondary-active": [
        "#FFFFFFFF"
    ],
    "dark.surface.on-dark.accent-gradient-secondary": [
        "linear-gradient(75.33deg, #FC95DAFF 0%, #FF1F78FF 100%)"
    ],
    "dark.surface.on-dark.skeleton-gradient": [
        "linear-gradient(90deg, #FFFFFF17 0%, #FFFFFF14 6.25%, #FFFFFF0D 12.5%, #FFFFFF03 25%, #FFFFFF0D 37.5%, #FFFFFF14 43.75%, #FFFFFF17 50%, #FFFFFF14 56.25%, #FFFFFF0D 62.5%, #FFFFFF03 75%, #FFFFFF0D 87.5%, #FFFFFF14 93.75%, #FFFFFF17 100%)"
    ],
    "dark.surface.on-dark.skeleton-gradient-hover": [
        "#FFFFFFFF"
    ],
    "dark.surface.on-dark.skeleton-gradient-active": [
        "#FFFFFFFF"
    ],
    "dark.surface.on-dark.skeleton-deep-gradient": [
        "linear-gradient(90deg, #FFFFFF5C 0%, #FFFFFF52 6.25%, #FFFFFF33 12.5%, #FFFFFF0A 25%, #FFFFFF33 37.5%, #FFFFFF52 43.75%, #FFFFFF5C 50%, #FFFFFF14 56.25%, #FFFFFF33 62.5%, #FFFFFF0A 75%, #FFFFFF33 87.5%, #FFFFFF52 93.75%, #FFFFFF5C 100%)"
    ],
    "dark.surface.on-dark.skeleton-deep-gradient-hover": [
        "#FFFFFFFF"
    ],
    "dark.surface.on-dark.skeleton-deep-gradient-active": [
        "#FFFFFFFF"
    ],
    "dark.surface.on-light.accent-gradient-hover": [
        "#FFFFFFFF"
    ],
    "dark.surface.on-light.accent-gradient-active": [
        "#FFFFFFFF"
    ],
    "dark.surface.on-light.accent-gradient": [
        "linear-gradient(75.33deg, #12C2F3FF 0%, #2B8CEDFF 100%)"
    ],
    "dark.surface.on-light.accent-minor-gradient-hover": [
        "#FFFFFFFF"
    ],
    "dark.surface.on-light.accent-minor-gradient-active": [
        "#FFFFFFFF"
    ],
    "dark.surface.on-light.accent-minor-gradient": [
        "#FFFFFF"
    ],
    "dark.surface.on-light.transparent-accent-gradient-hover": [
        "#FFFFFFFF"
    ],
    "dark.surface.on-light.transparent-accent-gradient-active": [
        "#FFFFFFFF"
    ],
    "dark.surface.on-light.transparent-accent-gradient": [
        "#FFFFFF"
    ],
    "dark.surface.on-light.promo-gradient-hover": [
        "#FFFFFFFF"
    ],
    "dark.surface.on-light.promo-gradient-active": [
        "#FFFFFFFF"
    ],
    "dark.surface.on-light.promo-gradient": [
        "#FFFFFF"
    ],
    "dark.surface.on-light.promo-minor-gradient-hover": [
        "#FFFFFFFF"
    ],
    "dark.surface.on-light.promo-minor-gradient-active": [
        "#FFFFFFFF"
    ],
    "dark.surface.on-light.promo-minor-gradient": [
        "#FFFFFF"
    ],
    "dark.surface.on-light.transparent-promo-gradient-hover": [
        "#FFFFFFFF"
    ],
    "dark.surface.on-light.transparent-promo-gradient-active": [
        "#FFFFFFFF"
    ],
    "dark.surface.on-light.transparent-promo-gradient": [
        "#FFFFFF"
    ],
    "dark.surface.on-light.accent-gradient-secondary-hover": [
        "#FFFFFFFF"
    ],
    "dark.surface.on-light.accent-gradient-secondary-active": [
        "#FFFFFFFF"
    ],
    "dark.surface.on-light.accent-gradient-secondary": [
        "linear-gradient(75.33deg, #FC95DAFF 0%, #FF1F78FF 100%)"
    ],
    "dark.surface.on-light.skeleton-gradient": [
        "linear-gradient(90deg, #08080817 0%, #08080814 6.25%, #0808080D 12.5%, #08080803 25%, #0808080D 37.5%, #08080814 43.75%, #08080817 50%, #08080814 56.25%, #0808080D 62.5%, #08080803 75%, #0808080D 87.5%, #08080814 93.75%, #08080817 100%)"
    ],
    "dark.surface.on-light.skeleton-gradient-hover": [
        "#FFFFFFFF"
    ],
    "dark.surface.on-light.skeleton-gradient-active": [
        "#FFFFFFFF"
    ],
    "dark.surface.on-light.skeleton-deep-gradient": [
        "linear-gradient(90deg, #0808085C 0%, #08080852 6.25%, #08080833 12.5%, #0808080A 25%, #08080833 37.5%, #08080852 43.75%, #0808085C 50%, #08080814 56.25%, #08080833 62.5%, #0808080A 75%, #08080833 87.5%, #08080852 93.75%, #0808085C 100%)"
    ],
    "dark.surface.on-light.skeleton-deep-gradient-hover": [
        "#FFFFFFFF"
    ],
    "dark.surface.on-light.skeleton-deep-gradient-active": [
        "#FFFFFFFF"
    ],
    "dark.surface.inverse.accent-gradient-hover": [
        "#FFFFFFFF"
    ],
    "dark.surface.inverse.accent-gradient-active": [
        "#FFFFFFFF"
    ],
    "dark.surface.inverse.accent-gradient": [
        "#FFFFFF"
    ],
    "dark.surface.inverse.accent-minor-gradient-hover": [
        "#FFFFFFFF"
    ],
    "dark.surface.inverse.accent-minor-gradient-active": [
        "#FFFFFFFF"
    ],
    "dark.surface.inverse.accent-minor-gradient": [
        "#FFFFFF"
    ],
    "dark.surface.inverse.transparent-accent-gradient-hover": [
        "#FFFFFFFF"
    ],
    "dark.surface.inverse.transparent-accent-gradient-active": [
        "#FFFFFFFF"
    ],
    "dark.surface.inverse.transparent-accent-gradient": [
        "#FFFFFF"
    ],
    "dark.surface.inverse.promo-gradient-hover": [
        "#FFFFFFFF"
    ],
    "dark.surface.inverse.promo-gradient-active": [
        "#FFFFFFFF"
    ],
    "dark.surface.inverse.promo-gradient": [
        "#FFFFFF"
    ],
    "dark.surface.inverse.promo-minor-gradient-hover": [
        "#FFFFFFFF"
    ],
    "dark.surface.inverse.promo-minor-gradient-active": [
        "#FFFFFFFF"
    ],
    "dark.surface.inverse.promo-minor-gradient": [
        "#FFFFFF"
    ],
    "dark.surface.inverse.transparent-promo-gradient-hover": [
        "#FFFFFFFF"
    ],
    "dark.surface.inverse.transparent-promo-gradient-active": [
        "#FFFFFFFF"
    ],
    "dark.surface.inverse.transparent-promo-gradient": [
        "#FFFFFF"
    ],
    "dark.surface.inverse.skeleton-gradient": [
        "linear-gradient(90deg, #08080817 0%, #08080814 6.25%, #0808080D 12.5%, #08080803 25%, #0808080D 37.5%, #08080814 43.75%, #08080817 50%, #08080814 56.25%, #0808080D 62.5%, #08080803 75%, #0808080D 87.5%, #08080814 93.75%, #08080817 100%)"
    ],
    "dark.surface.inverse.skeleton-gradient-hover": [
        "#FFFFFFFF"
    ],
    "dark.surface.inverse.skeleton-gradient-active": [
        "#FFFFFFFF"
    ],
    "dark.surface.inverse.skeleton-deep-gradient": [
        "linear-gradient(90deg, #0808085C 0%, #08080852 6.25%, #08080833 12.5%, #0808080A 25%, #08080833 37.5%, #08080852 43.75%, #0808085C 50%, #08080814 56.25%, #08080833 62.5%, #0808080A 75%, #08080833 87.5%, #08080852 93.75%, #0808085C 100%)"
    ],
    "dark.surface.inverse.skeleton-deep-gradient-hover": [
        "#FFFFFFFF"
    ],
    "dark.surface.inverse.skeleton-deep-gradient-active": [
        "#FFFFFFFF"
    ],
    "light.outline.default.accent-gradient-hover": [
        "#000000FF"
    ],
    "light.outline.default.accent-gradient-active": [
        "#CCCCCCFF"
    ],
    "light.outline.default.accent-gradient": [
        "#FFFFFF"
    ],
    "light.outline.default.accent-minor-gradient-hover": [
        "#000000FF"
    ],
    "light.outline.default.accent-minor-gradient-active": [
        "#CCCCCCFF"
    ],
    "light.outline.default.accent-minor-gradient": [
        "#FFFFFF"
    ],
    "light.outline.default.transparent-accent-gradient-hover": [
        "#000000FF"
    ],
    "light.outline.default.transparent-accent-gradient-active": [
        "#CCCCCCFF"
    ],
    "light.outline.default.transparent-accent-gradient": [
        "#FFFFFF"
    ],
    "light.outline.default.promo-gradient-hover": [
        "#000000FF"
    ],
    "light.outline.default.promo-gradient-active": [
        "#CCCCCCFF"
    ],
    "light.outline.default.promo-gradient": [
        "#FFFFFF"
    ],
    "light.outline.default.promo-minor-gradient-hover": [
        "#000000FF"
    ],
    "light.outline.default.promo-minor-gradient-active": [
        "#CCCCCCFF"
    ],
    "light.outline.default.promo-minor-gradient": [
        "#FFFFFF"
    ],
    "light.outline.on-dark.accent-gradient-hover": [
        "#000000FF"
    ],
    "light.outline.on-dark.accent-gradient-active": [
        "#CCCCCCFF"
    ],
    "light.outline.on-dark.accent-gradient": [
        "#FFFFFF"
    ],
    "light.outline.on-dark.accent-minor-gradient-hover": [
        "#000000FF"
    ],
    "light.outline.on-dark.accent-minor-gradient-active": [
        "#CCCCCCFF"
    ],
    "light.outline.on-dark.accent-minor-gradient": [
        "#FFFFFF"
    ],
    "light.outline.on-dark.transparent-accent-gradient-hover": [
        "#000000FF"
    ],
    "light.outline.on-dark.transparent-accent-gradient-active": [
        "#CCCCCCFF"
    ],
    "light.outline.on-dark.transparent-accent-gradient": [
        "#FFFFFF"
    ],
    "light.outline.on-dark.promo-gradient-hover": [
        "#000000FF"
    ],
    "light.outline.on-dark.promo-gradient-active": [
        "#CCCCCCFF"
    ],
    "light.outline.on-dark.promo-gradient": [
        "#FFFFFF"
    ],
    "light.outline.on-dark.promo-minor-gradient-hover": [
        "#000000FF"
    ],
    "light.outline.on-dark.promo-minor-gradient-active": [
        "#CCCCCCFF"
    ],
    "light.outline.on-dark.promo-minor-gradient": [
        "#FFFFFF"
    ],
    "light.outline.on-light.accent-gradient-hover": [
        "#000000FF"
    ],
    "light.outline.on-light.accent-gradient-active": [
        "#CCCCCCFF"
    ],
    "light.outline.on-light.accent-gradient": [
        "#FFFFFF"
    ],
    "light.outline.on-light.accent-minor-gradient-hover": [
        "#000000FF"
    ],
    "light.outline.on-light.accent-minor-gradient-active": [
        "#CCCCCCFF"
    ],
    "light.outline.on-light.accent-minor-gradient": [
        "#FFFFFF"
    ],
    "light.outline.on-light.transparent-accent-gradient-hover": [
        "#000000FF"
    ],
    "light.outline.on-light.transparent-accent-gradient-active": [
        "#CCCCCCFF"
    ],
    "light.outline.on-light.transparent-accent-gradient": [
        "#FFFFFF"
    ],
    "light.outline.on-light.promo-gradient-hover": [
        "#000000FF"
    ],
    "light.outline.on-light.promo-gradient-active": [
        "#CCCCCCFF"
    ],
    "light.outline.on-light.promo-gradient": [
        "#FFFFFF"
    ],
    "light.outline.on-light.promo-minor-gradient-hover": [
        "#000000FF"
    ],
    "light.outline.on-light.promo-minor-gradient-active": [
        "#CCCCCCFF"
    ],
    "light.outline.on-light.promo-minor-gradient": [
        "#FFFFFF"
    ],
    "light.outline.inverse.accent-gradient-hover": [
        "#000000FF"
    ],
    "light.outline.inverse.accent-gradient-active": [
        "#CCCCCCFF"
    ],
    "light.outline.inverse.accent-gradient": [
        "#FFFFFF"
    ],
    "light.outline.inverse.accent-minor-gradient-hover": [
        "#000000FF"
    ],
    "light.outline.inverse.accent-minor-gradient-active": [
        "#CCCCCCFF"
    ],
    "light.outline.inverse.accent-minor-gradient": [
        "#FFFFFF"
    ],
    "light.outline.inverse.transparent-accent-gradient-hover": [
        "#000000FF"
    ],
    "light.outline.inverse.transparent-accent-gradient-active": [
        "#CCCCCCFF"
    ],
    "light.outline.inverse.transparent-accent-gradient": [
        "#FFFFFF"
    ],
    "light.outline.inverse.promo-gradient-hover": [
        "#000000FF"
    ],
    "light.outline.inverse.promo-gradient-active": [
        "#CCCCCCFF"
    ],
    "light.outline.inverse.promo-gradient": [
        "#FFFFFF"
    ],
    "light.outline.inverse.promo-minor-gradient-hover": [
        "#000000FF"
    ],
    "light.outline.inverse.promo-minor-gradient-active": [
        "#CCCCCCFF"
    ],
    "light.outline.inverse.promo-minor-gradient": [
        "#FFFFFF"
    ],
    "light.text.default.accent-gradient-hover": [
        "#000000FF"
    ],
    "light.text.default.accent-gradient-active": [
        "#CCCCCCFF"
    ],
    "light.text.default.accent-gradient": [
        "linear-gradient(75.33deg, #12C2F3FF 0%, #2281E0FF 100%)"
    ],
    "light.text.default.accent-minor-gradient-hover": [
        "#000000FF"
    ],
    "light.text.default.accent-minor-gradient-active": [
        "#CCCCCCFF"
    ],
    "light.text.default.accent-minor-gradient": [
        "#FFFFFF"
    ],
    "light.text.default.promo-gradient-hover": [
        "#000000FF"
    ],
    "light.text.default.promo-gradient-active": [
        "#CCCCCCFF"
    ],
    "light.text.default.promo-gradient": [
        "#FFFFFF"
    ],
    "light.text.default.promo-minor-gradient-hover": [
        "#000000FF"
    ],
    "light.text.default.promo-minor-gradient-active": [
        "#CCCCCCFF"
    ],
    "light.text.default.promo-minor-gradient": [
        "#FFFFFF"
    ],
    "light.text.default.accent-gradient-secondary-hover": [
        "#000000FF"
    ],
    "light.text.default.accent-gradient-secondary-active": [
        "#CCCCCCFF"
    ],
    "light.text.default.accent-gradient-secondary": [
        "linear-gradient(75.33deg, #FF94C9FF 0%, #F00563FF 100%)"
    ],
    "light.text.on-dark.accent-gradient-hover": [
        "#000000FF"
    ],
    "light.text.on-dark.accent-gradient-active": [
        "#CCCCCCFF"
    ],
    "light.text.on-dark.accent-gradient": [
        "linear-gradient(75.33deg, #4AD6FCFF 0%, #389AFCFF 100%)"
    ],
    "light.text.on-dark.accent-minor-gradient-hover": [
        "#000000FF"
    ],
    "light.text.on-dark.accent-minor-gradient-active": [
        "#CCCCCCFF"
    ],
    "light.text.on-dark.accent-minor-gradient": [
        "#FFFFFF"
    ],
    "light.text.on-dark.promo-gradient-hover": [
        "#000000FF"
    ],
    "light.text.on-dark.promo-gradient-active": [
        "#CCCCCCFF"
    ],
    "light.text.on-dark.promo-gradient": [
        "#FFFFFF"
    ],
    "light.text.on-dark.promo-minor-gradient-hover": [
        "#000000FF"
    ],
    "light.text.on-dark.promo-minor-gradient-active": [
        "#CCCCCCFF"
    ],
    "light.text.on-dark.promo-minor-gradient": [
        "#FFFFFF"
    ],
    "light.text.on-dark.accent-gradient-secondary-hover": [
        "#000000FF"
    ],
    "light.text.on-dark.accent-gradient-secondary-active": [
        "#CCCCCCFF"
    ],
    "light.text.on-dark.accent-gradient-secondary": [
        "linear-gradient(75.33deg, #FFB2E5FF 0%, #FF4791FF 100%)"
    ],
    "light.text.on-light.accent-gradient-hover": [
        "#000000FF"
    ],
    "light.text.on-light.accent-gradient-active": [
        "#CCCCCCFF"
    ],
    "light.text.on-light.accent-gradient": [
        "linear-gradient(75.33deg, #12C2F3FF 0%, #2281E0FF 100%)"
    ],
    "light.text.on-light.accent-minor-gradient-hover": [
        "#000000FF"
    ],
    "light.text.on-light.accent-minor-gradient-active": [
        "#CCCCCCFF"
    ],
    "light.text.on-light.accent-minor-gradient": [
        "#FFFFFF"
    ],
    "light.text.on-light.promo-gradient-hover": [
        "#000000FF"
    ],
    "light.text.on-light.promo-gradient-active": [
        "#CCCCCCFF"
    ],
    "light.text.on-light.promo-gradient": [
        "#FFFFFF"
    ],
    "light.text.on-light.promo-minor-gradient-hover": [
        "#000000FF"
    ],
    "light.text.on-light.promo-minor-gradient-active": [
        "#CCCCCCFF"
    ],
    "light.text.on-light.promo-minor-gradient": [
        "#FFFFFF"
    ],
    "light.text.on-light.accent-gradient-secondary-hover": [
        "#000000FF"
    ],
    "light.text.on-light.accent-gradient-secondary-active": [
        "#CCCCCCFF"
    ],
    "light.text.on-light.accent-gradient-secondary": [
        "linear-gradient(75.33deg, #FF94C9FF 0%, #F00563FF 100%)"
    ],
    "light.text.inverse.accent-gradient-hover": [
        "#000000FF"
    ],
    "light.text.inverse.accent-gradient-active": [
        "#CCCCCCFF"
    ],
    "light.text.inverse.accent-gradient": [
        "#FFFFFF"
    ],
    "light.text.inverse.accent-minor-gradient-hover": [
        "#000000FF"
    ],
    "light.text.inverse.accent-minor-gradient-active": [
        "#CCCCCCFF"
    ],
    "light.text.inverse.accent-minor-gradient": [
        "#FFFFFF"
    ],
    "light.text.inverse.promo-gradient-hover": [
        "#000000FF"
    ],
    "light.text.inverse.promo-gradient-active": [
        "#CCCCCCFF"
    ],
    "light.text.inverse.promo-gradient": [
        "#FFFFFF"
    ],
    "light.text.inverse.promo-minor-gradient-hover": [
        "#000000FF"
    ],
    "light.text.inverse.promo-minor-gradient-active": [
        "#CCCCCCFF"
    ],
    "light.text.inverse.promo-minor-gradient": [
        "#FFFFFF"
    ],
    "light.surface.default.accent-gradient-hover": [
        "#FFFFFFFF"
    ],
    "light.surface.default.accent-gradient-active": [
        "#FFFFFFFF"
    ],
    "light.surface.default.accent-gradient": [
        "linear-gradient(75.33deg, #12C2F3FF 0%, #2B8CEDFF 100%)"
    ],
    "light.surface.default.accent-minor-gradient-hover": [
        "#FFFFFFFF"
    ],
    "light.surface.default.accent-minor-gradient-active": [
        "#FFFFFFFF"
    ],
    "light.surface.default.accent-minor-gradient": [
        "#FFFFFF"
    ],
    "light.surface.default.transparent-accent-gradient-hover": [
        "#FFFFFFFF"
    ],
    "light.surface.default.transparent-accent-gradient-active": [
        "#FFFFFFFF"
    ],
    "light.surface.default.transparent-accent-gradient": [
        "#FFFFFF"
    ],
    "light.surface.default.promo-gradient-hover": [
        "#FFFFFFFF"
    ],
    "light.surface.default.promo-gradient-active": [
        "#FFFFFFFF"
    ],
    "light.surface.default.promo-gradient": [
        "#FFFFFF"
    ],
    "light.surface.default.promo-minor-gradient-hover": [
        "#FFFFFFFF"
    ],
    "light.surface.default.promo-minor-gradient-active": [
        "#FFFFFFFF"
    ],
    "light.surface.default.promo-minor-gradient": [
        "#FFFFFF"
    ],
    "light.surface.default.transparent-promo-gradient-hover": [
        "#FFFFFFFF"
    ],
    "light.surface.default.transparent-promo-gradient-active": [
        "#FFFFFFFF"
    ],
    "light.surface.default.transparent-promo-gradient": [
        "#FFFFFF"
    ],
    "light.surface.default.accent-gradient-secondary-hover": [
        "#FFFFFFFF"
    ],
    "light.surface.default.accent-gradient-secondary-active": [
        "#FFFFFFFF"
    ],
    "light.surface.default.accent-gradient-secondary": [
        "linear-gradient(75.33deg, #FC95DAFF 0%, #FF1F78FF 100%)"
    ],
    "light.surface.default.skeleton-gradient": [
        "linear-gradient(90deg, #08080817 0%, #08080814 6.25%, #0808080D 12.5%, #08080803 25%, #0808080D 37.5%, #08080814 43.75%, #08080817 50%, #08080814 56.25%, #0808080D 62.5%, #08080803 75%, #0808080D 87.5%, #08080814 93.75%, #08080817 100%)"
    ],
    "light.surface.default.skeleton-gradient-hover": [
        "#FFFFFFFF"
    ],
    "light.surface.default.skeleton-gradient-active": [
        "#FFFFFFFF"
    ],
    "light.surface.default.skeleton-deep-gradient": [
        "linear-gradient(90deg, #0808085C 0%, #08080852 6.25%, #08080833 12.5%, #0808080A 25%, #08080833 37.5%, #08080852 43.75%, #0808085C 50%, #08080814 56.25%, #08080833 62.5%, #0808080A 75%, #08080833 87.5%, #08080852 93.75%, #0808085C 100%)"
    ],
    "light.surface.default.skeleton-deep-gradient-hover": [
        "#FFFFFFFF"
    ],
    "light.surface.default.skeleton-deep-gradient-active": [
        "#FFFFFFFF"
    ],
    "light.surface.on-dark.accent-gradient-hover": [
        "#FFFFFFFF"
    ],
    "light.surface.on-dark.accent-gradient-active": [
        "#FFFFFFFF"
    ],
    "light.surface.on-dark.accent-gradient": [
        "linear-gradient(75.33deg, #12C2F3FF 0%, #2B8CEDFF 100%)"
    ],
    "light.surface.on-dark.accent-minor-gradient-hover": [
        "#FFFFFFFF"
    ],
    "light.surface.on-dark.accent-minor-gradient-active": [
        "#FFFFFFFF"
    ],
    "light.surface.on-dark.accent-minor-gradient": [
        "#FFFFFF"
    ],
    "light.surface.on-dark.transparent-accent-gradient-hover": [
        "#FFFFFFFF"
    ],
    "light.surface.on-dark.transparent-accent-gradient-active": [
        "#FFFFFFFF"
    ],
    "light.surface.on-dark.transparent-accent-gradient": [
        "#FFFFFF"
    ],
    "light.surface.on-dark.promo-gradient-hover": [
        "#FFFFFFFF"
    ],
    "light.surface.on-dark.promo-gradient-active": [
        "#FFFFFFFF"
    ],
    "light.surface.on-dark.promo-gradient": [
        "#FFFFFF"
    ],
    "light.surface.on-dark.promo-minor-gradient-hover": [
        "#FFFFFFFF"
    ],
    "light.surface.on-dark.promo-minor-gradient-active": [
        "#FFFFFFFF"
    ],
    "light.surface.on-dark.promo-minor-gradient": [
        "#FFFFFF"
    ],
    "light.surface.on-dark.transparent-promo-gradient-hover": [
        "#FFFFFFFF"
    ],
    "light.surface.on-dark.transparent-promo-gradient-active": [
        "#FFFFFFFF"
    ],
    "light.surface.on-dark.transparent-promo-gradient": [
        "#FFFFFF"
    ],
    "light.surface.on-dark.accent-gradient-secondary-hover": [
        "#FFFFFFFF"
    ],
    "light.surface.on-dark.accent-gradient-secondary-active": [
        "#FFFFFFFF"
    ],
    "light.surface.on-dark.accent-gradient-secondary": [
        "linear-gradient(75.33deg, #FC95DAFF 0%, #FF1F78FF 100%)"
    ],
    "light.surface.on-dark.skeleton-gradient": [
        "linear-gradient(90deg, #FFFFFF17 0%, #FFFFFF14 6.25%, #FFFFFF0D 12.5%, #FFFFFF03 25%, #FFFFFF0D 37.5%, #FFFFFF14 43.75%, #FFFFFF17 50%, #FFFFFF14 56.25%, #FFFFFF0D 62.5%, #FFFFFF03 75%, #FFFFFF0D 87.5%, #FFFFFF14 93.75%, #FFFFFF17 100%)"
    ],
    "light.surface.on-dark.skeleton-gradient-hover": [
        "#FFFFFFFF"
    ],
    "light.surface.on-dark.skeleton-gradient-active": [
        "#FFFFFFFF"
    ],
    "light.surface.on-dark.skeleton-deep-gradient": [
        "linear-gradient(90deg, #FFFFFF5C 0%, #FFFFFF52 6.25%, #FFFFFF33 12.5%, #FFFFFF0A 25%, #FFFFFF33 37.5%, #FFFFFF52 43.75%, #FFFFFF5C 50%, #FFFFFF14 56.25%, #FFFFFF33 62.5%, #FFFFFF0A 75%, #FFFFFF33 87.5%, #FFFFFF52 93.75%, #FFFFFF5C 100%)"
    ],
    "light.surface.on-dark.skeleton-deep-gradient-hover": [
        "#FFFFFFFF"
    ],
    "light.surface.on-dark.skeleton-deep-gradient-active": [
        "#FFFFFFFF"
    ],
    "light.surface.on-light.accent-gradient-hover": [
        "#FFFFFFFF"
    ],
    "light.surface.on-light.accent-gradient-active": [
        "#FFFFFFFF"
    ],
    "light.surface.on-light.accent-gradient": [
        "linear-gradient(75.33deg, #12C2F3FF 0%, #2B8CEDFF 100%)"
    ],
    "light.surface.on-light.accent-minor-gradient-hover": [
        "#FFFFFFFF"
    ],
    "light.surface.on-light.accent-minor-gradient-active": [
        "#FFFFFFFF"
    ],
    "light.surface.on-light.accent-minor-gradient": [
        "#FFFFFF"
    ],
    "light.surface.on-light.transparent-accent-gradient-hover": [
        "#FFFFFFFF"
    ],
    "light.surface.on-light.transparent-accent-gradient-active": [
        "#FFFFFFFF"
    ],
    "light.surface.on-light.transparent-accent-gradient": [
        "#FFFFFF"
    ],
    "light.surface.on-light.promo-gradient-hover": [
        "#FFFFFFFF"
    ],
    "light.surface.on-light.promo-gradient-active": [
        "#FFFFFFFF"
    ],
    "light.surface.on-light.promo-gradient": [
        "#FFFFFF"
    ],
    "light.surface.on-light.promo-minor-gradient-hover": [
        "#FFFFFFFF"
    ],
    "light.surface.on-light.promo-minor-gradient-active": [
        "#FFFFFFFF"
    ],
    "light.surface.on-light.promo-minor-gradient": [
        "#FFFFFF"
    ],
    "light.surface.on-light.transparent-promo-gradient-hover": [
        "#FFFFFFFF"
    ],
    "light.surface.on-light.transparent-promo-gradient-active": [
        "#FFFFFFFF"
    ],
    "light.surface.on-light.transparent-promo-gradient": [
        "#FFFFFF"
    ],
    "light.surface.on-light.accent-gradient-secondary-hover": [
        "#FFFFFFFF"
    ],
    "light.surface.on-light.accent-gradient-secondary-active": [
        "#FFFFFFFF"
    ],
    "light.surface.on-light.accent-gradient-secondary": [
        "linear-gradient(75.33deg, #FC95DAFF 0%, #FF1F78FF 100%)"
    ],
    "light.surface.on-light.skeleton-gradient": [
        "linear-gradient(90deg, #08080817 0%, #08080814 6.25%, #0808080D 12.5%, #08080803 25%, #0808080D 37.5%, #08080814 43.75%, #08080817 50%, #08080814 56.25%, #0808080D 62.5%, #08080803 75%, #0808080D 87.5%, #08080814 93.75%, #08080817 100%)"
    ],
    "light.surface.on-light.skeleton-gradient-hover": [
        "#FFFFFFFF"
    ],
    "light.surface.on-light.skeleton-gradient-active": [
        "#FFFFFFFF"
    ],
    "light.surface.on-light.skeleton-deep-gradient": [
        "linear-gradient(90deg, #0808085C 0%, #08080852 6.25%, #08080833 12.5%, #0808080A 25%, #08080833 37.5%, #08080852 43.75%, #0808085C 50%, #08080814 56.25%, #08080833 62.5%, #0808080A 75%, #08080833 87.5%, #08080852 93.75%, #0808085C 100%)"
    ],
    "light.surface.on-light.skeleton-deep-gradient-hover": [
        "#FFFFFFFF"
    ],
    "light.surface.on-light.skeleton-deep-gradient-active": [
        "#FFFFFFFF"
    ],
    "light.surface.inverse.accent-gradient-hover": [
        "#FFFFFFFF"
    ],
    "light.surface.inverse.accent-gradient-active": [
        "#FFFFFFFF"
    ],
    "light.surface.inverse.accent-gradient": [
        "#FFFFFF"
    ],
    "light.surface.inverse.accent-minor-gradient-hover": [
        "#FFFFFFFF"
    ],
    "light.surface.inverse.accent-minor-gradient-active": [
        "#FFFFFFFF"
    ],
    "light.surface.inverse.accent-minor-gradient": [
        "#FFFFFF"
    ],
    "light.surface.inverse.transparent-accent-gradient-hover": [
        "#FFFFFFFF"
    ],
    "light.surface.inverse.transparent-accent-gradient-active": [
        "#FFFFFFFF"
    ],
    "light.surface.inverse.transparent-accent-gradient": [
        "#FFFFFF"
    ],
    "light.surface.inverse.promo-gradient-hover": [
        "#FFFFFFFF"
    ],
    "light.surface.inverse.promo-gradient-active": [
        "#FFFFFFFF"
    ],
    "light.surface.inverse.promo-gradient": [
        "#FFFFFF"
    ],
    "light.surface.inverse.promo-minor-gradient-hover": [
        "#FFFFFFFF"
    ],
    "light.surface.inverse.promo-minor-gradient-active": [
        "#FFFFFFFF"
    ],
    "light.surface.inverse.promo-minor-gradient": [
        "#FFFFFF"
    ],
    "light.surface.inverse.transparent-promo-gradient-hover": [
        "#FFFFFFFF"
    ],
    "light.surface.inverse.transparent-promo-gradient-active": [
        "#FFFFFFFF"
    ],
    "light.surface.inverse.transparent-promo-gradient": [
        "#FFFFFF"
    ],
    "light.surface.inverse.skeleton-gradient": [
        "linear-gradient(90deg, #FFFFFF17 0%, #FFFFFF14 6.25%, #FFFFFF0D 12.5%, #FFFFFF03 25%, #FFFFFF0D 37.5%, #FFFFFF14 43.75%, #FFFFFF17 50%, #FFFFFF14 56.25%, #FFFFFF0D 62.5%, #FFFFFF03 75%, #FFFFFF0D 87.5%, #FFFFFF14 93.75%, #FFFFFF17 100%)"
    ],
    "light.surface.inverse.skeleton-gradient-hover": [
        "#FFFFFFFF"
    ],
    "light.surface.inverse.skeleton-gradient-active": [
        "#FFFFFFFF"
    ],
    "light.surface.inverse.skeleton-deep-gradient": [
        "linear-gradient(90deg, #FFFFFF5C 0%, #FFFFFF52 6.25%, #FFFFFF33 12.5%, #FFFFFF0A 25%, #FFFFFF33 37.5%, #FFFFFF52 43.75%, #FFFFFF5C 50%, #FFFFFF14 56.25%, #FFFFFF33 62.5%, #FFFFFF0A 75%, #FFFFFF33 87.5%, #FFFFFF52 93.75%, #FFFFFF5C 100%)"
    ],
    "light.surface.inverse.skeleton-deep-gradient-hover": [
        "#FFFFFFFF"
    ],
    "light.surface.inverse.skeleton-deep-gradient-active": [
        "#FFFFFFFF"
    ]
}