{
    "view": {},
    "variations": [
        {
            "id": "xl",
            "parent": null,
            "props": { 
                "listItemStyle": {
                    "type": "component_style",
                    "value": "dropdown-menu-item-tight.xl"
                }
             }
        },
        {
            "id": "l",
            "parent": null,
            "props": { 
                "listItemStyle": {
                    "type": "component_style",
                    "value": "dropdown-menu-item-tight.l"
                }
             }
        },
        {
            "id": "m",
            "parent": null,
            "props": { 
                "listItemStyle": {
                    "type": "component_style",
                    "value": "dropdown-menu-item-tight.m"
                }
             }
        },
        {
            "id": "s",
            "parent": null,
            "props": { 
                "listItemStyle": {
                    "type": "component_style",
                    "value": "dropdown-menu-item-tight.s"
                }
             }
        },
        {
            "id": "xs",
            "parent": null,
            "props": { 
                "listItemStyle": {
                    "type": "component_style",
                    "value": "dropdown-menu-item-tight.xs"
                }
             }
        }
    ],
    "props": {
        "dividerStyle": {
            "type": "component_style",
            "value": "divider"
        }
    }
}