{
    "view": {
        "default": {
            "props": {
                "titleColor": {
                    "type": "color",
                    "default": "text.default.primary"
                }
            }
        },
        "positive": {
            "props": {
                "titleColor": {
                    "type": "color",
                    "default": "text.default.positive"
                }
            }
        },
        "negative": {
            "props": {
                "titleColor": {
                    "type": "color",
                    "default": "text.default.negative"
                }
            }
        }
    },
    "props": {
        "disableAlpha": {
            "type": "float",
            "value": 0.4
        },
        "disclosureIconColor": {
            "type": "color",
            "default": "text.default.secondary"
        },
        "backgroundColor": {
            "type": "color",
            "default": "surface.default.clear",
            "states": [
                {
                    "state": ["focused"],
                    "value": "surface.default.transparent-secondary"
                }
            ]
        }
    },
    "variations": [
        {
            "id": "l",
            "parent": null,
            "props": {
                "shape": {
                    "type": "shape",
                    "value": "round.l",
                    "adjustment": -2
                },
                "height": {
                    "type": "dimension",
                    "value": 56.0
                },
                "contentPaddingEnd": {
                    "type": "dimension",
                    "value": 8.0
                },
                "titleStyle": {
                    "type": "typography",
                    "value": "body.l.normal"
                },
                "disclosureIcon": {
                    "type": "icon",
                    "value": "disclosure.right.outline.24"
                },
                "paddingStart": {
                    "type": "dimension",
                    "value": 16
                },
                "paddingEnd": {
                    "type": "dimension",
                    "value": 16
                },
                "paddingTop": {
                    "type": "dimension",
                    "value": 16
                },
                "paddingBottom": {
                    "type": "dimension",
                    "value": 16
                }
            }
        },
        {
            "id": "m",
            "parent": null,
            "props": {
                "shape": {
                    "type": "shape",
                    "value": "round.m"
                },
                "height": {
                    "type": "dimension",
                    "value": 48.0
                },
                "contentPaddingEnd": {
                    "type": "dimension",
                    "value": 8.0
                },
                "titleStyle": {
                    "type": "typography",
                    "value": "body.m.normal"
                },
                "disclosureIcon": {
                    "type": "icon",
                    "value": "disclosure.right.outline.24"
                },
                "paddingStart": {
                    "type": "dimension",
                    "value": 14
                },
                "paddingEnd": {
                    "type": "dimension",
                    "value": 14
                },
                "paddingTop": {
                    "type": "dimension",
                    "value": 12
                },
                "paddingBottom": {
                    "type": "dimension",
                    "value": 12
                }
            }
        },
        {
            "id": "s",
            "parent": null,
            "props": {
                "shape": {
                    "type": "shape",
                    "value": "round.m",
                    "adjustment": -2
                },
                "height": {
                    "type": "dimension",
                    "value": 40.0
                },
                "contentPaddingEnd": {
                    "type": "dimension",
                    "value": 6.0
                },
                "titleStyle": {
                    "type": "typography",
                    "value": "body.s.normal"
                },
                "disclosureIcon": {
                    "type": "icon",
                    "value": "disclosure.right.outline.16"
                },
                "paddingStart": {
                    "type": "dimension",
                    "value": 12
                },
                "paddingEnd": {
                    "type": "dimension",
                    "value": 12
                },
                "paddingTop": {
                    "type": "dimension",
                    "value": 11
                },
                "paddingBottom": {
                    "type": "dimension",
                    "value": 11
                }
            }
        },
        {
            "id": "xs",
            "parent": null,
            "props": {
                "shape": {
                    "type": "shape",
                    "value": "round.s"
                },
                "height": {
                    "type": "dimension",
                    "value": 32.0
                },
                "contentPaddingEnd": {
                    "type": "dimension",
                    "value": 6.0
                },
                "titleStyle": {
                    "type": "typography",
                    "value": "body.xs.normal"
                },
                "disclosureIcon": {
                    "type": "icon",
                    "value": "disclosure.right.outline.16"
                },
                "paddingStart": {
                    "type": "dimension",
                    "value": 8
                },
                "paddingEnd": {
                    "type": "dimension",
                    "value": 8
                },
                "paddingTop": {
                    "type": "dimension",
                    "value": 8
                },
                "paddingBottom": {
                    "type": "dimension",
                    "value": 8
                }
            }
        }
    ]
}