{
    "dark.text.default.accent-gradient-hover": [
        "#CCCCCCFF"
    ],
    "dark.text.default.accent-gradient-active": [
        "#E6E6E6FF"
    ],
    "dark.text.default.accent-gradient": [
        "#FFFFFF"
    ],
    "dark.text.default.accent-minor-gradient-hover": [
        "#CCCCCCFF"
    ],
    "dark.text.default.accent-minor-gradient-active": [
        "#E6E6E6FF"
    ],
    "dark.text.default.accent-minor-gradient": [
        "#FFFFFF"
    ],
    "dark.text.default.promo-gradient-hover": [
        "#CCCCCCFF"
    ],
    "dark.text.default.promo-gradient-active": [
        "#E6E6E6FF"
    ],
    "dark.text.default.promo-gradient": [
        "#FFFFFF"
    ],
    "dark.text.default.promo-minor-gradient-hover": [
        "#CCCCCCFF"
    ],
    "dark.text.default.promo-minor-gradient-active": [
        "#E6E6E6FF"
    ],
    "dark.text.default.promo-minor-gradient": [
        "#FFFFFF"
    ],
    "dark.text.default.gradient-athena-hover": [
        "#CCCCCCFF"
    ],
    "dark.text.default.gradient-athena-active": [
        "#E6E6E6FF"
    ],
    "dark.text.default.gradient-athena": [
        "linear-gradient(93.97deg, #52BAFFFF 6.49%, #ADADFFFF 93.51%)"
    ],
    "dark.text.default.gradient-joy-hover": [
        "#CCCCCCFF"
    ],
    "dark.text.default.gradient-joy-active": [
        "#E6E6E6FF"
    ],
    "dark.text.default.gradient-joy": [
        "linear-gradient(93.97deg, #FD9C68FF 6.49%, #F391E2FF 93.51%)"
    ],
    "dark.text.default.gradient-b2-e-hover": [
        "#CCCCCCFF"
    ],
    "dark.text.default.gradient-b2-e-active": [
        "#E6E6E6FF"
    ],
    "dark.text.default.gradient-b2-e": [
        "linear-gradient(89.83deg, #24B23EFF 0%, #1CC9C9FF 100%)"
    ],
    "dark.text.default.gradient-brand-hover": [
        "#CCCCCCFF"
    ],
    "dark.text.default.gradient-brand-active": [
        "#E6E6E6FF"
    ],
    "dark.text.default.gradient-brand": [
        "linear-gradient(89.83deg, #528EFFFF 0%, #04C6C9FF 100%)"
    ],
    "dark.text.default.gradient-main-hover": [
        "#CCCCCCFF"
    ],
    "dark.text.default.gradient-main-active": [
        "#E6E6E6FF"
    ],
    "dark.text.default.gradient-main": [
        "linear-gradient(89.83deg, #24B23EFF 0%, #1CC9C9FF 100%)"
    ],
    "dark.text.on-dark.accent-gradient-hover": [
        "#CCCCCCFF"
    ],
    "dark.text.on-dark.accent-gradient-active": [
        "#E6E6E6FF"
    ],
    "dark.text.on-dark.accent-gradient": [
        "#FFFFFF"
    ],
    "dark.text.on-dark.accent-minor-gradient-hover": [
        "#CCCCCCFF"
    ],
    "dark.text.on-dark.accent-minor-gradient-active": [
        "#E6E6E6FF"
    ],
    "dark.text.on-dark.accent-minor-gradient": [
        "#FFFFFF"
    ],
    "dark.text.on-dark.promo-gradient-hover": [
        "#CCCCCCFF"
    ],
    "dark.text.on-dark.promo-gradient-active": [
        "#E6E6E6FF"
    ],
    "dark.text.on-dark.promo-gradient": [
        "#FFFFFF"
    ],
    "dark.text.on-dark.promo-minor-gradient-hover": [
        "#CCCCCCFF"
    ],
    "dark.text.on-dark.promo-minor-gradient-active": [
        "#E6E6E6FF"
    ],
    "dark.text.on-dark.promo-minor-gradient": [
        "#FFFFFF"
    ],
    "dark.text.on-dark.gradient-athena-hover": [
        "#CCCCCCFF"
    ],
    "dark.text.on-dark.gradient-athena-active": [
        "#E6E6E6FF"
    ],
    "dark.text.on-dark.gradient-athena": [
        "linear-gradient(93.97deg, #52BAFFFF 6.49%, #ADADFFFF 93.51%)"
    ],
    "dark.text.on-dark.gradient-joy-hover": [
        "#CCCCCCFF"
    ],
    "dark.text.on-dark.gradient-joy-active": [
        "#E6E6E6FF"
    ],
    "dark.text.on-dark.gradient-joy": [
        "linear-gradient(93.97deg, #FD9C68FF 6.49%, #F391E2FF 93.51%)"
    ],
    "dark.text.on-dark.gradient-b2-e-hover": [
        "#CCCCCCFF"
    ],
    "dark.text.on-dark.gradient-b2-e-active": [
        "#E6E6E6FF"
    ],
    "dark.text.on-dark.gradient-b2-e": [
        "linear-gradient(89.83deg, #24B23EFF 0%, #1CC9C9FF 100%)"
    ],
    "dark.text.on-dark.gradient-brand-hover": [
        "#CCCCCCFF"
    ],
    "dark.text.on-dark.gradient-brand-active": [
        "#E6E6E6FF"
    ],
    "dark.text.on-dark.gradient-brand": [
        "linear-gradient(89.83deg, #528EFFFF 0%, #04C6C9FF 100%)"
    ],
    "dark.text.on-dark.gradient-main-hover": [
        "#CCCCCCFF"
    ],
    "dark.text.on-dark.gradient-main-active": [
        "#E6E6E6FF"
    ],
    "dark.text.on-dark.gradient-main": [
        "linear-gradient(89.83deg, #24B23EFF 0%, #1CC9C9FF 100%)"
    ],
    "dark.text.on-light.accent-gradient-hover": [
        "#CCCCCCFF"
    ],
    "dark.text.on-light.accent-gradient-active": [
        "#E6E6E6FF"
    ],
    "dark.text.on-light.accent-gradient": [
        "#FFFFFF"
    ],
    "dark.text.on-light.accent-minor-gradient-hover": [
        "#CCCCCCFF"
    ],
    "dark.text.on-light.accent-minor-gradient-active": [
        "#E6E6E6FF"
    ],
    "dark.text.on-light.accent-minor-gradient": [
        "#FFFFFF"
    ],
    "dark.text.on-light.promo-gradient-hover": [
        "#CCCCCCFF"
    ],
    "dark.text.on-light.promo-gradient-active": [
        "#E6E6E6FF"
    ],
    "dark.text.on-light.promo-gradient": [
        "#FFFFFF"
    ],
    "dark.text.on-light.promo-minor-gradient-hover": [
        "#CCCCCCFF"
    ],
    "dark.text.on-light.promo-minor-gradient-active": [
        "#E6E6E6FF"
    ],
    "dark.text.on-light.promo-minor-gradient": [
        "#FFFFFF"
    ],
    "dark.text.on-light.gradient-athena-hover": [
        "#CCCCCCFF"
    ],
    "dark.text.on-light.gradient-athena-active": [
        "#E6E6E6FF"
    ],
    "dark.text.on-light.gradient-athena": [
        "linear-gradient(89.83deg, #118CDFFF 0%, #7A7AFFFF 100%)"
    ],
    "dark.text.on-light.gradient-joy-hover": [
        "#CCCCCCFF"
    ],
    "dark.text.on-light.gradient-joy-active": [
        "#E6E6E6FF"
    ],
    "dark.text.on-light.gradient-joy": [
        "linear-gradient(89.83deg, #FCA349FF 0%, #FF52C5FF 100%)"
    ],
    "dark.text.on-light.gradient-b2-e-hover": [
        "#CCCCCCFF"
    ],
    "dark.text.on-light.gradient-b2-e-active": [
        "#E6E6E6FF"
    ],
    "dark.text.on-light.gradient-b2-e": [
        "linear-gradient(89.83deg, #24B23EFF 0%, #00A4D1FF 100%)"
    ],
    "dark.text.on-light.gradient-brand-hover": [
        "#CCCCCCFF"
    ],
    "dark.text.on-light.gradient-brand-active": [
        "#E6E6E6FF"
    ],
    "dark.text.on-light.gradient-brand": [
        "linear-gradient(93.97deg, #3E79F0FF 6.49%, #27C6E5FF 93.51%)"
    ],
    "dark.text.on-light.gradient-main-hover": [
        "#CCCCCCFF"
    ],
    "dark.text.on-light.gradient-main-active": [
        "#E6E6E6FF"
    ],
    "dark.text.on-light.gradient-main": [
        "linear-gradient(89.83deg, #24B23EFF 0%, #00A4D1FF 100%)"
    ],
    "dark.text.inverse.accent-gradient-hover": [
        "#CCCCCCFF"
    ],
    "dark.text.inverse.accent-gradient-active": [
        "#E6E6E6FF"
    ],
    "dark.text.inverse.accent-gradient": [
        "#FFFFFF"
    ],
    "dark.text.inverse.accent-minor-gradient-hover": [
        "#CCCCCCFF"
    ],
    "dark.text.inverse.accent-minor-gradient-active": [
        "#E6E6E6FF"
    ],
    "dark.text.inverse.accent-minor-gradient": [
        "#FFFFFF"
    ],
    "dark.text.inverse.promo-gradient-hover": [
        "#CCCCCCFF"
    ],
    "dark.text.inverse.promo-gradient-active": [
        "#E6E6E6FF"
    ],
    "dark.text.inverse.promo-gradient": [
        "#FFFFFF"
    ],
    "dark.text.inverse.promo-minor-gradient-hover": [
        "#CCCCCCFF"
    ],
    "dark.text.inverse.promo-minor-gradient-active": [
        "#E6E6E6FF"
    ],
    "dark.text.inverse.promo-minor-gradient": [
        "#FFFFFF"
    ],
    "dark.surface.default.accent-gradient-hover": [
        "#FFFFFFFF"
    ],
    "dark.surface.default.accent-gradient-active": [
        "#FFFFFFFF"
    ],
    "dark.surface.default.accent-gradient": [
        "#FFFFFF"
    ],
    "dark.surface.default.accent-minor-gradient-hover": [
        "#FFFFFFFF"
    ],
    "dark.surface.default.accent-minor-gradient-active": [
        "#FFFFFFFF"
    ],
    "dark.surface.default.accent-minor-gradient": [
        "#FFFFFF"
    ],
    "dark.surface.default.transparent-accent-gradient-hover": [
        "#FFFFFFFF"
    ],
    "dark.surface.default.transparent-accent-gradient-active": [
        "#FFFFFFFF"
    ],
    "dark.surface.default.transparent-accent-gradient": [
        "#FFFFFF"
    ],
    "dark.surface.default.promo-gradient-hover": [
        "#FFFFFFFF"
    ],
    "dark.surface.default.promo-gradient-active": [
        "#FFFFFFFF"
    ],
    "dark.surface.default.promo-gradient": [
        "#FFFFFF"
    ],
    "dark.surface.default.promo-minor-gradient-hover": [
        "#FFFFFFFF"
    ],
    "dark.surface.default.promo-minor-gradient-active": [
        "#FFFFFFFF"
    ],
    "dark.surface.default.promo-minor-gradient": [
        "#FFFFFF"
    ],
    "dark.surface.default.transparent-promo-gradient-hover": [
        "#FFFFFFFF"
    ],
    "dark.surface.default.transparent-promo-gradient-active": [
        "#FFFFFFFF"
    ],
    "dark.surface.default.transparent-promo-gradient": [
        "#FFFFFF"
    ],
    "dark.surface.default.skeleton": [
        "linear-gradient(90deg, #FFFFFF00 0%, #FFFFFF03 17.19%, #FFFFFF0D 40.24%, #FFFFFF0F 51.17%, #FFFFFF0D 62.12%, #FFFFFF03 82.81%, #FFFFFF00 100%)"
    ],
    "dark.surface.default.gradient-main-hover": [
        "#FFFFFFFF"
    ],
    "dark.surface.default.gradient-main-active": [
        "#FFFFFFFF"
    ],
    "dark.surface.default.gradient-main": [
        "linear-gradient(89.83deg, #24B23EFF 0%, #00A4D1FF 100%)"
    ],
    "dark.surface.default.skeleton-gradient": [
        "linear-gradient(90deg, #FFFFFF17 0%, #FFFFFF14 6.25%, #FFFFFF0D 12.5%, #FFFFFF03 25%, #FFFFFF0D 37.5%, #FFFFFF14 43.75%, #FFFFFF17 50%, #FFFFFF14 56.25%, #FFFFFF0D 62.5%, #FFFFFF03 75%, #FFFFFF0D 87.5%, #FFFFFF14 93.75%, #FFFFFF17 100%)"
    ],
    "dark.surface.default.skeleton-gradient-hover": [
        "#FFFFFFFF"
    ],
    "dark.surface.default.skeleton-gradient-active": [
        "#FFFFFFFF"
    ],
    "dark.surface.default.skeleton-deep-gradient": [
        "linear-gradient(90deg, #FFFFFF5C 0%, #FFFFFF52 6.25%, #FFFFFF33 12.5%, #FFFFFF0A 25%, #FFFFFF33 37.5%, #FFFFFF52 43.75%, #FFFFFF5C 50%, #FFFFFF14 56.25%, #FFFFFF33 62.5%, #FFFFFF0A 75%, #FFFFFF33 87.5%, #FFFFFF52 93.75%, #FFFFFF5C 100%)"
    ],
    "dark.surface.default.skeleton-deep-gradient-hover": [
        "#FFFFFFFF"
    ],
    "dark.surface.default.skeleton-deep-gradient-active": [
        "#FFFFFFFF"
    ],
    "dark.surface.on-dark.accent-gradient-hover": [
        "#FFFFFFFF"
    ],
    "dark.surface.on-dark.accent-gradient-active": [
        "#FFFFFFFF"
    ],
    "dark.surface.on-dark.accent-gradient": [
        "#FFFFFF"
    ],
    "dark.surface.on-dark.accent-minor-gradient-hover": [
        "#FFFFFFFF"
    ],
    "dark.surface.on-dark.accent-minor-gradient-active": [
        "#FFFFFFFF"
    ],
    "dark.surface.on-dark.accent-minor-gradient": [
        "#FFFFFF"
    ],
    "dark.surface.on-dark.transparent-accent-gradient-hover": [
        "#FFFFFFFF"
    ],
    "dark.surface.on-dark.transparent-accent-gradient-active": [
        "#FFFFFFFF"
    ],
    "dark.surface.on-dark.transparent-accent-gradient": [
        "#FFFFFF"
    ],
    "dark.surface.on-dark.promo-gradient-hover": [
        "#FFFFFFFF"
    ],
    "dark.surface.on-dark.promo-gradient-active": [
        "#FFFFFFFF"
    ],
    "dark.surface.on-dark.promo-gradient": [
        "#FFFFFF"
    ],
    "dark.surface.on-dark.promo-minor-gradient-hover": [
        "#FFFFFFFF"
    ],
    "dark.surface.on-dark.promo-minor-gradient-active": [
        "#FFFFFFFF"
    ],
    "dark.surface.on-dark.promo-minor-gradient": [
        "#FFFFFF"
    ],
    "dark.surface.on-dark.transparent-promo-gradient-hover": [
        "#FFFFFFFF"
    ],
    "dark.surface.on-dark.transparent-promo-gradient-active": [
        "#FFFFFFFF"
    ],
    "dark.surface.on-dark.transparent-promo-gradient": [
        "#FFFFFF"
    ],
    "dark.surface.on-dark.gradient-main-hover": [
        "#FFFFFFFF"
    ],
    "dark.surface.on-dark.gradient-main-active": [
        "#FFFFFFFF"
    ],
    "dark.surface.on-dark.gradient-main": [
        "linear-gradient(89.83deg, #24B23EFF 0%, #00A4D1FF 100%)"
    ],
    "dark.surface.on-dark.skeleton-gradient": [
        "linear-gradient(90deg, #FFFFFF17 0%, #FFFFFF14 6.25%, #FFFFFF0D 12.5%, #FFFFFF03 25%, #FFFFFF0D 37.5%, #FFFFFF14 43.75%, #FFFFFF17 50%, #FFFFFF14 56.25%, #FFFFFF0D 62.5%, #FFFFFF03 75%, #FFFFFF0D 87.5%, #FFFFFF14 93.75%, #FFFFFF17 100%)"
    ],
    "dark.surface.on-dark.skeleton-gradient-hover": [
        "#FFFFFFFF"
    ],
    "dark.surface.on-dark.skeleton-gradient-active": [
        "#FFFFFFFF"
    ],
    "dark.surface.on-dark.skeleton-deep-gradient": [
        "linear-gradient(90deg, #FFFFFF5C 0%, #FFFFFF52 6.25%, #FFFFFF33 12.5%, #FFFFFF0A 25%, #FFFFFF33 37.5%, #FFFFFF52 43.75%, #FFFFFF5C 50%, #FFFFFF14 56.25%, #FFFFFF33 62.5%, #FFFFFF0A 75%, #FFFFFF33 87.5%, #FFFFFF52 93.75%, #FFFFFF5C 100%)"
    ],
    "dark.surface.on-dark.skeleton-deep-gradient-hover": [
        "#FFFFFFFF"
    ],
    "dark.surface.on-dark.skeleton-deep-gradient-active": [
        "#FFFFFFFF"
    ],
    "dark.surface.on-light.accent-gradient-hover": [
        "#FFFFFFFF"
    ],
    "dark.surface.on-light.accent-gradient-active": [
        "#FFFFFFFF"
    ],
    "dark.surface.on-light.accent-gradient": [
        "#FFFFFF"
    ],
    "dark.surface.on-light.accent-minor-gradient-hover": [
        "#FFFFFFFF"
    ],
    "dark.surface.on-light.accent-minor-gradient-active": [
        "#FFFFFFFF"
    ],
    "dark.surface.on-light.accent-minor-gradient": [
        "#FFFFFF"
    ],
    "dark.surface.on-light.transparent-accent-gradient-hover": [
        "#FFFFFFFF"
    ],
    "dark.surface.on-light.transparent-accent-gradient-active": [
        "#FFFFFFFF"
    ],
    "dark.surface.on-light.transparent-accent-gradient": [
        "#FFFFFF"
    ],
    "dark.surface.on-light.promo-gradient-hover": [
        "#FFFFFFFF"
    ],
    "dark.surface.on-light.promo-gradient-active": [
        "#FFFFFFFF"
    ],
    "dark.surface.on-light.promo-gradient": [
        "#FFFFFF"
    ],
    "dark.surface.on-light.promo-minor-gradient-hover": [
        "#FFFFFFFF"
    ],
    "dark.surface.on-light.promo-minor-gradient-active": [
        "#FFFFFFFF"
    ],
    "dark.surface.on-light.promo-minor-gradient": [
        "#FFFFFF"
    ],
    "dark.surface.on-light.transparent-promo-gradient-hover": [
        "#FFFFFFFF"
    ],
    "dark.surface.on-light.transparent-promo-gradient-active": [
        "#FFFFFFFF"
    ],
    "dark.surface.on-light.transparent-promo-gradient": [
        "#FFFFFF"
    ],
    "dark.surface.on-light.gradient-main-hover": [
        "#FFFFFFFF"
    ],
    "dark.surface.on-light.gradient-main-active": [
        "#FFFFFFFF"
    ],
    "dark.surface.on-light.gradient-main": [
        "linear-gradient(89.83deg, #24B23EFF 0%, #00A4D1FF 100%)"
    ],
    "dark.surface.on-light.skeleton-gradient": [
        "linear-gradient(90deg, #08080817 0%, #08080814 6.25%, #0808080D 12.5%, #08080803 25%, #0808080D 37.5%, #08080814 43.75%, #08080817 50%, #08080814 56.25%, #0808080D 62.5%, #08080803 75%, #0808080D 87.5%, #08080814 93.75%, #08080817 100%)"
    ],
    "dark.surface.on-light.skeleton-gradient-hover": [
        "#FFFFFFFF"
    ],
    "dark.surface.on-light.skeleton-gradient-active": [
        "#FFFFFFFF"
    ],
    "dark.surface.on-light.skeleton-deep-gradient": [
        "linear-gradient(90deg, #0808085C 0%, #08080852 6.25%, #08080833 12.5%, #0808080A 25%, #08080833 37.5%, #08080852 43.75%, #0808085C 50%, #08080814 56.25%, #08080833 62.5%, #0808080A 75%, #08080833 87.5%, #08080852 93.75%, #0808085C 100%)"
    ],
    "dark.surface.on-light.skeleton-deep-gradient-hover": [
        "#FFFFFFFF"
    ],
    "dark.surface.on-light.skeleton-deep-gradient-active": [
        "#FFFFFFFF"
    ],
    "dark.surface.inverse.accent-gradient-hover": [
        "#FFFFFFFF"
    ],
    "dark.surface.inverse.accent-gradient-active": [
        "#FFFFFFFF"
    ],
    "dark.surface.inverse.accent-gradient": [
        "#FFFFFF"
    ],
    "dark.surface.inverse.accent-minor-gradient-hover": [
        "#FFFFFFFF"
    ],
    "dark.surface.inverse.accent-minor-gradient-active": [
        "#FFFFFFFF"
    ],
    "dark.surface.inverse.accent-minor-gradient": [
        "#FFFFFF"
    ],
    "dark.surface.inverse.transparent-accent-gradient-hover": [
        "#FFFFFFFF"
    ],
    "dark.surface.inverse.transparent-accent-gradient-active": [
        "#FFFFFFFF"
    ],
    "dark.surface.inverse.transparent-accent-gradient": [
        "#FFFFFF"
    ],
    "dark.surface.inverse.promo-gradient-hover": [
        "#FFFFFFFF"
    ],
    "dark.surface.inverse.promo-gradient-active": [
        "#FFFFFFFF"
    ],
    "dark.surface.inverse.promo-gradient": [
        "#FFFFFF"
    ],
    "dark.surface.inverse.promo-minor-gradient-hover": [
        "#FFFFFFFF"
    ],
    "dark.surface.inverse.promo-minor-gradient-active": [
        "#FFFFFFFF"
    ],
    "dark.surface.inverse.promo-minor-gradient": [
        "#FFFFFF"
    ],
    "dark.surface.inverse.transparent-promo-gradient-hover": [
        "#FFFFFFFF"
    ],
    "dark.surface.inverse.transparent-promo-gradient-active": [
        "#FFFFFFFF"
    ],
    "dark.surface.inverse.transparent-promo-gradient": [
        "#FFFFFF"
    ],
    "dark.surface.inverse.skeleton-gradient": [
        "linear-gradient(90deg, #08080817 0%, #08080814 6.25%, #0808080D 12.5%, #08080803 25%, #0808080D 37.5%, #08080814 43.75%, #08080817 50%, #08080814 56.25%, #0808080D 62.5%, #08080803 75%, #0808080D 87.5%, #08080814 93.75%, #08080817 100%)"
    ],
    "dark.surface.inverse.skeleton-gradient-hover": [
        "#FFFFFFFF"
    ],
    "dark.surface.inverse.skeleton-gradient-active": [
        "#FFFFFFFF"
    ],
    "dark.surface.inverse.skeleton-deep-gradient": [
        "linear-gradient(90deg, #0808085C 0%, #08080852 6.25%, #08080833 12.5%, #0808080A 25%, #08080833 37.5%, #08080852 43.75%, #0808085C 50%, #08080814 56.25%, #08080833 62.5%, #0808080A 75%, #08080833 87.5%, #08080852 93.75%, #0808085C 100%)"
    ],
    "dark.surface.inverse.skeleton-deep-gradient-hover": [
        "#FFFFFFFF"
    ],
    "dark.surface.inverse.skeleton-deep-gradient-active": [
        "#FFFFFFFF"
    ],
    "dark.background.default.modal-sheet": [
        "linear-gradient(180deg, #FFFFFF1A 0%, #01B6FF00 50%)",
        "#080808FF"
    ],
    "dark.background.default.mobile-assistant-athena": [
        "linear-gradient(336.9deg, #143787FF 0%, #08080800 64.95%)",
        "radial-gradient(66.53% 100% at 73.33% 100%, #6E05C170 0%, #3513951A 99.69%)",
        "linear-gradient(180.03deg, #08080800 50%, #193F9869 99.97%)",
        "linear-gradient(270deg, #270F6B4D 0%, #08080800 100%)",
        "#080808FF"
    ],
    "dark.background.default.mobile-assistant-joy": [
        "linear-gradient(336.9deg, #FF9C653D 0%, #08080800 64.95%)",
        "radial-gradient(66.53% 100% at 73.33% 100%, #3D139557 0%, #1318951A 99.69%)",
        "linear-gradient(180.03deg, #08080800 50%, #FFD7B326 99.97%)",
        "linear-gradient(270deg, #6B0F5733 0%, #08080800 100%)",
        "#080808FF"
    ],
    "dark.background.default.mobile-assistant-b2-e": [
        "linear-gradient(336.84deg, #14744699 0%, #08080800 64.88%)",
        "radial-gradient(100% 100% at 75.89% 100%, #0085FF3D 0%, #0047FF08 100%)",
        "linear-gradient(180deg, #08080800 50%, #0747214D 100%)",
        "linear-gradient(270deg, #061621FF 0%, #08080800 100%)",
        "#080808FF"
    ],
    "dark.background.default.mobile-assistant-brand": [
        "linear-gradient(336.9deg, #184BABFF 0%, #08080800 64.95%)",
        "radial-gradient(66.53% 100% at 73.33% 100%, #1645A470 0%, #0B272D1A 100%)",
        "linear-gradient(180.03deg, #08080800 50%, #1645A469 99.97%)",
        "linear-gradient(269.47deg, #1645A44D 0.52%, #08080800 99.61%)",
        "#080808FF"
    ],
    "dark.background.default.mobile-assistant-main": [
        "linear-gradient(336.84deg, #14744699 0%, #08080800 64.88%)",
        "radial-gradient(100% 100% at 75.89% 100%, #0085FF3D 0%, #0047FF08 100%)",
        "linear-gradient(180deg, #08080800 50%, #0747214D 100%)",
        "linear-gradient(270deg, #061621FF 0%, #08080800 100%)",
        "#080808FF"
    ],
    "dark.outline.default.accent-gradient-hover": [
        "#CCCCCCFF"
    ],
    "dark.outline.default.accent-gradient-active": [
        "#E6E6E6FF"
    ],
    "dark.outline.default.accent-gradient": [
        "#FFFFFF"
    ],
    "dark.outline.default.accent-minor-gradient-hover": [
        "#CCCCCCFF"
    ],
    "dark.outline.default.accent-minor-gradient-active": [
        "#E6E6E6FF"
    ],
    "dark.outline.default.accent-minor-gradient": [
        "#FFFFFF"
    ],
    "dark.outline.default.transparent-accent-gradient-hover": [
        "#CCCCCCFF"
    ],
    "dark.outline.default.transparent-accent-gradient-active": [
        "#E6E6E6FF"
    ],
    "dark.outline.default.transparent-accent-gradient": [
        "#FFFFFF"
    ],
    "dark.outline.default.promo-gradient-hover": [
        "#CCCCCCFF"
    ],
    "dark.outline.default.promo-gradient-active": [
        "#E6E6E6FF"
    ],
    "dark.outline.default.promo-gradient": [
        "#FFFFFF"
    ],
    "dark.outline.default.promo-minor-gradient-hover": [
        "#CCCCCCFF"
    ],
    "dark.outline.default.promo-minor-gradient-active": [
        "#E6E6E6FF"
    ],
    "dark.outline.default.promo-minor-gradient": [
        "#FFFFFF"
    ],
    "dark.outline.on-dark.accent-gradient-hover": [
        "#CCCCCCFF"
    ],
    "dark.outline.on-dark.accent-gradient-active": [
        "#E6E6E6FF"
    ],
    "dark.outline.on-dark.accent-gradient": [
        "#FFFFFF"
    ],
    "dark.outline.on-dark.accent-minor-gradient-hover": [
        "#CCCCCCFF"
    ],
    "dark.outline.on-dark.accent-minor-gradient-active": [
        "#E6E6E6FF"
    ],
    "dark.outline.on-dark.accent-minor-gradient": [
        "#FFFFFF"
    ],
    "dark.outline.on-dark.transparent-accent-gradient-hover": [
        "#CCCCCCFF"
    ],
    "dark.outline.on-dark.transparent-accent-gradient-active": [
        "#E6E6E6FF"
    ],
    "dark.outline.on-dark.transparent-accent-gradient": [
        "#FFFFFF"
    ],
    "dark.outline.on-dark.promo-gradient-hover": [
        "#CCCCCCFF"
    ],
    "dark.outline.on-dark.promo-gradient-active": [
        "#E6E6E6FF"
    ],
    "dark.outline.on-dark.promo-gradient": [
        "#FFFFFF"
    ],
    "dark.outline.on-dark.promo-minor-gradient-hover": [
        "#CCCCCCFF"
    ],
    "dark.outline.on-dark.promo-minor-gradient-active": [
        "#E6E6E6FF"
    ],
    "dark.outline.on-dark.promo-minor-gradient": [
        "#FFFFFF"
    ],
    "dark.outline.on-light.accent-gradient-hover": [
        "#CCCCCCFF"
    ],
    "dark.outline.on-light.accent-gradient-active": [
        "#E6E6E6FF"
    ],
    "dark.outline.on-light.accent-gradient": [
        "#FFFFFF"
    ],
    "dark.outline.on-light.accent-minor-gradient-hover": [
        "#CCCCCCFF"
    ],
    "dark.outline.on-light.accent-minor-gradient-active": [
        "#E6E6E6FF"
    ],
    "dark.outline.on-light.accent-minor-gradient": [
        "#FFFFFF"
    ],
    "dark.outline.on-light.transparent-accent-gradient-hover": [
        "#CCCCCCFF"
    ],
    "dark.outline.on-light.transparent-accent-gradient-active": [
        "#E6E6E6FF"
    ],
    "dark.outline.on-light.transparent-accent-gradient": [
        "#FFFFFF"
    ],
    "dark.outline.on-light.promo-gradient-hover": [
        "#CCCCCCFF"
    ],
    "dark.outline.on-light.promo-gradient-active": [
        "#E6E6E6FF"
    ],
    "dark.outline.on-light.promo-gradient": [
        "#FFFFFF"
    ],
    "dark.outline.on-light.promo-minor-gradient-hover": [
        "#CCCCCCFF"
    ],
    "dark.outline.on-light.promo-minor-gradient-active": [
        "#E6E6E6FF"
    ],
    "dark.outline.on-light.promo-minor-gradient": [
        "#FFFFFF"
    ],
    "dark.outline.inverse.accent-gradient-hover": [
        "#CCCCCCFF"
    ],
    "dark.outline.inverse.accent-gradient-active": [
        "#E6E6E6FF"
    ],
    "dark.outline.inverse.accent-gradient": [
        "#FFFFFF"
    ],
    "dark.outline.inverse.accent-minor-gradient-hover": [
        "#CCCCCCFF"
    ],
    "dark.outline.inverse.accent-minor-gradient-active": [
        "#E6E6E6FF"
    ],
    "dark.outline.inverse.accent-minor-gradient": [
        "#FFFFFF"
    ],
    "dark.outline.inverse.transparent-accent-gradient-hover": [
        "#CCCCCCFF"
    ],
    "dark.outline.inverse.transparent-accent-gradient-active": [
        "#E6E6E6FF"
    ],
    "dark.outline.inverse.transparent-accent-gradient": [
        "#FFFFFF"
    ],
    "dark.outline.inverse.promo-gradient-hover": [
        "#CCCCCCFF"
    ],
    "dark.outline.inverse.promo-gradient-active": [
        "#E6E6E6FF"
    ],
    "dark.outline.inverse.promo-gradient": [
        "#FFFFFF"
    ],
    "dark.outline.inverse.promo-minor-gradient-hover": [
        "#CCCCCCFF"
    ],
    "dark.outline.inverse.promo-minor-gradient-active": [
        "#E6E6E6FF"
    ],
    "dark.outline.inverse.promo-minor-gradient": [
        "#FFFFFF"
    ],
    "light.text.default.accent-gradient-hover": [
        "#000000FF"
    ],
    "light.text.default.accent-gradient-active": [
        "#CCCCCCFF"
    ],
    "light.text.default.accent-gradient": [
        "#FFFFFF"
    ],
    "light.text.default.accent-minor-gradient-hover": [
        "#000000FF"
    ],
    "light.text.default.accent-minor-gradient-active": [
        "#CCCCCCFF"
    ],
    "light.text.default.accent-minor-gradient": [
        "#FFFFFF"
    ],
    "light.text.default.promo-gradient-hover": [
        "#000000FF"
    ],
    "light.text.default.promo-gradient-active": [
        "#CCCCCCFF"
    ],
    "light.text.default.promo-gradient": [
        "#FFFFFF"
    ],
    "light.text.default.promo-minor-gradient-hover": [
        "#000000FF"
    ],
    "light.text.default.promo-minor-gradient-active": [
        "#CCCCCCFF"
    ],
    "light.text.default.promo-minor-gradient": [
        "#FFFFFF"
    ],
    "light.text.default.gradient-athena-hover": [
        "#000000FF"
    ],
    "light.text.default.gradient-athena-active": [
        "#CCCCCCFF"
    ],
    "light.text.default.gradient-athena": [
        "linear-gradient(89.83deg, #118CDFFF 0%, #7A7AFFFF 100%)"
    ],
    "light.text.default.gradient-joy-hover": [
        "#000000FF"
    ],
    "light.text.default.gradient-joy-active": [
        "#CCCCCCFF"
    ],
    "light.text.default.gradient-joy": [
        "linear-gradient(89.83deg, #FCA349FF 0%, #FF52C5FF 100%)"
    ],
    "light.text.default.gradient-brand-hover": [
        "#000000FF"
    ],
    "light.text.default.gradient-brand-active": [
        "#CCCCCCFF"
    ],
    "light.text.default.gradient-brand": [
        "linear-gradient(93.97deg, #3E79F0FF 6.49%, #27C6E5FF 93.51%)"
    ],
    "light.text.default.gradient-b2-e-hover": [
        "#000000FF"
    ],
    "light.text.default.gradient-b2-e-active": [
        "#CCCCCCFF"
    ],
    "light.text.default.gradient-b2-e": [
        "linear-gradient(89.83deg, #24B23EFF 0%, #00A4D1FF 100%)"
    ],
    "light.text.default.gradient-main-hover": [
        "#000000FF"
    ],
    "light.text.default.gradient-main-active": [
        "#CCCCCCFF"
    ],
    "light.text.default.gradient-main": [
        "linear-gradient(89.83deg, #24B23EFF 0%, #00A4D1FF 100%)"
    ],
    "light.text.on-dark.accent-gradient-hover": [
        "#000000FF"
    ],
    "light.text.on-dark.accent-gradient-active": [
        "#CCCCCCFF"
    ],
    "light.text.on-dark.accent-gradient": [
        "#FFFFFF"
    ],
    "light.text.on-dark.accent-minor-gradient-hover": [
        "#000000FF"
    ],
    "light.text.on-dark.accent-minor-gradient-active": [
        "#CCCCCCFF"
    ],
    "light.text.on-dark.accent-minor-gradient": [
        "#FFFFFF"
    ],
    "light.text.on-dark.promo-gradient-hover": [
        "#000000FF"
    ],
    "light.text.on-dark.promo-gradient-active": [
        "#CCCCCCFF"
    ],
    "light.text.on-dark.promo-gradient": [
        "#FFFFFF"
    ],
    "light.text.on-dark.promo-minor-gradient-hover": [
        "#000000FF"
    ],
    "light.text.on-dark.promo-minor-gradient-active": [
        "#CCCCCCFF"
    ],
    "light.text.on-dark.promo-minor-gradient": [
        "#FFFFFF"
    ],
    "light.text.on-dark.gradient-athena-hover": [
        "#000000FF"
    ],
    "light.text.on-dark.gradient-athena-active": [
        "#CCCCCCFF"
    ],
    "light.text.on-dark.gradient-athena": [
        "linear-gradient(93.97deg, #52BAFFFF 6.49%, #ADADFFFF 93.51%)"
    ],
    "light.text.on-dark.gradient-joy-hover": [
        "#000000FF"
    ],
    "light.text.on-dark.gradient-joy-active": [
        "#CCCCCCFF"
    ],
    "light.text.on-dark.gradient-joy": [
        "linear-gradient(93.97deg, #FD9C68FF 6.49%, #F391E2FF 93.51%)"
    ],
    "light.text.on-dark.gradient-b2-e-hover": [
        "#000000FF"
    ],
    "light.text.on-dark.gradient-b2-e-active": [
        "#CCCCCCFF"
    ],
    "light.text.on-dark.gradient-b2-e": [
        "linear-gradient(89.83deg, #24B23EFF 0%, #1CC9C9FF 100%)"
    ],
    "light.text.on-dark.gradient-brand-hover": [
        "#000000FF"
    ],
    "light.text.on-dark.gradient-brand-active": [
        "#CCCCCCFF"
    ],
    "light.text.on-dark.gradient-brand": [
        "linear-gradient(89.83deg, #528EFFFF 0%, #04C6C9FF 100%)"
    ],
    "light.text.on-dark.gradient-main-hover": [
        "#000000FF"
    ],
    "light.text.on-dark.gradient-main-active": [
        "#CCCCCCFF"
    ],
    "light.text.on-dark.gradient-main": [
        "linear-gradient(89.83deg, #24B23EFF 0%, #1CC9C9FF 100%)"
    ],
    "light.text.on-light.accent-gradient-hover": [
        "#000000FF"
    ],
    "light.text.on-light.accent-gradient-active": [
        "#CCCCCCFF"
    ],
    "light.text.on-light.accent-gradient": [
        "#FFFFFF"
    ],
    "light.text.on-light.accent-minor-gradient-hover": [
        "#000000FF"
    ],
    "light.text.on-light.accent-minor-gradient-active": [
        "#CCCCCCFF"
    ],
    "light.text.on-light.accent-minor-gradient": [
        "#FFFFFF"
    ],
    "light.text.on-light.promo-gradient-hover": [
        "#000000FF"
    ],
    "light.text.on-light.promo-gradient-active": [
        "#CCCCCCFF"
    ],
    "light.text.on-light.promo-gradient": [
        "#FFFFFF"
    ],
    "light.text.on-light.promo-minor-gradient-hover": [
        "#000000FF"
    ],
    "light.text.on-light.promo-minor-gradient-active": [
        "#CCCCCCFF"
    ],
    "light.text.on-light.promo-minor-gradient": [
        "#FFFFFF"
    ],
    "light.text.on-light.gradient-athena-hover": [
        "#000000FF"
    ],
    "light.text.on-light.gradient-athena-active": [
        "#CCCCCCFF"
    ],
    "light.text.on-light.gradient-athena": [
        "linear-gradient(89.83deg, #118CDFFF 0%, #7A7AFFFF 100%)"
    ],
    "light.text.on-light.gradient-joy-hover": [
        "#000000FF"
    ],
    "light.text.on-light.gradient-joy-active": [
        "#CCCCCCFF"
    ],
    "light.text.on-light.gradient-joy": [
        "linear-gradient(89.83deg, #FCA349FF 0%, #FF52C5FF 100%)"
    ],
    "light.text.on-light.gradient-b2-e-hover": [
        "#000000FF"
    ],
    "light.text.on-light.gradient-b2-e-active": [
        "#CCCCCCFF"
    ],
    "light.text.on-light.gradient-b2-e": [
        "linear-gradient(89.83deg, #24B23EFF 0%, #00A6C7FF 100%)"
    ],
    "light.text.on-light.gradient-brand-hover": [
        "#000000FF"
    ],
    "light.text.on-light.gradient-brand-active": [
        "#CCCCCCFF"
    ],
    "light.text.on-light.gradient-brand": [
        "linear-gradient(93.97deg, #3E79F0FF 6.49%, #27C6E5FF 93.51%)"
    ],
    "light.text.on-light.gradient-main-hover": [
        "#000000FF"
    ],
    "light.text.on-light.gradient-main-active": [
        "#CCCCCCFF"
    ],
    "light.text.on-light.gradient-main": [
        "linear-gradient(89.83deg, #24B23EFF 0%, #00A6C7FF 100%)"
    ],
    "light.text.inverse.accent-gradient-hover": [
        "#000000FF"
    ],
    "light.text.inverse.accent-gradient-active": [
        "#CCCCCCFF"
    ],
    "light.text.inverse.accent-gradient": [
        "#FFFFFF"
    ],
    "light.text.inverse.accent-minor-gradient-hover": [
        "#000000FF"
    ],
    "light.text.inverse.accent-minor-gradient-active": [
        "#CCCCCCFF"
    ],
    "light.text.inverse.accent-minor-gradient": [
        "#FFFFFF"
    ],
    "light.text.inverse.promo-gradient-hover": [
        "#000000FF"
    ],
    "light.text.inverse.promo-gradient-active": [
        "#CCCCCCFF"
    ],
    "light.text.inverse.promo-gradient": [
        "#FFFFFF"
    ],
    "light.text.inverse.promo-minor-gradient-hover": [
        "#000000FF"
    ],
    "light.text.inverse.promo-minor-gradient-active": [
        "#CCCCCCFF"
    ],
    "light.text.inverse.promo-minor-gradient": [
        "#FFFFFF"
    ],
    "light.surface.default.accent-gradient-hover": [
        "#FFFFFFFF"
    ],
    "light.surface.default.accent-gradient-active": [
        "#FFFFFFFF"
    ],
    "light.surface.default.accent-gradient": [
        "#FFFFFF"
    ],
    "light.surface.default.accent-minor-gradient-hover": [
        "#FFFFFFFF"
    ],
    "light.surface.default.accent-minor-gradient-active": [
        "#FFFFFFFF"
    ],
    "light.surface.default.accent-minor-gradient": [
        "#FFFFFF"
    ],
    "light.surface.default.transparent-accent-gradient-hover": [
        "#FFFFFFFF"
    ],
    "light.surface.default.transparent-accent-gradient-active": [
        "#FFFFFFFF"
    ],
    "light.surface.default.transparent-accent-gradient": [
        "#FFFFFF"
    ],
    "light.surface.default.promo-gradient-hover": [
        "#FFFFFFFF"
    ],
    "light.surface.default.promo-gradient-active": [
        "#FFFFFFFF"
    ],
    "light.surface.default.promo-gradient": [
        "#FFFFFF"
    ],
    "light.surface.default.promo-minor-gradient-hover": [
        "#FFFFFFFF"
    ],
    "light.surface.default.promo-minor-gradient-active": [
        "#FFFFFFFF"
    ],
    "light.surface.default.promo-minor-gradient": [
        "#FFFFFF"
    ],
    "light.surface.default.transparent-promo-gradient-hover": [
        "#FFFFFFFF"
    ],
    "light.surface.default.transparent-promo-gradient-active": [
        "#FFFFFFFF"
    ],
    "light.surface.default.transparent-promo-gradient": [
        "#FFFFFF"
    ],
    "light.surface.default.skeleton": [
        "linear-gradient(90deg, #00000000 0%, #00000003 17.19%, #0000000D 40.24%, #0000000F 51.17%, #0000000D 62.12%, #00000003 82.81%, #00000000 100%)"
    ],
    "light.surface.default.gradient-main-hover": [
        "#FFFFFFFF"
    ],
    "light.surface.default.gradient-main-active": [
        "#FFFFFFFF"
    ],
    "light.surface.default.gradient-main": [
        "linear-gradient(89.83deg, #24B23EFF 0%, #00A4D1FF 100%)"
    ],
    "light.surface.default.skeleton-gradient": [
        "linear-gradient(90deg, #08080817 0%, #08080814 6.25%, #0808080D 12.5%, #08080803 25%, #0808080D 37.5%, #08080814 43.75%, #08080817 50%, #08080814 56.25%, #0808080D 62.5%, #08080803 75%, #0808080D 87.5%, #08080814 93.75%, #08080817 100%)"
    ],
    "light.surface.default.skeleton-gradient-hover": [
        "#FFFFFFFF"
    ],
    "light.surface.default.skeleton-gradient-active": [
        "#FFFFFFFF"
    ],
    "light.surface.default.skeleton-deep-gradient": [
        "linear-gradient(90deg, #0808085C 0%, #08080852 6.25%, #08080833 12.5%, #0808080A 25%, #08080833 37.5%, #08080852 43.75%, #0808085C 50%, #08080814 56.25%, #08080833 62.5%, #0808080A 75%, #08080833 87.5%, #08080852 93.75%, #0808085C 100%)"
    ],
    "light.surface.default.skeleton-deep-gradient-hover": [
        "#FFFFFFFF"
    ],
    "light.surface.default.skeleton-deep-gradient-active": [
        "#FFFFFFFF"
    ],
    "light.surface.on-dark.accent-gradient-hover": [
        "#FFFFFFFF"
    ],
    "light.surface.on-dark.accent-gradient-active": [
        "#FFFFFFFF"
    ],
    "light.surface.on-dark.accent-gradient": [
        "#FFFFFF"
    ],
    "light.surface.on-dark.accent-minor-gradient-hover": [
        "#FFFFFFFF"
    ],
    "light.surface.on-dark.accent-minor-gradient-active": [
        "#FFFFFFFF"
    ],
    "light.surface.on-dark.accent-minor-gradient": [
        "#FFFFFF"
    ],
    "light.surface.on-dark.transparent-accent-gradient-hover": [
        "#FFFFFFFF"
    ],
    "light.surface.on-dark.transparent-accent-gradient-active": [
        "#FFFFFFFF"
    ],
    "light.surface.on-dark.transparent-accent-gradient": [
        "#FFFFFF"
    ],
    "light.surface.on-dark.promo-gradient-hover": [
        "#FFFFFFFF"
    ],
    "light.surface.on-dark.promo-gradient-active": [
        "#FFFFFFFF"
    ],
    "light.surface.on-dark.promo-gradient": [
        "#FFFFFF"
    ],
    "light.surface.on-dark.promo-minor-gradient-hover": [
        "#FFFFFFFF"
    ],
    "light.surface.on-dark.promo-minor-gradient-active": [
        "#FFFFFFFF"
    ],
    "light.surface.on-dark.promo-minor-gradient": [
        "#FFFFFF"
    ],
    "light.surface.on-dark.transparent-promo-gradient-hover": [
        "#FFFFFFFF"
    ],
    "light.surface.on-dark.transparent-promo-gradient-active": [
        "#FFFFFFFF"
    ],
    "light.surface.on-dark.transparent-promo-gradient": [
        "#FFFFFF"
    ],
    "light.surface.on-dark.gradient-main-hover": [
        "#FFFFFFFF"
    ],
    "light.surface.on-dark.gradient-main-active": [
        "#FFFFFFFF"
    ],
    "light.surface.on-dark.gradient-main": [
        "linear-gradient(89.83deg, #24B23EFF 0%, #00A4D1FF 100%)"
    ],
    "light.surface.on-dark.skeleton-gradient": [
        "linear-gradient(90deg, #FFFFFF17 0%, #FFFFFF14 6.25%, #FFFFFF0D 12.5%, #FFFFFF03 25%, #FFFFFF0D 37.5%, #FFFFFF14 43.75%, #FFFFFF17 50%, #FFFFFF14 56.25%, #FFFFFF0D 62.5%, #FFFFFF03 75%, #FFFFFF0D 87.5%, #FFFFFF14 93.75%, #FFFFFF17 100%)"
    ],
    "light.surface.on-dark.skeleton-gradient-hover": [
        "#FFFFFFFF"
    ],
    "light.surface.on-dark.skeleton-gradient-active": [
        "#FFFFFFFF"
    ],
    "light.surface.on-dark.skeleton-deep-gradient": [
        "linear-gradient(90deg, #FFFFFF5C 0%, #FFFFFF52 6.25%, #FFFFFF33 12.5%, #FFFFFF0A 25%, #FFFFFF33 37.5%, #FFFFFF52 43.75%, #FFFFFF5C 50%, #FFFFFF14 56.25%, #FFFFFF33 62.5%, #FFFFFF0A 75%, #FFFFFF33 87.5%, #FFFFFF52 93.75%, #FFFFFF5C 100%)"
    ],
    "light.surface.on-dark.skeleton-deep-gradient-hover": [
        "#FFFFFFFF"
    ],
    "light.surface.on-dark.skeleton-deep-gradient-active": [
        "#FFFFFFFF"
    ],
    "light.surface.on-light.accent-gradient-hover": [
        "#FFFFFFFF"
    ],
    "light.surface.on-light.accent-gradient-active": [
        "#FFFFFFFF"
    ],
    "light.surface.on-light.accent-gradient": [
        "#FFFFFF"
    ],
    "light.surface.on-light.accent-minor-gradient-hover": [
        "#FFFFFFFF"
    ],
    "light.surface.on-light.accent-minor-gradient-active": [
        "#FFFFFFFF"
    ],
    "light.surface.on-light.accent-minor-gradient": [
        "#FFFFFF"
    ],
    "light.surface.on-light.transparent-accent-gradient-hover": [
        "#FFFFFFFF"
    ],
    "light.surface.on-light.transparent-accent-gradient-active": [
        "#FFFFFFFF"
    ],
    "light.surface.on-light.transparent-accent-gradient": [
        "#FFFFFF"
    ],
    "light.surface.on-light.promo-gradient-hover": [
        "#FFFFFFFF"
    ],
    "light.surface.on-light.promo-gradient-active": [
        "#FFFFFFFF"
    ],
    "light.surface.on-light.promo-gradient": [
        "#FFFFFF"
    ],
    "light.surface.on-light.promo-minor-gradient-hover": [
        "#FFFFFFFF"
    ],
    "light.surface.on-light.promo-minor-gradient-active": [
        "#FFFFFFFF"
    ],
    "light.surface.on-light.promo-minor-gradient": [
        "#FFFFFF"
    ],
    "light.surface.on-light.transparent-promo-gradient-hover": [
        "#FFFFFFFF"
    ],
    "light.surface.on-light.transparent-promo-gradient-active": [
        "#FFFFFFFF"
    ],
    "light.surface.on-light.transparent-promo-gradient": [
        "#FFFFFF"
    ],
    "light.surface.on-light.gradient-main-hover": [
        "#FFFFFFFF"
    ],
    "light.surface.on-light.gradient-main-active": [
        "#FFFFFFFF"
    ],
    "light.surface.on-light.gradient-main": [
        "linear-gradient(89.83deg, #24B23EFF 0%, #00A4D1FF 100%)"
    ],
    "light.surface.on-light.skeleton-gradient": [
        "linear-gradient(90deg, #08080817 0%, #08080814 6.25%, #0808080D 12.5%, #08080803 25%, #0808080D 37.5%, #08080814 43.75%, #08080817 50%, #08080814 56.25%, #0808080D 62.5%, #08080803 75%, #0808080D 87.5%, #08080814 93.75%, #08080817 100%)"
    ],
    "light.surface.on-light.skeleton-gradient-hover": [
        "#FFFFFFFF"
    ],
    "light.surface.on-light.skeleton-gradient-active": [
        "#FFFFFFFF"
    ],
    "light.surface.on-light.skeleton-deep-gradient": [
        "linear-gradient(90deg, #0808085C 0%, #08080852 6.25%, #08080833 12.5%, #0808080A 25%, #08080833 37.5%, #08080852 43.75%, #0808085C 50%, #08080814 56.25%, #08080833 62.5%, #0808080A 75%, #08080833 87.5%, #08080852 93.75%, #0808085C 100%)"
    ],
    "light.surface.on-light.skeleton-deep-gradient-hover": [
        "#FFFFFFFF"
    ],
    "light.surface.on-light.skeleton-deep-gradient-active": [
        "#FFFFFFFF"
    ],
    "light.surface.inverse.accent-gradient-hover": [
        "#FFFFFFFF"
    ],
    "light.surface.inverse.accent-gradient-active": [
        "#FFFFFFFF"
    ],
    "light.surface.inverse.accent-gradient": [
        "#FFFFFF"
    ],
    "light.surface.inverse.accent-minor-gradient-hover": [
        "#FFFFFFFF"
    ],
    "light.surface.inverse.accent-minor-gradient-active": [
        "#FFFFFFFF"
    ],
    "light.surface.inverse.accent-minor-gradient": [
        "#FFFFFF"
    ],
    "light.surface.inverse.transparent-accent-gradient-hover": [
        "#FFFFFFFF"
    ],
    "light.surface.inverse.transparent-accent-gradient-active": [
        "#FFFFFFFF"
    ],
    "light.surface.inverse.transparent-accent-gradient": [
        "#FFFFFF"
    ],
    "light.surface.inverse.promo-gradient-hover": [
        "#FFFFFFFF"
    ],
    "light.surface.inverse.promo-gradient-active": [
        "#FFFFFFFF"
    ],
    "light.surface.inverse.promo-gradient": [
        "#FFFFFF"
    ],
    "light.surface.inverse.promo-minor-gradient-hover": [
        "#FFFFFFFF"
    ],
    "light.surface.inverse.promo-minor-gradient-active": [
        "#FFFFFFFF"
    ],
    "light.surface.inverse.promo-minor-gradient": [
        "#FFFFFF"
    ],
    "light.surface.inverse.transparent-promo-gradient-hover": [
        "#FFFFFFFF"
    ],
    "light.surface.inverse.transparent-promo-gradient-active": [
        "#FFFFFFFF"
    ],
    "light.surface.inverse.transparent-promo-gradient": [
        "#FFFFFF"
    ],
    "light.surface.inverse.skeleton-gradient": [
        "linear-gradient(90deg, #FFFFFF17 0%, #FFFFFF14 6.25%, #FFFFFF0D 12.5%, #FFFFFF03 25%, #FFFFFF0D 37.5%, #FFFFFF14 43.75%, #FFFFFF17 50%, #FFFFFF14 56.25%, #FFFFFF0D 62.5%, #FFFFFF03 75%, #FFFFFF0D 87.5%, #FFFFFF14 93.75%, #FFFFFF17 100%)"
    ],
    "light.surface.inverse.skeleton-gradient-hover": [
        "#FFFFFFFF"
    ],
    "light.surface.inverse.skeleton-gradient-active": [
        "#FFFFFFFF"
    ],
    "light.surface.inverse.skeleton-deep-gradient": [
        "linear-gradient(90deg, #FFFFFF5C 0%, #FFFFFF52 6.25%, #FFFFFF33 12.5%, #FFFFFF0A 25%, #FFFFFF33 37.5%, #FFFFFF52 43.75%, #FFFFFF5C 50%, #FFFFFF14 56.25%, #FFFFFF33 62.5%, #FFFFFF0A 75%, #FFFFFF33 87.5%, #FFFFFF52 93.75%, #FFFFFF5C 100%)"
    ],
    "light.surface.inverse.skeleton-deep-gradient-hover": [
        "#FFFFFFFF"
    ],
    "light.surface.inverse.skeleton-deep-gradient-active": [
        "#FFFFFFFF"
    ],
    "light.background.default.mobile-assistant-athena": [
        "linear-gradient(336.9deg, #00E0FF0F 0%, #FFFFFF00 64.95%)",
        "radial-gradient(66.53% 100% at 73.33% 100%, #0057FF0A 0%, #5708FF03 99.69%)",
        "linear-gradient(180deg, #FFFFFF00 50%, #00E0FF0F 100%)",
        "linear-gradient(270deg, #0047FD05 0%, #FFFFFF00 100%)",
        "#FFFFFFFF"
    ],
    "light.background.default.mobile-assistant-joy": [
        "linear-gradient(336.9deg, #F000BB08 0%, #FFFFFF00 64.95%)",
        "radial-gradient(66.53% 100% at 73.33% 100%, #9400EE05 0%, #A004FF03 99.69%)",
        "linear-gradient(180.03deg, #FFFFFF00 50%, #FFB8000A 99.97%)",
        "linear-gradient(270deg, #F000BB08 0%, #FFFFFF00 100%)",
        "#FFFFFFFF"
    ],
    "light.background.default.mobile-assistant-brand": [
        "linear-gradient(336.9deg, #28C5E60F 0%, #FFFFFF00 64.95%)",
        "radial-gradient(66.53% 100% at 73.33% 100%, #2A72F80A 0%, #2969E303 99.69%)",
        "linear-gradient(180.03deg, #2A72F800 50%, #2A72F80A 99.97%)",
        "linear-gradient(269.47deg, #28C5E608 0.52%, #FFFFFF00 99.61%)",
        "#FFFFFFFF"
    ],
    "light.background.default.modal-sheet": [
        "linear-gradient(180deg, #FFFFFF00 0%, #01B6FF00 100%)",
        "#F2F2F2"
    ],
    "light.background.default.mobile-assistant-b2-e": [
        "linear-gradient(336.9deg, #04FF2C05 0%, #FFFFFF00 64.95%)",
        "radial-gradient(100% 100% at 75.89% 100%, #00B3FF0F 0%, #00D1FF03 100%)",
        "linear-gradient(180deg, #FFFFFF00 50%, #00FB3B0D 100%)",
        "linear-gradient(270deg, #06C3FF0D 0%, #FFFFFF00 100%)",
        "#FFFFFFFF"
    ],
    "light.background.default.mobile-assistant-main": [
        "linear-gradient(336.9deg, #04FF2C05 0%, #FFFFFF00 64.95%)",
        "radial-gradient(100% 100% at 75.89% 100%, #00B3FF0F 0%, #00D1FF03 100%)",
        "linear-gradient(180deg, #FFFFFF00 50%, #00FB3B0D 100%)",
        "linear-gradient(270deg, #06C3FF0D 0%, #FFFFFF00 100%)",
        "#FFFFFFFF"
    ],
    "light.outline.default.accent-gradient-hover": [
        "#000000FF"
    ],
    "light.outline.default.accent-gradient-active": [
        "#CCCCCCFF"
    ],
    "light.outline.default.accent-gradient": [
        "#FFFFFF"
    ],
    "light.outline.default.accent-minor-gradient-hover": [
        "#000000FF"
    ],
    "light.outline.default.accent-minor-gradient-active": [
        "#CCCCCCFF"
    ],
    "light.outline.default.accent-minor-gradient": [
        "#FFFFFF"
    ],
    "light.outline.default.transparent-accent-gradient-hover": [
        "#000000FF"
    ],
    "light.outline.default.transparent-accent-gradient-active": [
        "#CCCCCCFF"
    ],
    "light.outline.default.transparent-accent-gradient": [
        "#FFFFFF"
    ],
    "light.outline.default.promo-gradient-hover": [
        "#000000FF"
    ],
    "light.outline.default.promo-gradient-active": [
        "#CCCCCCFF"
    ],
    "light.outline.default.promo-gradient": [
        "#FFFFFF"
    ],
    "light.outline.default.promo-minor-gradient-hover": [
        "#000000FF"
    ],
    "light.outline.default.promo-minor-gradient-active": [
        "#CCCCCCFF"
    ],
    "light.outline.default.promo-minor-gradient": [
        "#FFFFFF"
    ],
    "light.outline.on-dark.accent-gradient-hover": [
        "#000000FF"
    ],
    "light.outline.on-dark.accent-gradient-active": [
        "#CCCCCCFF"
    ],
    "light.outline.on-dark.accent-gradient": [
        "#FFFFFF"
    ],
    "light.outline.on-dark.accent-minor-gradient-hover": [
        "#000000FF"
    ],
    "light.outline.on-dark.accent-minor-gradient-active": [
        "#CCCCCCFF"
    ],
    "light.outline.on-dark.accent-minor-gradient": [
        "#FFFFFF"
    ],
    "light.outline.on-dark.transparent-accent-gradient-hover": [
        "#000000FF"
    ],
    "light.outline.on-dark.transparent-accent-gradient-active": [
        "#CCCCCCFF"
    ],
    "light.outline.on-dark.transparent-accent-gradient": [
        "#FFFFFF"
    ],
    "light.outline.on-dark.promo-gradient-hover": [
        "#000000FF"
    ],
    "light.outline.on-dark.promo-gradient-active": [
        "#CCCCCCFF"
    ],
    "light.outline.on-dark.promo-gradient": [
        "#FFFFFF"
    ],
    "light.outline.on-dark.promo-minor-gradient-hover": [
        "#000000FF"
    ],
    "light.outline.on-dark.promo-minor-gradient-active": [
        "#CCCCCCFF"
    ],
    "light.outline.on-dark.promo-minor-gradient": [
        "#FFFFFF"
    ],
    "light.outline.on-light.accent-gradient-hover": [
        "#000000FF"
    ],
    "light.outline.on-light.accent-gradient-active": [
        "#CCCCCCFF"
    ],
    "light.outline.on-light.accent-gradient": [
        "#FFFFFF"
    ],
    "light.outline.on-light.accent-minor-gradient-hover": [
        "#000000FF"
    ],
    "light.outline.on-light.accent-minor-gradient-active": [
        "#CCCCCCFF"
    ],
    "light.outline.on-light.accent-minor-gradient": [
        "#FFFFFF"
    ],
    "light.outline.on-light.transparent-accent-gradient-hover": [
        "#000000FF"
    ],
    "light.outline.on-light.transparent-accent-gradient-active": [
        "#CCCCCCFF"
    ],
    "light.outline.on-light.transparent-accent-gradient": [
        "#FFFFFF"
    ],
    "light.outline.on-light.promo-gradient-hover": [
        "#000000FF"
    ],
    "light.outline.on-light.promo-gradient-active": [
        "#CCCCCCFF"
    ],
    "light.outline.on-light.promo-gradient": [
        "#FFFFFF"
    ],
    "light.outline.on-light.promo-minor-gradient-hover": [
        "#000000FF"
    ],
    "light.outline.on-light.promo-minor-gradient-active": [
        "#CCCCCCFF"
    ],
    "light.outline.on-light.promo-minor-gradient": [
        "#FFFFFF"
    ],
    "light.outline.inverse.accent-gradient-hover": [
        "#000000FF"
    ],
    "light.outline.inverse.accent-gradient-active": [
        "#CCCCCCFF"
    ],
    "light.outline.inverse.accent-gradient": [
        "#FFFFFF"
    ],
    "light.outline.inverse.accent-minor-gradient-hover": [
        "#000000FF"
    ],
    "light.outline.inverse.accent-minor-gradient-active": [
        "#CCCCCCFF"
    ],
    "light.outline.inverse.accent-minor-gradient": [
        "#FFFFFF"
    ],
    "light.outline.inverse.transparent-accent-gradient-hover": [
        "#000000FF"
    ],
    "light.outline.inverse.transparent-accent-gradient-active": [
        "#CCCCCCFF"
    ],
    "light.outline.inverse.transparent-accent-gradient": [
        "#FFFFFF"
    ],
    "light.outline.inverse.promo-gradient-hover": [
        "#000000FF"
    ],
    "light.outline.inverse.promo-gradient-active": [
        "#CCCCCCFF"
    ],
    "light.outline.inverse.promo-gradient": [
        "#FFFFFF"
    ],
    "light.outline.inverse.promo-minor-gradient-hover": [
        "#000000FF"
    ],
    "light.outline.inverse.promo-minor-gradient-active": [
        "#CCCCCCFF"
    ],
    "light.outline.inverse.promo-minor-gradient": [
        "#FFFFFF"
    ]
}