{
    "view": {},
    "props": {
        "shape": {
            "type": "shape",
            "value": "round.circle"
        },
        "background": {
            "type": "gradient",
            "default": "surface.default.gradient-main",
            "alpha": 0.2
        },
        "activeStatusColor": {
            "type": "color",
            "default": "surface.default.positive"
        },
        "inactiveStatusColor": {
            "type": "color",
            "default": "surface.on-light.solid-tertiary"
        },
        "textColor": {
            "type": "gradient",
            "default": "text.default.gradient-main"
        }
    },
    "variations": [
        {
            "id": "xxl",
            "parent": null,
            "props": {
                "textStyle": {
                    "type": "typography",
                    "value": "header.h2.bold"
                },
                "width": {
                    "type": "dimension",
                    "value": 88
                },
                "height": {
                    "type": "dimension",
                    "value": 88
                },
                "statusOffsetX": {
                    "type": "dimension",
                    "value": 1
                },
                "statusOffsetY": {
                    "type": "dimension",
                    "value": 7
                },
                "statusStyle": {
                    "type": "component_style",
                    "value": "indicator.l"
                }
            }
        },
        {
            "id": "l",
            "parent": null,
            "props": {
                "textStyle": {
                    "type": "typography",
                    "value": "header.h4.bold"
                },
                "width": {
                    "type": "dimension",
                    "value": 48
                },
                "height": {
                    "type": "dimension",
                    "value": 48
                },
                "statusOffsetX": {
                    "type": "dimension",
                    "value": 1
                },
                "statusOffsetY": {
                    "type": "dimension",
                    "value": 3
                },
                "statusStyle": {
                    "type": "component_style",
                    "value": "indicator.m"
                }
            }
        },
        {
            "id": "m",
            "parent": null,
            "props": {
                "textStyle": {
                    "type": "typography",
                    "value": "body.s.bold"
                },
                "width": {
                    "type": "dimension",
                    "value": 36
                },
                "height": {
                    "type": "dimension",
                    "value": 36
                },
                "statusOffsetX": {
                    "type": "dimension",
                    "value": 0
                },
                "statusOffsetY": {
                    "type": "dimension",
                    "value": 2
                },
                "statusStyle": {
                    "type": "component_style",
                    "value": "indicator.m"
                }
            }
        },
        {
            "id": "s",
            "parent": null,
            "props": {
                "textStyle": {
                    "type": "typography",
                    "value": "body.xxs.bold"
                },
                "width": {
                    "type": "dimension",
                    "value": 24
                },
                "height": {
                    "type": "dimension",
                    "value": 24
                },
                "statusOffsetX": {
                    "type": "dimension",
                    "value": 0
                },
                "statusOffsetY": {
                    "type": "dimension",
                    "value": 0
                },
                "statusStyle": {
                    "type": "component_style",
                    "value": "indicator.s"
                }
            }
        }
    ]
}