{
    "name": "sdds_serv",
    "version": "0.3.0-rc",
    "components": [
        {
            "componentName": "avatar",
            "styleName": "avatar",
            "config": "avatar_config.json"
        },
        {
            "componentName": "avatar-group",
            "styleName": "avatar-group",
            "config": "avatar_group_config.json"
        },
        {
            "componentName": "badge",
            "styleName": "badge-clear",
            "config": "badge_clear_config.json"
        },
        {
            "componentName": "badge",
            "styleName": "badge-solid",
            "config": "badge_solid_config.json"
        },
        {
            "componentName": "badge",
            "styleName": "badge-transparent",
            "config": "badge_transparent_config.json"
        },
        {
            "componentName": "icon-badge",
            "styleName": "icon-badge-clear",
            "config": "icon_badge_clear_config.json"
        },
        {
            "componentName": "icon-badge",
            "styleName": "icon-badge-solid",
            "config": "icon_badge_solid_config.json"
        },
        {
            "componentName": "icon-badge",
            "styleName": "icon-badge-transparent",
            "config": "icon_badge_transparent_config.json"
        },
        {
            "componentName": "basic-button",
            "styleName": "basic-button",
            "config": "basic_button_config.json"
        },
        {
            "componentName": "icon-button",
            "styleName": "icon-button",
            "config": "icon_button_config.json"
        },
        {
            "componentName": "link-button",
            "styleName": "link-button",
            "config": "link_button_config.json"
        },
        {
            "componentName": "bottom-sheet",
            "styleName": "modal-bottom-sheet",
            "config": "bottom_sheet_config.json"
        },
        {
            "componentName": "card",
            "styleName": "card-solid",
            "config": "card_solid_config.json"
        },
        {
            "componentName": "card",
            "styleName": "card-clear",
            "config": "card_clear_config.json"
        },
        {
            "componentName": "cell",
            "styleName": "cell",
            "config": "cell_config.json"
        },
        {
            "componentName": "chip",
            "styleName": "chip",
            "config": "chip_config.json"
        },
        {
            "componentName": "chip",
            "styleName": "embedded-chip",
            "config": "embedded_chip_config.json"
        },
        {
            "componentName": "chip-group",
            "styleName": "chip-group-dense",
            "config": "chip_group_dense_config.json"
        },
        {
            "componentName": "chip-group",
            "styleName": "chip-group-wide",
            "config": "chip_group_wide_config.json"
        },
        {
            "componentName": "chip-group",
            "styleName": "embedded-chip-group-dense",
            "config": "embedded_chip_group_dense_config.json"
        },
        {
            "componentName": "chip-group",
            "styleName": "embedded-chip-group-wide",
            "config": "embedded_chip_group_wide_config.json"
        },
        {
            "componentName": "counter",
            "styleName": "counter",
            "config": "counter_config.json"
        },
        {
            "componentName": "divider",
            "styleName": "divider",
            "config": "divider_config.json"
        },
        {
            "componentName": "indicator",
            "styleName": "indicator",
            "config": "indicator_config.json"
        },
        {
            "componentName": "progress-bar",
            "styleName": "progress-bar",
            "config": "progress_bar_config.json"
        },
        {
            "componentName": "radio-box",
            "styleName": "radio-box",
            "config": "radiobox_config.json"
        },
        {
            "componentName": "radio-box-group",
            "styleName": "radio-box-group",
            "config": "radiobox_group_config.json"
        },
        {
            "componentName": "segment",
            "styleName": "segment",
            "config": "segment_config.json"
        },
        {
            "componentName": "segment-item",
            "styleName": "segment-item",
            "config": "segment_item_config.json"
        },
        {
            "componentName": "text-field",
            "styleName": "text-field",
            "config": "text_field_config.json"
        },
        {
            "componentName": "text-field",
            "styleName": "text-field-clear",
            "config": "text_field_clear_config.json",
            "excludePlatforms": ["view-system"]
        },
        {
            "componentName": "text-area",
            "styleName": "text-area",
            "config": "text_area_config.json"
        },
        {
            "componentName": "text-area",
            "styleName": "text-area-clear",
            "config": "text_area_clear_config.json",
            "excludePlatforms": ["view-system"]
        }
    ]
}