{
    "down.soft.s": {
        "color": "#000",
        "offset": {
            "width": 0,
            "height": 2
        },
        "opacity": 0.08,
        "radius": 1.5
    },
    "down.soft.m": {
        "color": "#000",
        "offset": {
            "width": 0,
            "height": 4
        },
        "opacity": 0.1,
        "radius": 3
    },
    "down.soft.l": {
        "color": "#000",
        "offset": {
            "width": 0,
            "height": 7
        },
        "opacity": 0.16,
        "radius": 7
    },
    "down.hard.s": {
        "color": "#000",
        "offset": {
            "width": 0,
            "height": 2
        },
        "opacity": 0.15,
        "radius": 1.5
    },
    "down.hard.m": {
        "color": "#000",
        "offset": {
            "width": 0,
            "height": 4
        },
        "opacity": 0.2,
        "radius": 3
    },
    "down.hard.l": {
        "color": "#000",
        "offset": {
            "width": 0,
            "height": 7
        },
        "opacity": 0.24,
        "radius": 7
    }
}