{
    "view": {
        "default": {
            "props": {
                "backgroundColor": {
                    "type": "color",
                    "default": "surface.default.solid-default"
                }
            }
        },
        "accent": {
            "props": {
                "backgroundColor": {
                    "type": "color",
                    "default": "surface.default.accent"
                }
            }
        },
        "inactive": {
            "props": {
                "backgroundColor": {
                    "type": "color",
                    "default": "surface.default.solid-tertiary"
                }
            }
        },
        "positive": {
            "props": {
                "backgroundColor": {
                    "type": "color",
                    "default": "surface.default.positive"
                }
            }
        },
        "warning": {
            "props": {
                "backgroundColor": {
                    "type": "color",
                    "default": "surface.default.warning"
                }
            }
        },
        "negative": {
            "props": {
                "backgroundColor": {
                    "type": "color",
                    "default": "surface.default.negative"
                }
            }
        },
        "black": {
            "props": {
                "backgroundColor": {
                    "type": "color",
                    "default": "surface.on-light.solid-default"
                }
            }
        },
        "white": {
            "props": {
                "backgroundColor": {
                    "type": "color",
                    "default": "surface.on-dark.solid-default"
                }
            }
        }
    },
    "props": {
        "shape": {
            "type": "shape",
            "value": "round.circle"
        }
    },
    "variations": [
        {
            "id": "l",
            "parent": null,
            "props": {
                "width": {
                    "type": "dimension",
                    "value": 12
                },
                "height": {
                    "type": "dimension",
                    "value": 12
                }
            }
        },
        {
            "id": "m",
            "parent": null,
            "props": {
                "width": {
                    "type": "dimension",
                    "value": 8
                },
                "height": {
                    "type": "dimension",
                    "value": 8
                }
            }
        },
        {
            "id": "s",
            "parent": null,
            "props": {
                "width": {
                    "type": "dimension",
                    "value": 6
                },
                "height": {
                    "type": "dimension",
                    "value": 6
                }
            }
        }
    ]
}