{
    "view": {
        "primary": {
            "props": {
                "labelColor": {
                    "type": "color",
                    "default": "text.default.primary",
                    "states": [
                        {
                            "state": [
                                "hovered"
                            ],
                            "value": "text.default.primary-hover"
                        },
                        {
                            "state": [
                                "selected"
                            ],
                            "value": "text.inverse.primary"
                        },
                        {
                            "state": [
                                "selected",
                                "pressed"
                            ],
                            "value": "text.inverse.primary-active"
                        },
                        {
                            "state": [
                                "selected",
                                "hovered"
                            ],
                            "value": "text.inverse.primary-hover"
                        }
                    ]
                },
                "valueColor": {
                    "type": "color",
                    "default": "text.default.secondary",
                    "states": [
                        {
                            "state": [
                                "hovered"
                            ],
                            "value": "text.default.secondary-hover"
                        },
                        {
                            "state": [
                                "selected"
                            ],
                            "value": "text.inverse.secondary"
                        },
                        {
                            "state": [
                                "selected",
                                "pressed"
                            ],
                            "value": "text.inverse.secondary-active"
                        },
                        {
                            "state": [
                                "selected",
                                "hovered"
                            ],
                            "value": "text.inverse.secondary-hover"
                        }
                    ]
                },
                "startContentColor": {
                    "type": "color",
                    "default": "text.default.primary",
                    "states": [
                        {
                            "state": [
                                "hovered"
                            ],
                            "value": "text.default.primary-hover"
                        },
                        {
                            "state": [
                                "selected"
                            ],
                            "value": "text.inverse.primary"
                        },
                        {
                            "state": [
                                "selected",
                                "pressed"
                            ],
                            "value": "text.inverse.primary-active"
                        },
                        {
                            "state": [
                                "selected",
                                "hovered"
                            ],
                            "value": "text.inverse.primary-hover"
                        }
                    ]
                },
                "endContentColor": {
                    "type": "color",
                    "default": "text.default.primary",
                    "states": [
                        {
                            "state": [
                                "hovered"
                            ],
                            "value": "text.default.primary-hover"
                        },
                        {
                            "state": [
                                "selected"
                            ],
                            "value": "text.inverse.primary"
                        },
                        {
                            "state": [
                                "selected",
                                "pressed"
                            ],
                            "value": "text.inverse.primary-active"
                        },
                        {
                            "state": [
                                "selected",
                                "hovered"
                            ],
                            "value": "text.inverse.primary-hover"
                        }
                    ]
                },
                "backgroundColor": {
                    "type": "color",
                    "default": "surface.default.clear",
                    "states": [
                        {
                            "state": [
                                "hovered"
                            ],
                            "value": "surface.default.clear-hover"
                        },
                        {
                            "state": [
                                "selected"
                            ],
                            "value": "surface.default.solid-default"
                        },
                        {
                            "state": [
                                "selected",
                                "pressed"
                            ],
                            "value": "surface.default.solid-default-active"
                        },
                        {
                            "state": [
                                "selected",
                                "hovered"
                            ],
                            "value": "surface.default.solid-default-hover"
                        }
                    ]
                }
            }
        },
        "secondary": {
            "props": {
                "labelColor": {
                    "type": "color",
                    "default": "text.default.primary",
                    "states": [
                        {
                            "state": [
                                "hovered"
                            ],
                            "value": "text.default.primary-hover"
                        },
                        {
                            "state": [
                                "selected"
                            ],
                            "value": "text.default.primary"
                        },
                        {
                            "state": [
                                "selected",
                                "pressed"
                            ],
                            "value": "text.default.primary-active"
                        },
                        {
                            "state": [
                                "selected",
                                "hovered"
                            ],
                            "value": "text.default.primary-hover"
                        }
                    ]
                },
                "valueColor": {
                    "type": "color",
                    "default": "text.default.secondary",
                    "states": [
                        {
                            "state": [
                                "hovered"
                            ],
                            "value": "text.default.secondary-hover"
                        },
                        {
                            "state": [
                                "selected"
                            ],
                            "value": "text.default.secondary"
                        },
                        {
                            "state": [
                                "selected",
                                "pressed"
                            ],
                            "value": "text.default.secondary-active"
                        },
                        {
                            "state": [
                                "selected",
                                "hovered"
                            ],
                            "value": "text.default.secondary-hover"
                        }
                    ]
                },
                "startContentColor": {
                    "type": "color",
                    "default": "text.default.primary",
                    "states": [
                        {
                            "state": [
                                "pressed"
                            ],
                            "value": "text.default.primary-active"
                        },
                        {
                            "state": [
                                "hovered"
                            ],
                            "value": "text.default.primary-hover"
                        },
                        {
                            "state": [
                                "selected"
                            ],
                            "value": "text.default.primary"
                        },
                        {
                            "state": [
                                "selected",
                                "hovered"
                            ],
                            "value": "text.default.primary-hover"
                        }
                    ]
                },
                "endContentColor": {
                    "type": "color",
                    "default": "text.default.primary",
                    "states": [
                        {
                            "state": [
                                "pressed"
                            ],
                            "value": "text.default.primary-active"
                        },
                        {
                            "state": [
                                "hovered"
                            ],
                            "value": "text.default.primary-hover"
                        },
                        {
                            "state": [
                                "selected"
                            ],
                            "value": "text.default.primary"
                        },
                        {
                            "state": [
                                "selected",
                                "hovered"
                            ],
                            "value": "text.default.primary-hover"
                        }
                    ]
                },
                "backgroundColor": {
                    "type": "color",
                    "default": "surface.default.clear",
                    "states": [
                        {
                            "state": [
                                "hovered"
                            ],
                            "value": "surface.default.clear-hover"
                        },
                        {
                            "state": [
                                "selected"
                            ],
                            "value": "surface.default.transparent-card"
                        },
                        {
                            "state": [
                                "selected",
                                "pressed"
                            ],
                            "value": "surface.default.transparent-card-active"
                        },
                        {
                            "state": [
                                "selected",
                                "hovered"
                            ],
                            "value": "surface.default.transparent-card-hover"
                        }
                    ]
                }
            }
        },
        "accent": {
            "props": {
                "labelColor": {
                    "type": "color",
                    "default": "text.default.primary",
                    "states": [
                        {
                            "state": [
                                "hovered"
                            ],
                            "value": "text.default.primary-hover"
                        },
                        {
                            "state": [
                                "selected"
                            ],
                            "value": "text.inverse.primary"
                        },
                        {
                            "state": [
                                "selected",
                                "pressed"
                            ],
                            "value": "text.inverse.primary-active"
                        },
                        {
                            "state": [
                                "selected",
                                "hovered"
                            ],
                            "value": "text.inverse.primary-hover"
                        }
                    ]
                },
                "valueColor": {
                    "type": "color",
                    "default": "text.default.secondary",
                    "states": [
                        {
                            "state": [
                                "hovered"
                            ],
                            "value": "text.default.secondary-hover"
                        },
                        {
                            "state": [
                                "selected"
                            ],
                            "value": "text.inverse.secondary"
                        },
                        {
                            "state": [
                                "selected",
                                "pressed"
                            ],
                            "value": "text.inverse.secondary-active"
                        },
                        {
                            "state": [
                                "selected",
                                "hovered"
                            ],
                            "value": "text.inverse.secondary-hover"
                        }
                    ]
                },
                "startContentColor": {
                    "type": "color",
                    "default": "text.default.primary",
                    "states": [
                        {
                            "state": [
                                "hovered"
                            ],
                            "value": "text.default.primary-hover"
                        },
                        {
                            "state": [
                                "selected"
                            ],
                            "value": "text.inverse.primary"
                        },
                        {
                            "state": [
                                "selected",
                                "pressed"
                            ],
                            "value": "text.inverse.primary-active"
                        },
                        {
                            "state": [
                                "selected",
                                "hovered"
                            ],
                            "value": "text.inverse.primary-hover"
                        }
                    ]
                },
                "endContentColor": {
                    "type": "color",
                    "default": "text.default.primary",
                    "states": [
                        {
                            "state": [
                                "hovered"
                            ],
                            "value": "text.default.primary-hover"
                        },
                        {
                            "state": [
                                "selected"
                            ],
                            "value": "text.inverse.primary"
                        },
                        {
                            "state": [
                                "selected",
                                "pressed"
                            ],
                            "value": "text.inverse.primary-active"
                        },
                        {
                            "state": [
                                "selected",
                                "hovered"
                            ],
                            "value": "text.inverse.primary-hover"
                        }
                    ]
                },
                "backgroundColor": {
                    "type": "color",
                    "default": "surface.default.clear",
                    "states": [
                        {
                            "state": [
                                "hovered"
                            ],
                            "value": "surface.default.clear-hover"
                        },
                        {
                            "state": [
                                "selected"
                            ],
                            "value": "surface.default.accent"
                        },
                        {
                            "state": [
                                "selected",
                                "pressed"
                            ],
                            "value": "surface.default.accent-active"
                        },
                        {
                            "state": [
                                "selected",
                                "hovered"
                            ],
                            "value": "surface.default.accent-hover"
                        }
                    ]
                }
            }
        }
    },
    "props": {
        "disableAlpha": {
            "type": "float",
            "value": 0.4
        }
    },
    "variations": [
        {
            "id": "xl",
            "parent": null,
            "view": {
                "accent": {
                    "props": {
                        "counterStyle": {
                            "type": "component_style",
                            "value": "counter.s.accent",
                            "props": {
                                "backgroundColor": {
                                    "type": "color",
                                    "default": "surface.default.accent",
                                    "states": [
                                        {
                                            "state": [
                                                "selected"
                                            ],
                                            "value": "surface.on-dark.solid-default"
                                        }
                                    ]
                                },
                                "textColor": {
                                    "type": "color",
                                    "default": "text.on-dark.primary",
                                    "states": [
                                        {
                                            "state": [
                                                "selected"
                                            ],
                                            "value": "text.on-light.primary"
                                        }
                                    ]
                                }
                            }
                        }
                    }
                }
            },
            "props": {
                "shape": {
                    "type": "shape",
                    "value": "round.l",
                    "adjustment": 0
                },
                "labelStyle": {
                    "type": "typography",
                    "value": "body.l.bold"
                },
                "valueStyle": {
                    "type": "typography",
                    "value": "body.l.bold"
                },
                "minHeight": {
                    "type": "dimension",
                    "value": 64
                },
                "minWidth": {
                    "type": "dimension",
                    "value": 110
                },
                "paddingStart": {
                    "type": "dimension",
                    "value": 28
                },
                "paddingEnd": {
                    "type": "dimension",
                    "value": 28
                },
                "startContentSize": {
                    "type": "dimension",
                    "value": 24
                },
                "endContentSize": {
                    "type": "dimension",
                    "value": 24
                },
                "iconMargin": {
                    "type": "dimension",
                    "value": 6
                },
                "valueMargin": {
                    "type": "dimension",
                    "value": 6
                },
                "counterMargin": {
                    "type": "dimension",
                    "value": 6
                },
                "counterStyle": {
                    "type": "component_style",
                    "value": "counter.s.accent"
                }
            }
        },
        {
            "id": "xl.pilled",
            "parent": "xl",
            "props": {
                "shape": {
                    "type": "shape",
                    "value": "round.circle"
                },
                "minWidth": {
                    "type": "dimension",
                    "value": 94
                },
                "paddingStart": {
                    "type": "dimension",
                    "value": 20
                },
                "paddingEnd": {
                    "type": "dimension",
                    "value": 20
                }
            }
        },
        {
            "id": "l",
            "parent": null,
            "view": {
                "accent": {
                    "props": {
                        "counterStyle": {
                            "type": "component_style",
                            "value": "counter.s.accent",
                            "props": {
                                "backgroundColor": {
                                    "type": "color",
                                    "default": "surface.default.accent",
                                    "states": [
                                        {
                                            "state": [
                                                "selected"
                                            ],
                                            "value": "surface.on-dark.solid-default"
                                        }
                                    ]
                                },
                                "textColor": {
                                    "type": "color",
                                    "default": "text.on-dark.primary",
                                    "states": [
                                        {
                                            "state": [
                                                "selected"
                                            ],
                                            "value": "text.on-light.primary"
                                        }
                                    ]
                                }
                            }
                        }
                    }
                }
            },
            "props": {
                "shape": {
                    "type": "shape",
                    "value": "round.l",
                    "adjustment": -2
                },
                "labelStyle": {
                    "type": "typography",
                    "value": "body.l.bold"
                },
                "valueStyle": {
                    "type": "typography",
                    "value": "body.l.bold"
                },
                "minHeight": {
                    "type": "dimension",
                    "value": 56
                },
                "minWidth": {
                    "type": "dimension",
                    "value": 102
                },
                "paddingStart": {
                    "type": "dimension",
                    "value": 24
                },
                "paddingEnd": {
                    "type": "dimension",
                    "value": 24
                },
                "startContentSize": {
                    "type": "dimension",
                    "value": 24
                },
                "endContentSize": {
                    "type": "dimension",
                    "value": 24
                },
                "iconMargin": {
                    "type": "dimension",
                    "value": 6
                },
                "valueMargin": {
                    "type": "dimension",
                    "value": 6
                },
                "counterMargin": {
                    "type": "dimension",
                    "value": 6
                },
                "counterStyle": {
                    "type": "component_style",
                    "value": "counter.s.accent"
                }
            }
        },
        {
            "id": "l.pilled",
            "parent": "l",
            "props": {
                "shape": {
                    "type": "shape",
                    "value": "round.circle"
                },
                "minWidth": {
                    "type": "dimension",
                    "value": 86
                },
                "paddingStart": {
                    "type": "dimension",
                    "value": 16
                },
                "paddingEnd": {
                    "type": "dimension",
                    "value": 16
                }
            }
        },
        {
            "id": "m",
            "parent": null,
            "view": {
                "accent": {
                    "props": {
                        "counterStyle": {
                            "type": "component_style",
                            "value": "counter.xs.accent",
                            "props": {
                                "backgroundColor": {
                                    "type": "color",
                                    "default": "surface.default.accent",
                                    "states": [
                                        {
                                            "state": [
                                                "selected"
                                            ],
                                            "value": "surface.on-dark.solid-default"
                                        }
                                    ]
                                },
                                "textColor": {
                                    "type": "color",
                                    "default": "text.on-dark.primary",
                                    "states": [
                                        {
                                            "state": [
                                                "selected"
                                            ],
                                            "value": "text.on-light.primary"
                                        }
                                    ]
                                }
                            }
                        }
                    }
                }
            },
            "props": {
                "shape": {
                    "type": "shape",
                    "value": "round.m",
                    "adjustment": 0
                },
                "labelStyle": {
                    "type": "typography",
                    "value": "body.m.bold"
                },
                "valueStyle": {
                    "type": "typography",
                    "value": "body.m.bold"
                },
                "minHeight": {
                    "type": "dimension",
                    "value": 48
                },
                "minWidth": {
                    "type": "dimension",
                    "value": 88
                },
                "paddingStart": {
                    "type": "dimension",
                    "value": 20
                },
                "paddingEnd": {
                    "type": "dimension",
                    "value": 20
                },
                "startContentSize": {
                    "type": "dimension",
                    "value": 24
                },
                "endContentSize": {
                    "type": "dimension",
                    "value": 24
                },
                "iconMargin": {
                    "type": "dimension",
                    "value": 4
                },
                "valueMargin": {
                    "type": "dimension",
                    "value": 4
                },
                "counterMargin": {
                    "type": "dimension",
                    "value": 4
                },
                "counterStyle": {
                    "type": "component_style",
                    "value": "counter.xs.accent"
                }
            }
        },
        {
            "id": "m.pilled",
            "parent": "m",
            "props": {
                "shape": {
                    "type": "shape",
                    "value": "round.circle"
                },
                "minWidth": {
                    "type": "dimension",
                    "value": 72
                },
                "paddingStart": {
                    "type": "dimension",
                    "value": 12
                },
                "paddingEnd": {
                    "type": "dimension",
                    "value": 12
                }
            }
        },
        {
            "id": "s",
            "parent": null,
            "view": {
                "accent": {
                    "props": {
                        "counterStyle": {
                            "type": "component_style",
                            "value": "counter.xs.accent",
                            "props": {
                                "backgroundColor": {
                                    "type": "color",
                                    "default": "surface.default.accent",
                                    "states": [
                                        {
                                            "state": [
                                                "selected"
                                            ],
                                            "value": "surface.on-dark.solid-default"
                                        }
                                    ]
                                },
                                "textColor": {
                                    "type": "color",
                                    "default": "text.on-dark.primary",
                                    "states": [
                                        {
                                            "state": [
                                                "selected"
                                            ],
                                            "value": "text.on-light.primary"
                                        }
                                    ]
                                }
                            }
                        }
                    }
                }
            },
            "props": {
                "shape": {
                    "type": "shape",
                    "value": "round.m",
                    "adjustment": -2
                },
                "labelStyle": {
                    "type": "typography",
                    "value": "body.s.bold"
                },
                "valueStyle": {
                    "type": "typography",
                    "value": "body.s.bold"
                },
                "minHeight": {
                    "type": "dimension",
                    "value": 40
                },
                "minWidth": {
                    "type": "dimension",
                    "value": 75
                },
                "paddingStart": {
                    "type": "dimension",
                    "value": 16
                },
                "paddingEnd": {
                    "type": "dimension",
                    "value": 16
                },
                "startContentSize": {
                    "type": "dimension",
                    "value": 24
                },
                "endContentSize": {
                    "type": "dimension",
                    "value": 24
                },
                "iconMargin": {
                    "type": "dimension",
                    "value": 2
                },
                "valueMargin": {
                    "type": "dimension",
                    "value": 2
                },
                "counterMargin": {
                    "type": "dimension",
                    "value": 2
                },
                "counterStyle": {
                    "type": "component_style",
                    "value": "counter.xs.accent"
                }
            }
        },
        {
            "id": "s.pilled",
            "parent": "s",
            "props": {
                "shape": {
                    "type": "shape",
                    "value": "round.circle"
                },
                "minWidth": {
                    "type": "dimension",
                    "value": 59
                },
                "paddingStart": {
                    "type": "dimension",
                    "value": 8
                },
                "paddingEnd": {
                    "type": "dimension",
                    "value": 8
                }
            }
        },
        {
            "id": "xs",
            "parent": null,
            "view": {
                "accent": {
                    "props": {
                        "counterStyle": {
                            "type": "component_style",
                            "value": "counter.xxs.accent",
                            "props": {
                                "backgroundColor": {
                                    "type": "color",
                                    "default": "surface.default.accent",
                                    "states": [
                                        {
                                            "state": [
                                                "selected"
                                            ],
                                            "value": "surface.on-dark.solid-default"
                                        }
                                    ]
                                },
                                "textColor": {
                                    "type": "color",
                                    "default": "text.on-dark.primary",
                                    "states": [
                                        {
                                            "state": [
                                                "selected"
                                            ],
                                            "value": "text.on-light.primary"
                                        }
                                    ]
                                }
                            }
                        }
                    }
                }
            },
            "props": {
                "shape": {
                    "type": "shape",
                    "value": "round.s",
                    "adjustment": 0
                },
                "labelStyle": {
                    "type": "typography",
                    "value": "body.xs.bold"
                },
                "valueStyle": {
                    "type": "typography",
                    "value": "body.xs.bold"
                },
                "minHeight": {
                    "type": "dimension",
                    "value": 32
                },
                "minWidth": {
                    "type": "dimension",
                    "value": 61
                },
                "paddingStart": {
                    "type": "dimension",
                    "value": 12
                },
                "paddingEnd": {
                    "type": "dimension",
                    "value": 12
                },
                "startContentSize": {
                    "type": "dimension",
                    "value": 16
                },
                "endContentSize": {
                    "type": "dimension",
                    "value": 16
                },
                "iconMargin": {
                    "type": "dimension",
                    "value": 2
                },
                "valueMargin": {
                    "type": "dimension",
                    "value": 2
                },
                "counterMargin": {
                    "type": "dimension",
                    "value": 2
                },
                "counterStyle": {
                    "type": "component_style",
                    "value": "counter.xxs.accent"
                }
            }
        },
        {
            "id": "xs.pilled",
            "parent": "xs",
            "props": {
                "shape": {
                    "type": "shape",
                    "value": "round.circle"
                },
                "minWidth": {
                    "type": "dimension",
                    "value": 53
                },
                "paddingStart": {
                    "type": "dimension",
                    "value": 8
                },
                "paddingEnd": {
                    "type": "dimension",
                    "value": 8
                }
            }
        }
    ]
}