{
    "screen-s.display.l.normal": {
        "fontFamilyRef": "fontFamily.display",
        "fontWeight": "400",
        "fontStyle": "normal",
        "fontSize": "5.5rem",
        "lineHeight": "5.75rem",
        "letterSpacing": "normal"
    },
    "screen-s.display.l.bold": {
        "fontFamilyRef": "fontFamily.display",
        "fontWeight": "700",
        "fontStyle": "normal",
        "fontSize": "5.5rem",
        "lineHeight": "5.75rem",
        "letterSpacing": "normal"
    },
    "screen-s.display.m.normal": {
        "fontFamilyRef": "fontFamily.display",
        "fontWeight": "400",
        "fontStyle": "normal",
        "fontSize": "3.5rem",
        "lineHeight": "3.75rem",
        "letterSpacing": "normal"
    },
    "screen-s.display.m.bold": {
        "fontFamilyRef": "fontFamily.display",
        "fontWeight": "700",
        "fontStyle": "normal",
        "fontSize": "3.5rem",
        "lineHeight": "3.75rem",
        "letterSpacing": "normal"
    },
    "screen-s.display.s.normal": {
        "fontFamilyRef": "fontFamily.display",
        "fontWeight": "400",
        "fontStyle": "normal",
        "fontSize": "2.5rem",
        "lineHeight": "2.75rem",
        "letterSpacing": "normal"
    },
    "screen-s.display.s.bold": {
        "fontFamilyRef": "fontFamily.display",
        "fontWeight": "700",
        "fontStyle": "normal",
        "fontSize": "2.5rem",
        "lineHeight": "2.75rem",
        "letterSpacing": "normal"
    },
    "screen-s.header.h1.normal": {
        "fontFamilyRef": "fontFamily.header",
        "fontWeight": "400",
        "fontStyle": "normal",
        "fontSize": "2rem",
        "lineHeight": "2.5rem",
        "letterSpacing": "normal"
    },
    "screen-s.header.h1.bold": {
        "fontFamilyRef": "fontFamily.header",
        "fontWeight": "700",
        "fontStyle": "normal",
        "fontSize": "2rem",
        "lineHeight": "2.5rem",
        "letterSpacing": "normal"
    },
    "screen-s.header.h2.normal": {
        "fontFamilyRef": "fontFamily.header",
        "fontWeight": "400",
        "fontStyle": "normal",
        "fontSize": "1.5rem",
        "lineHeight": "2rem",
        "letterSpacing": "normal"
    },
    "screen-s.header.h2.bold": {
        "fontFamilyRef": "fontFamily.header",
        "fontWeight": "700",
        "fontStyle": "normal",
        "fontSize": "1.5rem",
        "lineHeight": "2rem",
        "letterSpacing": "normal"
    },
    "screen-s.header.h3.normal": {
        "fontFamilyRef": "fontFamily.header",
        "fontWeight": "400",
        "fontStyle": "normal",
        "fontSize": "1.25rem",
        "lineHeight": "1.625rem",
        "letterSpacing": "normal"
    },
    "screen-s.header.h3.bold": {
        "fontFamilyRef": "fontFamily.header",
        "fontWeight": "700",
        "fontStyle": "normal",
        "fontSize": "1.25rem",
        "lineHeight": "1.625rem",
        "letterSpacing": "normal"
    },
    "screen-s.header.h4.normal": {
        "fontFamilyRef": "fontFamily.header",
        "fontWeight": "400",
        "fontStyle": "normal",
        "fontSize": "1.125rem",
        "lineHeight": "1.5rem",
        "letterSpacing": "normal"
    },
    "screen-s.header.h4.bold": {
        "fontFamilyRef": "fontFamily.header",
        "fontWeight": "700",
        "fontStyle": "normal",
        "fontSize": "1.125rem",
        "lineHeight": "1.5rem",
        "letterSpacing": "normal"
    },
    "screen-s.header.h5.normal": {
        "fontFamilyRef": "fontFamily.header",
        "fontWeight": "400",
        "fontStyle": "normal",
        "fontSize": "0.9375rem",
        "lineHeight": "1.25rem",
        "letterSpacing": "normal"
    },
    "screen-s.header.h5.bold": {
        "fontFamilyRef": "fontFamily.header",
        "fontWeight": "700",
        "fontStyle": "normal",
        "fontSize": "0.9375rem",
        "lineHeight": "1.25rem",
        "letterSpacing": "normal"
    },
    "screen-s.body.l.normal": {
        "fontFamilyRef": "fontFamily.body",
        "fontWeight": "400",
        "fontStyle": "normal",
        "fontSize": "1.0625rem",
        "lineHeight": "1.5rem",
        "letterSpacing": "normal"
    },
    "screen-s.body.l.bold": {
        "fontFamilyRef": "fontFamily.body",
        "fontWeight": "600",
        "fontStyle": "normal",
        "fontSize": "1.0625rem",
        "lineHeight": "1.5rem",
        "letterSpacing": "0.02em"
    },
    "screen-s.body.m.normal": {
        "fontFamilyRef": "fontFamily.body",
        "fontWeight": "400",
        "fontStyle": "normal",
        "fontSize": "0.9375rem",
        "lineHeight": "1.25rem",
        "letterSpacing": "normal"
    },
    "screen-s.body.m.bold": {
        "fontFamilyRef": "fontFamily.body",
        "fontWeight": "600",
        "fontStyle": "normal",
        "fontSize": "0.9375rem",
        "lineHeight": "1.25rem",
        "letterSpacing": "0.02em"
    },
    "screen-s.body.s.normal": {
        "fontFamilyRef": "fontFamily.body",
        "fontWeight": "400",
        "fontStyle": "normal",
        "fontSize": "0.8125rem",
        "lineHeight": "1.125rem",
        "letterSpacing": "normal"
    },
    "screen-s.body.s.bold": {
        "fontFamilyRef": "fontFamily.body",
        "fontWeight": "600",
        "fontStyle": "normal",
        "fontSize": "0.8125rem",
        "lineHeight": "1.125rem",
        "letterSpacing": "0.02em"
    },
    "screen-s.body.xs.normal": {
        "fontFamilyRef": "fontFamily.body",
        "fontWeight": "400",
        "fontStyle": "normal",
        "fontSize": "0.75rem",
        "lineHeight": "1rem",
        "letterSpacing": "normal"
    },
    "screen-s.body.xs.bold": {
        "fontFamilyRef": "fontFamily.body",
        "fontWeight": "600",
        "fontStyle": "normal",
        "fontSize": "0.75rem",
        "lineHeight": "1rem",
        "letterSpacing": "0.02em"
    },
    "screen-s.body.xxs.normal": {
        "fontFamilyRef": "fontFamily.body",
        "fontWeight": "400",
        "fontStyle": "normal",
        "fontSize": "0.625rem",
        "lineHeight": "0.75rem",
        "letterSpacing": "normal"
    },
    "screen-s.body.xxs.bold": {
        "fontFamilyRef": "fontFamily.body",
        "fontWeight": "600",
        "fontStyle": "normal",
        "fontSize": "0.625rem",
        "lineHeight": "0.75rem",
        "letterSpacing": "0.02em"
    },
    "screen-s.text.l.normal": {
        "fontFamilyRef": "fontFamily.text",
        "fontWeight": "400",
        "fontStyle": "normal",
        "fontSize": "1.125rem",
        "lineHeight": "1.75rem",
        "letterSpacing": "normal"
    },
    "screen-s.text.l.bold": {
        "fontFamilyRef": "fontFamily.text",
        "fontWeight": "600",
        "fontStyle": "normal",
        "fontSize": "1.125rem",
        "lineHeight": "1.75rem",
        "letterSpacing": "normal"
    },
    "screen-s.text.m.normal": {
        "fontFamilyRef": "fontFamily.text",
        "fontWeight": "400",
        "fontStyle": "normal",
        "fontSize": "1rem",
        "lineHeight": "1.5rem",
        "letterSpacing": "normal"
    },
    "screen-s.text.m.bold": {
        "fontFamilyRef": "fontFamily.text",
        "fontWeight": "600",
        "fontStyle": "normal",
        "fontSize": "1rem",
        "lineHeight": "1.5rem",
        "letterSpacing": "normal"
    },
    "screen-s.text.s.normal": {
        "fontFamilyRef": "fontFamily.text",
        "fontWeight": "400",
        "fontStyle": "normal",
        "fontSize": "0.875rem",
        "lineHeight": "1.25rem",
        "letterSpacing": "normal"
    },
    "screen-s.text.s.bold": {
        "fontFamilyRef": "fontFamily.text",
        "fontWeight": "600",
        "fontStyle": "normal",
        "fontSize": "0.875rem",
        "lineHeight": "1.25rem",
        "letterSpacing": "normal"
    },
    "screen-s.text.xs.normal": {
        "fontFamilyRef": "fontFamily.text",
        "fontWeight": "400",
        "fontStyle": "normal",
        "fontSize": "0.75rem",
        "lineHeight": "1rem",
        "letterSpacing": "normal"
    },
    "screen-s.text.xs.bold": {
        "fontFamilyRef": "fontFamily.text",
        "fontWeight": "600",
        "fontStyle": "normal",
        "fontSize": "0.75rem",
        "lineHeight": "1rem",
        "letterSpacing": "normal"
    },
    "screen-s.display.l.medium": {
        "fontFamilyRef": "fontFamily.display",
        "fontWeight": "500",
        "fontStyle": "normal",
        "fontSize": "5.5rem",
        "lineHeight": "5.75rem",
        "letterSpacing": "normal"
    },
    "screen-s.display.m.medium": {
        "fontFamilyRef": "fontFamily.display",
        "fontWeight": "500",
        "fontStyle": "normal",
        "fontSize": "3.5rem",
        "lineHeight": "3.75rem",
        "letterSpacing": "normal"
    },
    "screen-s.display.s.medium": {
        "fontFamilyRef": "fontFamily.display",
        "fontWeight": "500",
        "fontStyle": "normal",
        "fontSize": "2.5rem",
        "lineHeight": "2.75rem",
        "letterSpacing": "normal"
    },
    "screen-s.header.h1.medium": {
        "fontFamilyRef": "fontFamily.header",
        "fontWeight": "500",
        "fontStyle": "normal",
        "fontSize": "2rem",
        "lineHeight": "2.5rem",
        "letterSpacing": "normal"
    },
    "screen-s.header.h2.medium": {
        "fontFamilyRef": "fontFamily.header",
        "fontWeight": "500",
        "fontStyle": "normal",
        "fontSize": "1.5rem",
        "lineHeight": "2rem",
        "letterSpacing": "normal"
    },
    "screen-s.header.h3.medium": {
        "fontFamilyRef": "fontFamily.header",
        "fontWeight": "500",
        "fontStyle": "normal",
        "fontSize": "1.25rem",
        "lineHeight": "1.625rem",
        "letterSpacing": "normal"
    },
    "screen-s.header.h4.medium": {
        "fontFamilyRef": "fontFamily.header",
        "fontWeight": "500",
        "fontStyle": "normal",
        "fontSize": "1.125rem",
        "lineHeight": "1.5rem",
        "letterSpacing": "normal"
    },
    "screen-s.header.h5.medium": {
        "fontFamilyRef": "fontFamily.header",
        "fontWeight": "500",
        "fontStyle": "normal",
        "fontSize": "0.9375rem",
        "lineHeight": "1.25rem",
        "letterSpacing": "normal"
    },
    "screen-s.body.l.medium": {
        "fontFamilyRef": "fontFamily.body",
        "fontWeight": "500",
        "fontStyle": "normal",
        "fontSize": "1.0625rem",
        "lineHeight": "1.5rem",
        "letterSpacing": "0.02em"
    },
    "screen-s.body.m.medium": {
        "fontFamilyRef": "fontFamily.body",
        "fontWeight": "500",
        "fontStyle": "normal",
        "fontSize": "0.9375rem",
        "lineHeight": "1.25rem",
        "letterSpacing": "0.02em"
    },
    "screen-s.body.s.medium": {
        "fontFamilyRef": "fontFamily.body",
        "fontWeight": "500",
        "fontStyle": "normal",
        "fontSize": "0.8125rem",
        "lineHeight": "1.125rem",
        "letterSpacing": "0.02em"
    },
    "screen-s.body.xs.medium": {
        "fontFamilyRef": "fontFamily.body",
        "fontWeight": "500",
        "fontStyle": "normal",
        "fontSize": "0.75rem",
        "lineHeight": "1rem",
        "letterSpacing": "0.02em"
    },
    "screen-s.body.xxs.medium": {
        "fontFamilyRef": "fontFamily.body",
        "fontWeight": "500",
        "fontStyle": "normal",
        "fontSize": "0.625rem",
        "lineHeight": "0.75rem",
        "letterSpacing": "0.02em"
    },
    "screen-s.text.l.medium": {
        "fontFamilyRef": "fontFamily.text",
        "fontWeight": "500",
        "fontStyle": "normal",
        "fontSize": "1.125rem",
        "lineHeight": "1.75rem",
        "letterSpacing": "normal"
    },
    "screen-s.text.m.medium": {
        "fontFamilyRef": "fontFamily.text",
        "fontWeight": "500",
        "fontStyle": "normal",
        "fontSize": "1rem",
        "lineHeight": "1.5rem",
        "letterSpacing": "normal"
    },
    "screen-s.text.s.medium": {
        "fontFamilyRef": "fontFamily.text",
        "fontWeight": "500",
        "fontStyle": "normal",
        "fontSize": "0.875rem",
        "lineHeight": "1.25rem",
        "letterSpacing": "normal"
    },
    "screen-s.text.xs.medium": {
        "fontFamilyRef": "fontFamily.text",
        "fontWeight": "500",
        "fontStyle": "normal",
        "fontSize": "0.75rem",
        "lineHeight": "1rem",
        "letterSpacing": "normal"
    },
    "screen-l.display.l.normal": {
        "fontFamilyRef": "fontFamily.display",
        "fontWeight": "400",
        "fontStyle": "normal",
        "fontSize": "8rem",
        "lineHeight": "8rem",
        "letterSpacing": "normal"
    },
    "screen-l.display.l.bold": {
        "fontFamilyRef": "fontFamily.display",
        "fontWeight": "700",
        "fontStyle": "normal",
        "fontSize": "8rem",
        "lineHeight": "8rem",
        "letterSpacing": "normal"
    },
    "screen-l.display.m.normal": {
        "fontFamilyRef": "fontFamily.display",
        "fontWeight": "400",
        "fontStyle": "normal",
        "fontSize": "5.5rem",
        "lineHeight": "5.75rem",
        "letterSpacing": "normal"
    },
    "screen-l.display.m.bold": {
        "fontFamilyRef": "fontFamily.display",
        "fontWeight": "700",
        "fontStyle": "normal",
        "fontSize": "5.5rem",
        "lineHeight": "5.75rem",
        "letterSpacing": "normal"
    },
    "screen-l.display.s.normal": {
        "fontFamilyRef": "fontFamily.display",
        "fontWeight": "400",
        "fontStyle": "normal",
        "fontSize": "4rem",
        "lineHeight": "4.25rem",
        "letterSpacing": "normal"
    },
    "screen-l.display.s.bold": {
        "fontFamilyRef": "fontFamily.display",
        "fontWeight": "700",
        "fontStyle": "normal",
        "fontSize": "4rem",
        "lineHeight": "4.25rem",
        "letterSpacing": "normal"
    },
    "screen-l.header.h1.normal": {
        "fontFamilyRef": "fontFamily.header",
        "fontWeight": "400",
        "fontStyle": "normal",
        "fontSize": "2.5rem",
        "lineHeight": "3rem",
        "letterSpacing": "normal"
    },
    "screen-l.header.h1.bold": {
        "fontFamilyRef": "fontFamily.header",
        "fontWeight": "700",
        "fontStyle": "normal",
        "fontSize": "2.5rem",
        "lineHeight": "3rem",
        "letterSpacing": "normal"
    },
    "screen-l.header.h2.normal": {
        "fontFamilyRef": "fontFamily.header",
        "fontWeight": "400",
        "fontStyle": "normal",
        "fontSize": "2rem",
        "lineHeight": "2.25rem",
        "letterSpacing": "normal"
    },
    "screen-l.header.h2.bold": {
        "fontFamilyRef": "fontFamily.header",
        "fontWeight": "700",
        "fontStyle": "normal",
        "fontSize": "2rem",
        "lineHeight": "2.25rem",
        "letterSpacing": "normal"
    },
    "screen-l.header.h3.normal": {
        "fontFamilyRef": "fontFamily.header",
        "fontWeight": "400",
        "fontStyle": "normal",
        "fontSize": "1.5rem",
        "lineHeight": "1.875rem",
        "letterSpacing": "normal"
    },
    "screen-l.header.h3.bold": {
        "fontFamilyRef": "fontFamily.header",
        "fontWeight": "700",
        "fontStyle": "normal",
        "fontSize": "1.5rem",
        "lineHeight": "1.875rem",
        "letterSpacing": "normal"
    },
    "screen-l.header.h4.normal": {
        "fontFamilyRef": "fontFamily.header",
        "fontWeight": "400",
        "fontStyle": "normal",
        "fontSize": "1.25rem",
        "lineHeight": "1.625rem",
        "letterSpacing": "normal"
    },
    "screen-l.header.h4.bold": {
        "fontFamilyRef": "fontFamily.header",
        "fontWeight": "700",
        "fontStyle": "normal",
        "fontSize": "1.25rem",
        "lineHeight": "1.625rem",
        "letterSpacing": "normal"
    },
    "screen-l.header.h5.normal": {
        "fontFamilyRef": "fontFamily.header",
        "fontWeight": "400",
        "fontStyle": "normal",
        "fontSize": "1.125rem",
        "lineHeight": "1.5rem",
        "letterSpacing": "normal"
    },
    "screen-l.header.h5.bold": {
        "fontFamilyRef": "fontFamily.header",
        "fontWeight": "700",
        "fontStyle": "normal",
        "fontSize": "1.125rem",
        "lineHeight": "1.5rem",
        "letterSpacing": "normal"
    },
    "screen-l.body.l.normal": {
        "fontFamilyRef": "fontFamily.body",
        "fontWeight": "400",
        "fontStyle": "normal",
        "fontSize": "1.125rem",
        "lineHeight": "1.5rem",
        "letterSpacing": "normal"
    },
    "screen-l.body.l.bold": {
        "fontFamilyRef": "fontFamily.body",
        "fontWeight": "600",
        "fontStyle": "normal",
        "fontSize": "1.125rem",
        "lineHeight": "1.5rem",
        "letterSpacing": "0.02em"
    },
    "screen-l.body.m.normal": {
        "fontFamilyRef": "fontFamily.body",
        "fontWeight": "400",
        "fontStyle": "normal",
        "fontSize": "1rem",
        "lineHeight": "1.25rem",
        "letterSpacing": "normal"
    },
    "screen-l.body.m.bold": {
        "fontFamilyRef": "fontFamily.body",
        "fontWeight": "600",
        "fontStyle": "normal",
        "fontSize": "1rem",
        "lineHeight": "1.25rem",
        "letterSpacing": "0.02em"
    },
    "screen-l.body.s.normal": {
        "fontFamilyRef": "fontFamily.body",
        "fontWeight": "400",
        "fontStyle": "normal",
        "fontSize": "0.875rem",
        "lineHeight": "1.125rem",
        "letterSpacing": "normal"
    },
    "screen-l.body.s.bold": {
        "fontFamilyRef": "fontFamily.body",
        "fontWeight": "600",
        "fontStyle": "normal",
        "fontSize": "0.875rem",
        "lineHeight": "1.125rem",
        "letterSpacing": "0.02em"
    },
    "screen-l.body.xs.normal": {
        "fontFamilyRef": "fontFamily.body",
        "fontWeight": "400",
        "fontStyle": "normal",
        "fontSize": "0.75rem",
        "lineHeight": "1rem",
        "letterSpacing": "normal"
    },
    "screen-l.body.xs.bold": {
        "fontFamilyRef": "fontFamily.body",
        "fontWeight": "600",
        "fontStyle": "normal",
        "fontSize": "0.75rem",
        "lineHeight": "1rem",
        "letterSpacing": "0.02em"
    },
    "screen-l.body.xxs.normal": {
        "fontFamilyRef": "fontFamily.body",
        "fontWeight": "400",
        "fontStyle": "normal",
        "fontSize": "0.625rem",
        "lineHeight": "0.75rem",
        "letterSpacing": "normal"
    },
    "screen-l.body.xxs.bold": {
        "fontFamilyRef": "fontFamily.body",
        "fontWeight": "600",
        "fontStyle": "normal",
        "fontSize": "0.625rem",
        "lineHeight": "0.75rem",
        "letterSpacing": "0.02em"
    },
    "screen-l.text.l.normal": {
        "fontFamilyRef": "fontFamily.text",
        "fontWeight": "400",
        "fontStyle": "normal",
        "fontSize": "1.5rem",
        "lineHeight": "2rem",
        "letterSpacing": "normal"
    },
    "screen-l.text.l.bold": {
        "fontFamilyRef": "fontFamily.text",
        "fontWeight": "600",
        "fontStyle": "normal",
        "fontSize": "1.5rem",
        "lineHeight": "2rem",
        "letterSpacing": "normal"
    },
    "screen-l.text.m.normal": {
        "fontFamilyRef": "fontFamily.text",
        "fontWeight": "400",
        "fontStyle": "normal",
        "fontSize": "1.125rem",
        "lineHeight": "1.625rem",
        "letterSpacing": "normal"
    },
    "screen-l.text.m.bold": {
        "fontFamilyRef": "fontFamily.text",
        "fontWeight": "600",
        "fontStyle": "normal",
        "fontSize": "1.125rem",
        "lineHeight": "1.625rem",
        "letterSpacing": "normal"
    },
    "screen-l.text.s.normal": {
        "fontFamilyRef": "fontFamily.text",
        "fontWeight": "400",
        "fontStyle": "normal",
        "fontSize": "0.875rem",
        "lineHeight": "1.25rem",
        "letterSpacing": "normal"
    },
    "screen-l.text.s.bold": {
        "fontFamilyRef": "fontFamily.text",
        "fontWeight": "600",
        "fontStyle": "normal",
        "fontSize": "0.875rem",
        "lineHeight": "1.25rem",
        "letterSpacing": "normal"
    },
    "screen-l.text.xs.normal": {
        "fontFamilyRef": "fontFamily.text",
        "fontWeight": "400",
        "fontStyle": "normal",
        "fontSize": "0.75rem",
        "lineHeight": "1rem",
        "letterSpacing": "normal"
    },
    "screen-l.text.xs.bold": {
        "fontFamilyRef": "fontFamily.text",
        "fontWeight": "600",
        "fontStyle": "normal",
        "fontSize": "0.75rem",
        "lineHeight": "1rem",
        "letterSpacing": "normal"
    },
    "screen-l.display.l.medium": {
        "fontFamilyRef": "fontFamily.display",
        "fontWeight": "500",
        "fontStyle": "normal",
        "fontSize": "8rem",
        "lineHeight": "8rem",
        "letterSpacing": "normal"
    },
    "screen-l.display.m.medium": {
        "fontFamilyRef": "fontFamily.display",
        "fontWeight": "500",
        "fontStyle": "normal",
        "fontSize": "5.5rem",
        "lineHeight": "5.75rem",
        "letterSpacing": "normal"
    },
    "screen-l.display.s.medium": {
        "fontFamilyRef": "fontFamily.display",
        "fontWeight": "500",
        "fontStyle": "normal",
        "fontSize": "4rem",
        "lineHeight": "4.25rem",
        "letterSpacing": "normal"
    },
    "screen-l.header.h1.medium": {
        "fontFamilyRef": "fontFamily.header",
        "fontWeight": "500",
        "fontStyle": "normal",
        "fontSize": "2.5rem",
        "lineHeight": "3rem",
        "letterSpacing": "normal"
    },
    "screen-l.header.h2.medium": {
        "fontFamilyRef": "fontFamily.header",
        "fontWeight": "500",
        "fontStyle": "normal",
        "fontSize": "2rem",
        "lineHeight": "2.25rem",
        "letterSpacing": "normal"
    },
    "screen-l.header.h3.medium": {
        "fontFamilyRef": "fontFamily.header",
        "fontWeight": "500",
        "fontStyle": "normal",
        "fontSize": "1.5rem",
        "lineHeight": "1.875rem",
        "letterSpacing": "normal"
    },
    "screen-l.header.h4.medium": {
        "fontFamilyRef": "fontFamily.header",
        "fontWeight": "500",
        "fontStyle": "normal",
        "fontSize": "1.25rem",
        "lineHeight": "1.625rem",
        "letterSpacing": "normal"
    },
    "screen-l.header.h5.medium": {
        "fontFamilyRef": "fontFamily.header",
        "fontWeight": "500",
        "fontStyle": "normal",
        "fontSize": "1.125rem",
        "lineHeight": "1.5rem",
        "letterSpacing": "normal"
    },
    "screen-l.body.l.medium": {
        "fontFamilyRef": "fontFamily.body",
        "fontWeight": "500",
        "fontStyle": "normal",
        "fontSize": "1.125rem",
        "lineHeight": "1.5rem",
        "letterSpacing": "0.02em"
    },
    "screen-l.body.m.medium": {
        "fontFamilyRef": "fontFamily.body",
        "fontWeight": "500",
        "fontStyle": "normal",
        "fontSize": "1rem",
        "lineHeight": "1.25rem",
        "letterSpacing": "0.02em"
    },
    "screen-l.body.s.medium": {
        "fontFamilyRef": "fontFamily.body",
        "fontWeight": "500",
        "fontStyle": "normal",
        "fontSize": "0.875rem",
        "lineHeight": "1.125rem",
        "letterSpacing": "0.02em"
    },
    "screen-l.body.xs.medium": {
        "fontFamilyRef": "fontFamily.body",
        "fontWeight": "500",
        "fontStyle": "normal",
        "fontSize": "0.75rem",
        "lineHeight": "1rem",
        "letterSpacing": "0.02em"
    },
    "screen-l.body.xxs.medium": {
        "fontFamilyRef": "fontFamily.body",
        "fontWeight": "500",
        "fontStyle": "normal",
        "fontSize": "0.625rem",
        "lineHeight": "0.75rem",
        "letterSpacing": "0.02em"
    },
    "screen-l.text.l.medium": {
        "fontFamilyRef": "fontFamily.text",
        "fontWeight": "500",
        "fontStyle": "normal",
        "fontSize": "1.5rem",
        "lineHeight": "2rem",
        "letterSpacing": "normal"
    },
    "screen-l.text.m.medium": {
        "fontFamilyRef": "fontFamily.text",
        "fontWeight": "500",
        "fontStyle": "normal",
        "fontSize": "1.125rem",
        "lineHeight": "1.625rem",
        "letterSpacing": "normal"
    },
    "screen-l.text.s.medium": {
        "fontFamilyRef": "fontFamily.text",
        "fontWeight": "500",
        "fontStyle": "normal",
        "fontSize": "0.875rem",
        "lineHeight": "1.25rem",
        "letterSpacing": "normal"
    },
    "screen-l.text.xs.medium": {
        "fontFamilyRef": "fontFamily.text",
        "fontWeight": "500",
        "fontStyle": "normal",
        "fontSize": "0.75rem",
        "lineHeight": "1rem",
        "letterSpacing": "normal"
    }
}