{
    "props": {
        "progressPlacement": {
            "type": "value",
            "value": "outer"
        },
        "actionPlacement": {
            "type": "value",
            "value": "end"
        },
        "bottomContentPadding": {
            "type": "dimension",
            "value": 8
        },
        "descriptionPadding": {
            "type": "dimension",
            "value": 2
        },
        "labelColor": {
            "type": "color",
            "default": "text.default.primary",
            "states": [
                {
                    "state": [
                        "hovered"
                    ],
                    "value": "text.default.primary-hover"
                },
                {
                    "state": [
                        "pressed"
                    ],
                    "value": "text.default.primary-active"
                }
            ]
        },
        "iconColor": {
            "type": "color",
            "default": "text.default.primary",
            "states": [
                {
                    "state": [
                        "hovered"
                    ],
                    "value": "text.default.primary-hover"
                },
                {
                    "state": [
                        "pressed"
                    ],
                    "value": "text.default.primary-active"
                }
            ]
        },
        "actionButtonStyle": {
            "type": "component_style",
            "value": "icon-buttton.xs.clear"
        }
    },
    "view": {
        "default": {
            "props": {
                "descriptionColor": {
                    "type": "color",
                    "default": "text.default.secondary",
                    "states": [
                        {
                            "state": [
                                "hovered"
                            ],
                            "value": "text.default.secondary-hover"
                        },
                        {
                            "state": [
                                "pressed"
                            ],
                            "value": "text.default.secondary-active"
                        }
                    ]
                }
            }
        },
        "negative": {
            "props": {
                "descriptionColor": {
                    "type": "color",
                    "default": "text.default.negative",
                    "states": [
                        {
                            "state": [
                                "hovered"
                            ],
                            "value": "text.default.negative-hover"
                        },
                        {
                            "state": [
                                "pressed"
                            ],
                            "value": "text.default.negative-active"
                        }
                    ]
                }
            }
        }
    },
    "variations": [
        {
            "id": "xs",
            "parent": null,
            "view": {
                "default": {
                    "props": {
                        "progressBarStyle": {
                            "type": "component_style",
                            "value": "progress-bar.default"
                        }
                    }
                },
                "negative": {
                    "props": {
                        "progressBarStyle": {
                            "type": "component_style",
                            "value": "progress-bar.negative"
                        }
                    }
                }
            },
            "props": {
                "startContentPadding": {
                    "type": "dimension",
                    "value": 6
                },
                "endContentPadding": {
                    "type": "dimension",
                    "value": 6
                },
                "labelStyle": {
                    "type": "typography",
                    "value": "body.xs.normal"
                },
                "descriptionStyle": {
                    "type": "typography",
                    "value": "body.xs.normal"
                }
            }
        },
        {
            "id": "s",
            "parent": null,
            "view": {
                "default": {
                    "props": {
                        "progressBarStyle": {
                            "type": "component_style",
                            "value": "progress-bar.default"
                        }
                    }
                },
                "negative": {
                    "props": {
                        "progressBarStyle": {
                            "type": "component_style",
                            "value": "progress-bar.negative"
                        }
                    }
                }
            },
            "props": {
                "startContentPadding": {
                    "type": "dimension",
                    "value": 8
                },
                "endContentPadding": {
                    "type": "dimension",
                    "value": 8
                },
                "labelStyle": {
                    "type": "typography",
                    "value": "body.s.normal"
                },
                "descriptionStyle": {
                    "type": "typography",
                    "value": "body.xs.normal"
                }
            }
        },
        {
            "id": "m",
            "parent": null,
            "view": {
                "default": {
                    "props": {
                        "progressBarStyle": {
                            "type": "component_style",
                            "value": "progress-bar.default"
                        }
                    }
                },
                "negative": {
                    "props": {
                        "progressBarStyle": {
                            "type": "component_style",
                            "value": "progress-bar.negative"
                        }
                    }
                }
            },
            "props": {
                "startContentPadding": {
                    "type": "dimension",
                    "value": 10
                },
                "endContentPadding": {
                    "type": "dimension",
                    "value": 10
                },
                "labelStyle": {
                    "type": "typography",
                    "value": "body.m.normal"
                },
                "descriptionStyle": {
                    "type": "typography",
                    "value": "body.xs.normal"
                }
            }
        },
        {
            "id": "l",
            "parent": null,
            "view": {
                "default": {
                    "props": {
                        "progressBarStyle": {
                            "type": "component_style",
                            "value": "progress-bar.default"
                        }
                    }
                },
                "negative": {
                    "props": {
                        "progressBarStyle": {
                            "type": "component_style",
                            "value": "progress-bar.negative"
                        }
                    }
                }
            },
            "props": {
                "startContentPadding": {
                    "type": "dimension",
                    "value": 12
                },
                "endContentPadding": {
                    "type": "dimension",
                    "value": 12
                },
                "labelStyle": {
                    "type": "typography",
                    "value": "body.l.normal"
                },
                "descriptionStyle": {
                    "type": "typography",
                    "value": "body.xs.normal"
                }
            }
        }
    ]
}