{
    "props": {
        "backgroundColor": {
            "type": "color",
            "default": "surface.default.solid-card"
        },
        "textColor": {
            "type": "color",
            "default": "text.default.primary"
        },
        "contentStartColor": {
            "type": "color",
            "default": "text.default.secondary"
        },
        "contentStartSize": {
            "type": "dimension",
            "value": 16
        },
        "shadow": {
            "type": "shadow",
            "value": "down.hard.m"
        }
    },
    "variations": [
        {
            "id": "m",
            "parent": null,
            "props": {
                "shape": {
                    "type": "shape",
                    "value": "round.m",
                    "adjustment": -2
                },
                "tailPadding": {
                    "type": "dimension",
                    "value": 10
                },
                "tailWidth": {
                    "type": "dimension",
                    "value": 20
                },
                "tailHeight": {
                    "type": "dimension",
                    "value": 8
                },
                "offset": {
                    "type": "dimension",
                    "value": 8
                },
                "contentStartPadding": {
                    "type": "dimension",
                    "value": 6
                },
                "textStyle": {
                    "type": "typography",
                    "value": "body.s.normal"
                },
                "paddingStart": {
                    "type": "dimension",
                    "value": 14
                },
                "paddingEnd": {
                    "type": "dimension",
                    "value": 14
                },
                "paddingTop": {
                    "type": "dimension",
                    "value": 11
                },
                "paddingBottom": {
                    "type": "dimension",
                    "value": 11
                }
            }
        },
        {
            "id": "s",
            "parent": null,
            "props": {
                "shape": {
                    "type": "shape",
                    "value": "round.s"
                },
                "tailPadding": {
                    "type": "dimension",
                    "value": 9
                },
                "tailWidth": {
                    "type": "dimension",
                    "value": 14
                },
                "tailHeight": {
                    "type": "dimension",
                    "value": 6
                },
                "offset": {
                    "type": "dimension",
                    "value": 6
                },
                "contentStartPadding": {
                    "type": "dimension",
                    "value": 4
                },
                "textStyle": {
                    "type": "typography",
                    "value": "body.xs.normal"
                },
                "paddingStart": {
                    "type": "dimension",
                    "value": 12
                },
                "paddingEnd": {
                    "type": "dimension",
                    "value": 12
                },
                "paddingTop": {
                    "type": "dimension",
                    "value": 8
                },
                "paddingBottom": {
                    "type": "dimension",
                    "value": 8
                }
            }
        }
    ]
}