{
    "display": {
        "name": "SB Sans Display",
        "fonts": [
            {
                "link": "https://cdn-app.sberdevices.ru/shared-static/0.0.0/fonts/SBSansDisplay.0.2.0/SBSansDisplay-Thin.otf",
                "fontWeight": "100",
                "fontStyle": "normal"
            },
            {
                "link": "https://cdn-app.sberdevices.ru/shared-static/0.0.0/fonts/SBSansDisplay.0.2.0/SBSansDisplay-Bold.otf",
                "fontWeight": "600",
                "fontStyle": "normal"
            },
            {
                "link": "https://cdn-app.sberdevices.ru/shared-static/0.0.0/fonts/SBSansDisplay.0.2.0/SBSansDisplay-Regular.otf",
                "fontWeight": "400",
                "fontStyle": "normal"
            },
            {
                "link": "https://cdn-app.sberdevices.ru/shared-static/0.0.0/fonts/SBSansDisplay.0.2.0/SBSansDisplay-Semibold.otf",
                "fontWeight": "600",
                "fontStyle": "normal"
            },
            {
                "link": "https://cdn-app.sberdevices.ru/shared-static/0.0.0/fonts/SBSansDisplay.0.2.0/SBSansDisplay-Medium.otf",
                "fontWeight": "500",
                "fontStyle": "normal"
            }
        ]
    },
    "header": {
        "name": "SB Sans Display",
        "fonts": [
            {
                "link": "https://cdn-app.sberdevices.ru/shared-static/0.0.0/fonts/SBSansDisplay.0.2.0/SBSansDisplay-Thin.otf",
                "fontWeight": "100",
                "fontStyle": "normal"
            },
            {
                "link": "https://cdn-app.sberdevices.ru/shared-static/0.0.0/fonts/SBSansDisplay.0.2.0/SBSansDisplay-Bold.otf",
                "fontWeight": "600",
                "fontStyle": "normal"
            },
            {
                "link": "https://cdn-app.sberdevices.ru/shared-static/0.0.0/fonts/SBSansDisplay.0.2.0/SBSansDisplay-Regular.otf",
                "fontWeight": "400",
                "fontStyle": "normal"
            },
            {
                "link": "https://cdn-app.sberdevices.ru/shared-static/0.0.0/fonts/SBSansDisplay.0.2.0/SBSansDisplay-Semibold.otf",
                "fontWeight": "600",
                "fontStyle": "normal"
            },
            {
                "link": "https://cdn-app.sberdevices.ru/shared-static/0.0.0/fonts/SBSansDisplay.0.2.0/SBSansDisplay-Medium.otf",
                "fontWeight": "500",
                "fontStyle": "normal"
            }
        ]
    },
    "text": {
        "name": "SB Sans Text",
        "fonts": [
            {
                "link": "https://cdn-app.sberdevices.ru/shared-static/0.0.0/fonts/SBSansText.0.2.0/SBSansText-Light.otf",
                "fontWeight": "300",
                "fontStyle": "normal"
            },
            {
                "link": "https://cdn-app.sberdevices.ru/shared-static/0.0.0/fonts/SBSansText.0.2.0/SBSansText-Italic.otf",
                "fontWeight": "400",
                "fontStyle": "italic"
            },
            {
                "link": "https://cdn-app.sberdevices.ru/shared-static/0.0.0/fonts/SBSansText.0.2.0/SBSansText-SemiboldItalic.otf",
                "fontWeight": "600",
                "fontStyle": "italic"
            },
            {
                "link": "https://cdn-app.sberdevices.ru/shared-static/0.0.0/fonts/SBSansText.0.2.0/SBSansText-Thin.otf",
                "fontWeight": "100",
                "fontStyle": "normal"
            },
            {
                "link": "https://cdn-app.sberdevices.ru/shared-static/0.0.0/fonts/SBSansText.0.2.0/SBSansText-Regular.otf",
                "fontWeight": "400",
                "fontStyle": "normal"
            },
            {
                "link": "https://cdn-app.sberdevices.ru/shared-static/0.0.0/fonts/SBSansText.0.2.0/SBSansText-Semibold.otf",
                "fontWeight": "600",
                "fontStyle": "normal"
            },
            {
                "link": "https://cdn-app.sberdevices.ru/shared-static/0.0.0/fonts/SBSansText.0.2.0/SBSansText-LightItalic.otf",
                "fontWeight": "300",
                "fontStyle": "italic"
            },
            {
                "link": "https://cdn-app.sberdevices.ru/shared-static/0.0.0/fonts/SBSansText.0.2.0/SBSansText-Bold.otf",
                "fontWeight": "600",
                "fontStyle": "normal"
            },
            {
                "link": "https://cdn-app.sberdevices.ru/shared-static/0.0.0/fonts/SBSansText.0.2.0/SBSansText-BoldItalic.otf",
                "fontWeight": "600",
                "fontStyle": "italic"
            },
            {
                "link": "https://cdn-app.sberdevices.ru/shared-static/0.0.0/fonts/SBSansText.0.2.0/SBSansText-Medium.otf",
                "fontWeight": "500",
                "fontStyle": "normal"
            }
        ]
    },
    "body": {
        "name": "SB Sans Text",
        "fonts": [
            {
                "link": "https://cdn-app.sberdevices.ru/shared-static/0.0.0/fonts/SBSansText.0.2.0/SBSansText-Light.otf",
                "fontWeight": "300",
                "fontStyle": "normal"
            },
            {
                "link": "https://cdn-app.sberdevices.ru/shared-static/0.0.0/fonts/SBSansText.0.2.0/SBSansText-Italic.otf",
                "fontWeight": "400",
                "fontStyle": "italic"
            },
            {
                "link": "https://cdn-app.sberdevices.ru/shared-static/0.0.0/fonts/SBSansText.0.2.0/SBSansText-SemiboldItalic.otf",
                "fontWeight": "600",
                "fontStyle": "italic"
            },
            {
                "link": "https://cdn-app.sberdevices.ru/shared-static/0.0.0/fonts/SBSansText.0.2.0/SBSansText-Thin.otf",
                "fontWeight": "100",
                "fontStyle": "normal"
            },
            {
                "link": "https://cdn-app.sberdevices.ru/shared-static/0.0.0/fonts/SBSansText.0.2.0/SBSansText-Regular.otf",
                "fontWeight": "400",
                "fontStyle": "normal"
            },
            {
                "link": "https://cdn-app.sberdevices.ru/shared-static/0.0.0/fonts/SBSansText.0.2.0/SBSansText-Semibold.otf",
                "fontWeight": "600",
                "fontStyle": "normal"
            },
            {
                "link": "https://cdn-app.sberdevices.ru/shared-static/0.0.0/fonts/SBSansText.0.2.0/SBSansText-LightItalic.otf",
                "fontWeight": "300",
                "fontStyle": "italic"
            },
            {
                "link": "https://cdn-app.sberdevices.ru/shared-static/0.0.0/fonts/SBSansText.0.2.0/SBSansText-Bold.otf",
                "fontWeight": "600",
                "fontStyle": "normal"
            },
            {
                "link": "https://cdn-app.sberdevices.ru/shared-static/0.0.0/fonts/SBSansText.0.2.0/SBSansText-BoldItalic.otf",
                "fontWeight": "600",
                "fontStyle": "italic"
            },
            {
                "link": "https://cdn-app.sberdevices.ru/shared-static/0.0.0/fonts/SBSansText.0.2.0/SBSansText-Medium.otf",
                "fontWeight": "500",
                "fontStyle": "normal"
            }
        ]
    }
}